Al,B,Ba,Bi,Ca,Ce,Co,Cr,Cs,Cu,Fe,K,La,Li,Mg,Mn,Mo,Na,Nb,Nd,Ni,P,Rb,S,Sb,Si,Sn,Sr,Te,Ti,V,W,Zn,Zr,Ac_source,Fa_source,Stabilizer,Ratio_Ac_Fa,Ratio_Stab_Fa,O_content,LHSV_mlhg,Temperature_K,Pressure_bar,Y_Acryl_Ac,Y_Acryl_Fa,doi,Link_to_excel,Year,SSA_m2g,Ac_mmolming,Fa_mmolming,MeOH_mmolming,Water_mmolming,STY_Acryl_mmolhg,Cluster_n,Cluster_title,av_cov_rad,av_n_val,var_cov_rad,var_n_val,var_pca,STY0,n
0.0,0.0,0.0,0.0,0.0,0.0,0.0,0.0,0.0,0.0,0.0,0.0,0.0,0.0,0.0,0.0,0.0,0.0,0.0,0.0,0.0,0.5121951219512195,0.0,0.0,0.0,0.0,0.0,0.0,0.0,0.0,0.4878048780487804,0.0,0.0,0.0,HAc,FORM,"MeOH 
+ H$_2$O",2.5,2.5813119264746045,0.03,0.4433333333333333,633,1,0.3368,0.842,101016jjcat201904032,1,2019,7.5,0.0849544079069042,0.0339817631627617,0.0111905224222344,0.0765270081124376,1.7167586749827215,0,P-V-Ti,129.4390243902439,5.0,528.6853063652587,0.0,-0.2133352906429726,1.6941828172297853,0.002232801032930994
0.0,0.0,0.0,0.0,0.0,0.0,0.0,0.0,0.0,0.0,0.0,0.0,0.0,0.0,0.0,0.0,0.0,0.0,0.0,0.0,0.0,0.133847072637405,0.0,0.0,0.0,0.7323058547251898,0.0,0.0,0.0,0.0,0.133847072637405,0.0,0.0,0.0,HAc,FORM,"MeOH 
+ H$_2$O",3.0,2.5813119264746054,0.045,0.44,633,1,0.2795,0.8385,101038s41598019531808,1,2019,87.0,0.0894192160856169,0.0298064053618723,0.0098155368198715,0.067124092826066,1.4995602537557955,0,P-V-Ti,130.0,5.0,529.0,0.0,-0.2129912619805288,1.2794909662007472,0.0025323180909210654
0.0,0.0,0.0,0.0,0.0,0.0,0.0,0.0,0.0,0.0,0.0,0.0,0.0,0.0,0.0,0.0,0.0,0.0,0.0,0.0,0.0,0.5,0.0,0.0,0.0,0.0,0.0,0.0,0.0,0.0,0.4999999999999999,0.0,0.0,0.0,HAc,FORM,"MeOH 
+ H$_2$O",2.5,2.581311926474605,0.039,1.3333333333333333,633,1,0.159,0.3975,101039c9cc08700a,UnsupportedVPO,2020,30.0,0.2555019786673813,0.1022007914669525,0.033655706533036,0.2301564153757525,2.437488876486817,0,P-V-Ti,130.0,5.0,529.0,0.0,-0.2129912619805288,2.385665621352207,0.0010197051094221806
0.0,0.0,0.0,0.0,0.0,0.0,0.0,0.0,0.0,0.0,0.0,0.0,0.0,0.0,0.0,0.0,0.0,0.0,0.0,0.0,0.0,0.133847072637405,0.0,0.0,0.0,0.7323058547251898,0.0,0.0,0.0,0.0,0.133847072637405,0.0,0.0,0.0,HAc,FORM,"MeOH 
+ H$_2$O",2.5,2.581311926474605,0.039,1.3333333333333333,633,1,0.188,0.47,101039c9cc08700a,33%VPO-MCF,2020,87.0,0.2555019786673813,0.1022007914669525,0.033655706533036,0.2301564153757525,2.882062319368061,0,P-V-Ti,130.0,5.0,529.0,0.0,-0.2129912619805288,2.88133361053542,0.012658058629423213
0.0,0.0,0.0,0.0,0.0,0.0,0.0,0.0,0.0,0.0,0.0,0.0,0.0,0.0,0.0,0.0,0.0,0.0,0.0,0.0,0.0,0.133847072637405,0.0,0.0,0.0,0.7323058547251898,0.0,0.0,0.0,0.0,0.133847072637405,0.0,0.0,0.0,HAc,FORM,"MeOH 
+ H$_2$O",2.5,2.581311926474605,0.039,1.3333333333333333,633,1,0.204,0.51,101039c9cc08700a,33%VPO-SilicaHP,2020,111.00553910736843,0.2555019786673813,0.1022007914669525,0.033655706533036,0.2301564153757525,3.1273442188887466,0,P-V-Ti,130.0,5.0,529.0,0.0,-0.2129912619805288,3.171928662816303,0.007937246973983448
0.0,0.0,0.0,0.0,0.0,0.0,0.0,0.0,0.0,0.0,0.0,0.0,0.0,0.0,0.0,0.0,0.0,0.0,0.0,0.0,0.0,0.5,0.0,0.0,0.0,0.0,0.0,0.0,0.0,0.0,0.4999999999999999,0.0,0.0,0.0,HAc,FORM,"MeOH 
+ H$_2$O",2.5,2.581311926474605,0.039,1.3333333333333333,633,1,0.212,0.53,101039c9cc08700a,gammaVPO-deltaVPO-3-1,2020,15.0,0.2555019786673813,0.1022007914669525,0.033655706533036,0.2301564153757525,3.24998516864909,0,P-V-Ti,130.0,5.0,529.0,0.0,-0.2129912619805288,3.197913915695833,0.016885063133741475
0.0,0.0,0.0,0.0,0.0,0.0,0.0,0.0,0.0,0.0,0.0,0.0,0.0,0.0,0.0,0.0,0.0,0.0,0.0,0.0,0.0,0.1015775924799303,0.0,0.0,0.0,0.0,0.0,0.0,0.0,0.8016818432534694,0.0967405642666003,0.0,0.0,0.0,HAc,FORM,"MeOH 
+ H$_2$O",2.5,2.5813119264746045,0.03,0.4433333333333333,633,1,0.2845499999999999,0.7113749999999999,101021acssuschemeng0c05916,1,2020,4.0,0.0849544079069042,0.0339817631627617,0.0111905224222344,0.0765270081124376,1.4504266061945768,0,P-V-Ti,153.9392036486975,4.198318156746531,253.33849251322584,0.1589880654511891,-0.3203875721758073,1.4090396416377826,0.0005279303329080948
0.0,0.0,0.0,0.0,0.0,0.0,0.0,0.0,0.0,0.0,0.0,0.0,0.0,0.0,0.0,0.0,0.0,0.0,0.0447511737987761,0.0,0.0,0.1078383854360289,0.0,0.0,0.0,0.0,0.0,0.0,0.0,0.7447072165404055,0.1027032242247894,0.0,0.0,0.0,HAc,FORM,"MeOH 
+ H$_2$O",2.5,2.581311926474605,0.03,1.3333333333333333,633,1,0.2510936,0.627734,101039d2ra06960a,V-Ti-Nb,2023,6.532992501971227,0.2555019786673813,0.1022007914669525,0.033655706533036,0.2301564153757525,3.84929469784296,0,P-V-Ti,153.74464769751205,4.255292783459595,269.537069029359,0.190118378173047,-0.2647007442649957,3.716067909804059,0.000989628953319133
0.0,0.0,0.0,0.0,0.0,0.0,0.0,0.0,0.0,0.0,0.0,0.0,0.0,0.0,0.0,0.0,0.0414603541786402,0.0,0.0,0.0,0.0,0.1082098872530035,0.0,0.0,0.0,0.0,0.0,0.0,0.0,0.7472727230893051,0.103057035479051,0.0,0.0,0.0,HAc,FORM,"MeOH 
+ H$_2$O",2.5,2.581311926474605,0.03,1.3333333333333333,633,1,0.2314884,0.578721,101039d2ra06960a,V-Ti-Mo,2023,6.423710884896715,0.2555019786673813,0.1022007914669525,0.033655706533036,0.2301564153757525,3.548744654312774,0,P-V-Ti,153.29471460216564,4.294187631089335,265.54308851618043,0.2905619771606607,-0.146528182212916,3.2922186151945168,0.004845603670439091
0.0,0.0,0.0,0.0,0.0,0.0,0.0,0.0,0.0,0.0,0.0,0.0,0.0,0.0,0.0,0.0,0.0,0.0,0.0,0.0,0.0,0.1099378604615934,0.0,0.0,0.0,0.0,0.0,0.0,0.0,0.7592057107098282,0.1047027242491366,0.0261537045794417,0.0,0.0,HAc,FORM,"MeOH 
+ H$_2$O",2.5,2.581311926474605,0.03,1.3333333333333333,633,1,0.1822952199999999,0.4557380499999999,101039d2ra06960a,V-Ti-W,2023,5.903980961578366,0.2555019786673813,0.1022007914669525,0.033655706533036,0.2301564153757525,2.794607364696334,0,P-V-Ti,153.49268173495048,4.266947993869614,271.7053073404942,0.2479941715974856,-0.1917232670943207,2.6350589442401766,0.0021347024839969853
0.0,0.0,0.0,0.0260288539352753,0.0,0.0,0.0,0.0,0.0,0.0,0.0,0.0,0.0,0.0,0.0,0.0,0.0,0.0,0.0,0.0,0.0,0.109951954895963,0.0,0.0,0.0,0.0,0.0,0.0,0.0,0.7593030436487969,0.1047161475199648,0.0,0.0,0.0,HAc,FORM,"MeOH 
+ H$_2$O",2.5,2.581311926474605,0.03,1.3333333333333333,633,1,0.1463668799999999,0.3659171999999999,101039d2ra06960a,V-Ti-Bi,2023,5.8996475341554335,0.2555019786673813,0.1022007914669525,0.033655706533036,0.2301564153757525,2.2438216470822687,0,P-V-Ti,153.12718711065088,4.240696956351203,270.4987304859149,0.1827619315544701,-0.2726241325184517,2.038242623745539,0.005683927755626487
0.0,0.0,0.0,0.0,0.0,0.0,0.0,0.0,0.0,0.0,0.0,0.0,0.0,0.0,0.0,0.0,0.0,0.0,0.0,0.0,0.0,0.133847072637405,0.0,0.0,0.0,0.7323058547251898,0.0,0.0,0.0,0.0,0.133847072637405,0.0,0.0,0.0,HAc,FORM,"MeOH 
+ H$_2$O",2.5,2.5813119264746045,0.03,0.4433333333333333,633,1,0.2290287999999999,0.572572,101039d3nj00221g,VPO-MCF,2023,263.61147199710695,0.0849544079069042,0.0339817631627617,0.0111905224222344,0.0765270081124376,1.1674203658577278,0,P-V-Ti,130.0,5.0,529.0,0.0,-0.2129912619805288,1.0163097960645902,0.005854500985014675
0.0,0.0,0.0,0.0,0.0,0.0,0.0,0.0,0.0,0.0,0.0,0.0,0.0,0.0,0.0,0.0,0.0,0.0,0.0,0.0,0.0,0.1015775924799303,0.0,0.0,0.0,0.0,0.0,0.0,0.0,0.8016818432534694,0.0967405642666003,0.0,0.0,0.0,HAc,FORM,"MeOH 
+ H$_2$O",2.5,2.5813119264746045,0.03,0.4433333333333333,633,1,0.245156,0.6128900000000002,101039d3nj00221g,UnModifiedV-Ti,2023,4.000006315672895,0.0849544079069042,0.0339817631627617,0.0111905224222344,0.0765270081124376,1.249624969489502,0,P-V-Ti,153.9392036486975,4.198318156746531,253.33849251322584,0.1589880654511891,-0.3203875721758073,1.1462020231473877,0.002095620087380239
0.0,0.0,0.0,0.0,0.0,0.0,0.0,0.0,0.0,0.0,0.0,0.0,0.0,0.0,0.0,0.0,0.0,0.0,0.0,0.0,0.0,0.1022903000348021,0.0,0.0,0.0,0.0938969584445408,0.0,0.0,0.0,0.7063934081541788,0.0974193333664782,0.0,0.0,0.0,HAc,FORM,"MeOH 
+ H$_2$O",2.5,2.5813119264746045,0.03,0.4433333333333333,633,1,0.24657582,0.61643955,101039d3nj00221g,AllylSi-V-Ti,2023,7.900054085716734,0.0849544079069042,0.0339817631627617,0.0111905224222344,0.0765270081124376,1.2568621675355645,0,P-V-Ti,153.26420842277207,4.2204049917528685,277.0063545215062,0.1718266313632866,-0.2788506941662721,1.253970695290535,0.0009677013400140276
0.0,0.0,0.0,0.0,0.0,0.0,0.0,0.0,0.0,0.0,0.0,0.0,0.0,0.0,0.0,0.0,0.0,0.0,0.0,0.0,0.0,0.1022903000348021,0.0,0.0,0.0,0.0938969584445408,0.0,0.0,0.0,0.7063934081541788,0.0974193333664782,0.0,0.0,0.0,HAc,FORM,"MeOH 
+ H$_2$O",2.5,2.5813119264746045,0.03,0.4433333333333333,633,1,0.3349959999999999,0.8374899999999998,101039d3nj00221g,Glycosidil-Si-V-Ti,2023,7.900054085716734,0.0849544079069042,0.0339817631627617,0.0111905224222344,0.0765270081124376,1.7075632098708782,0,P-V-Ti,153.26420842277207,4.2204049917528685,277.0063545215062,0.1718266313632866,-0.2788506941662721,1.6497608811809295,8.981269206325535e-05
0.0,0.0,0.0,0.0,0.0,0.0,0.0,0.0,0.0,0.0,0.0,0.0,0.0,0.0,0.0,0.0,0.0,0.0,0.0,0.0,0.0,0.133847072637405,0.0,0.0,0.0,0.7323058547251898,0.0,0.0,0.0,0.0,0.133847072637405,0.0,0.0,0.0,HAc,FORM,"MeOH 
+ H$_2$O",2.5,2.581311926474605,0.1,2.6666666666666665,633,1,0.175812,0.43953,102139ssrn4741336,1,2024,79.90701337414794,0.5110039573347626,0.204401582933905,0.0673114130660721,0.460312830751505,5.390437664816356,0,P-V-Ti,130.0,5.0,529.0,0.0,-0.2129912619805288,6.374510731002276,3.116454794027892e-17
0.0,0.0,0.0,0.0,0.0,0.0,0.0,0.0,0.0,0.0,0.0,0.0,0.0,0.0,0.0,0.0,0.0,0.0,0.0,0.0,0.0,0.0704626346521857,0.0,0.0,0.0,0.90811580458234,0.0,0.0,0.0,0.0,0.0214215607654744,0.0,0.0,0.0,HAc,FORM,"MeOH 
+ H$_2$O",10.0,2.5813119264746045,0.0,2.0,643,1,0.0219,0.219,101021acsiecr5b01422,1,2015,282.2,0.5157041230938302,0.051570412309383,0.0169826342590849,0.1161366860883381,0.6776352177452929,0,P-V-Ti,117.72427952089822,5.0,378.3066867189612,0.0,-0.3777318645349009,0.6831455968349055,0.00936253952290562
0.0,0.0,0.0,0.0,0.0,0.0,0.0,0.0,0.0,0.0,0.0,0.0,0.0,0.0,0.0,0.0,0.0,0.0,0.0,0.0,0.0,0.0704626346521857,0.0,0.0,0.0,0.90811580458234,0.0,0.0,0.0,0.0,0.0214215607654744,0.0,0.0,0.0,HAc,FORM,"MeOH 
+ H$_2$O",10.0,2.5813119264746045,0.0,2.0,643,1,0.0219,0.219,101016jcej201604107,1,2016,321.0,0.5157041230938302,0.051570412309383,0.0169826342590849,0.1161366860883381,0.6776352177452929,0,P-V-Ti,117.72427952089822,5.0,378.3066867189612,0.0,-0.3777318645349009,0.706757203541398,0.007583634248952505
0.8999853638612879,0.0,0.0,0.0,0.0,0.0,0.0,0.0,0.0,0.0,0.0,0.0,0.0,0.0,0.0,0.0,0.0,0.0,0.0,0.0,0.0,0.050007318069356,0.0,0.0,0.0,0.0,0.0,0.0,0.0,0.0,0.050007318069356,0.0,0.0,0.0,MAc,TRX,None,5.0,0.0,0.21,1.0,623,1,0.07728,0.3864,101021acsiecr6b03079,1,2016,210.3,0.2092174864874706,0.0418434972974941,0.0,0.0,0.970099641345104,0,P-V-Ti,121.9001317252484,3.2000292722774244,60.19869092181565,0.3600468347870122,-0.2862444106931467,0.7514233918322536,0.011573879451588645
0.0,0.0,0.0,0.0,0.0,0.0,0.0,0.0,0.0,0.0,0.0,0.0,0.0,0.0,0.0,0.0,0.0,0.0,0.0,0.0,0.0,0.5454545454545454,0.0,0.0,0.0,0.0,0.0,0.0,0.0,0.0,0.4545454545454545,0.0,0.0,0.0,MAc,TRX,None,5.0,0.0,0.21,2.0,643,1,0.14934,0.7467,101021acsiecr7b01212,1,2017,33.6,0.4184349729749413,0.0836869945949882,0.0,0.0,3.749344731844664,0,P-V-Ti,127.90909090909092,5.0,524.6280991735537,0.0,-0.2177707014976195,3.881531674856795,0.0008344341380587696
0.0,0.0,0.0,0.0,0.0,0.0,0.0,0.0,0.0,0.0,0.0,0.0,0.0,0.0,0.0,0.0,0.0,0.0,0.0,0.0,0.0,0.5121951219512195,0.0,0.0,0.0,0.0,0.0,0.0,0.0,0.0,0.4878048780487804,0.0,0.0,0.0,MAc,TRX,None,5.0,0.0,0.0,1.6666666666666667,643,1,0.061,0.305,101016jcattod201806019,VPO,2018,48.2,0.3486958108124511,0.0697391621624902,0.0,0.0,1.2762266675735712,0,P-V-Ti,129.4390243902439,5.0,528.6853063652587,0.0,-0.2133352906429726,1.358260815463899,0.05438218841175541
0.0,0.0,0.0,0.0,0.0,0.0,0.0,0.0,0.0,0.0,0.0,0.0,0.0,0.0,0.0,0.0,0.0,0.0,0.0,0.0,0.0,0.5072463768115942,0.0,0.0,0.0,0.0,0.0,0.0,0.0,0.0,0.4830917874396134,0.0,0.0,0.0096618357487922,MAc,TRX,None,5.0,0.0,0.0,1.6666666666666667,643,1,0.0802,0.401,101016jcattod201806019,VPO-Zr,2018,8.4,0.3486958108124511,0.0697391621624902,0.0,0.0,1.677924241629515,0,P-V-Ti,129.87922705314008,4.990338164251208,543.4395201755,0.0095684846787555,-0.1855323938982382,1.8457717323405531,0.03416151152426513
0.0,0.0,0.0,0.0,0.0,0.0,0.0,0.0,0.0,0.0,0.0,0.0,0.0,0.0,0.0,0.0,0.0,0.0,0.0,0.0,0.0,0.5072463768115942,0.0,0.0,0.0,0.0,0.0,0.0,0.0,0.0,0.4830917874396134,0.0,0.0,0.0096618357487922,MAc,TRX,None,5.0,0.0,0.0,2.0,653,1,0.044352618025751,0.2217630901287553,101021acsiecr7b03521,1,2018,8.4,0.4184349729749413,0.0836869945949882,0.0,0.0,1.1135211914983825,0,P-V-Ti,129.87922705314008,4.990338164251208,543.4395201755,0.0095684846787555,-0.1855323938982382,1.2854100056599091,0.020930697971226816
0.0,0.0,0.0,0.0,0.0,0.0,0.0,0.0,0.0,0.0,0.0,0.0,0.0,0.0,0.0,0.0,0.0,0.0,0.0,0.0,0.0,0.0080777190376295,0.0,0.0,0.0,0.8949896525108159,0.0,0.0,0.0,0.0,0.0,0.0969326284515544,0.0,0.0,HAc,TRX,None,3.0,0.0,0.0,2.295081967213115,673,1,0.1413253333333333,0.4239759999999999,101002jctb6360,1,2020,118.2,0.6687244928800516,0.2229081642933505,0.0,0.0,5.670462711866255,1,Si-Cs-P,157.7692307692308,5.923076923076924,214.7928994082833,0.071005917159763,-0.4698624707870394,6.174538753649903,0.14264416644533345
0.0,0.0,0.0,0.0,0.0,0.0,0.0,0.0,0.0,0.0,0.0,0.0,0.0,0.0,0.0,0.0,0.0,0.0,0.0,0.0,0.0,0.3472222222222222,0.0,0.3263888888888889,0.0,0.0,0.0,0.0,0.0,0.3263888888888889,0.0,0.0,0.0,0.0,HAc,FORM,"MeOH 
+ H$_2$O",2.5,2.581311926474605,0.21,5.0,633,1,0.1277268,0.319317,101039d2cc06618a,1,2023,16.3,0.9581324200026798,0.3832529680010719,0.1262088994988852,0.8630865576590718,7.342751278991897,0,P-V-Ti,123.64583333333334,5.0,641.0481770833333,0.6527777777777778,0.7058754841780003,6.121019378180254,0.025717593390058562
0.0,0.0,0.0,0.0,0.0,0.0,0.0,0.0,0.0,0.0,0.0,0.0,0.0,0.0,0.0,0.0,0.0,0.0,0.0,0.0,0.0,0.4126431684398502,0.0,0.2475859010639101,0.0,0.0,0.0,0.0,0.0,0.3397709304962398,0.0,0.0,0.0,0.0,HAc,MeOH,None,0.5,0.0,0.21,1.5,653,1,0.1832424860194942,0.0916212430097471,101016jjcat2024115612,1,2024,60.1,0.1807606985491203,0.3615213970982406,0.0,0.0,1.987382386605672,0,P-V-Ti,124.51268751417292,4.907814970567671,648.7126633991263,0.5788587519087104,0.6240749458614415,1.5770466017124092,0.011522583793579518
0.0,0.0,0.0,0.0,0.0,0.0,0.0,0.0,0.0,0.0,0.0,0.0,0.0,0.0,0.0,0.0,0.0,0.0,0.0,0.0,0.0,0.1080848099890603,0.0,0.0,0.0,0.8378727850164095,0.0,0.0,0.0,0.0,0.0540424049945301,0.0,0.0,0.0,HAc,TRX,None,3.0,0.0,0.0,5.0,623,1,0.156672,0.470016,101016japcata2023119441,VPO-SiO2,2022,224.2,1.456864073774398,0.4856213579247994,0.0,0.0,13.69498848998295,0,P-V-Ti,122.33333333333331,5.0,470.2222222222221,0.0,-0.2772481710436365,16.843402539714162,0.08831229001720092
0.0,0.0,0.0,0.0,0.0,0.0,0.0,0.0,0.0,0.0,0.0,0.0,0.0,0.0,0.0078713419785482,0.0,0.0,0.0,0.0,0.0,0.0,0.1049512263806435,0.0,0.0,0.0,0.8347018184504864,0.0,0.0,0.0,0.0,0.0524756131903217,0.0,0.0,0.0,HAc,TRX,None,3.0,0.0,0.0,5.0,623,1,0.1984775799999999,0.5954327399999999,101016japcata2023119441,VPO1%Mg-SiO2,2022,223.8,1.456864073774398,0.4856213579247994,0.0,0.0,17.349291345101037,0,P-V-Ti,123.2222222222222,4.857142857142858,463.6331569664902,0.4081632653061196,0.2134982273640445,17.411066934725028,0.03944453955303881
0.0,0.0,0.0,0.0,0.0078068144069351,0.0,0.0,0.0,0.0,0.0,0.0,0.0,0.0,0.0,0.0,0.0,0.0,0.0,0.0,0.0,0.0,0.1040908587591352,0.0,0.0,0.0,0.836056897454362,0.0,0.0,0.0,0.0,0.0520454293795676,0.0,0.0,0.0,HAc,TRX,None,3.0,0.0,0.0,5.0,623,1,0.20087336,0.60262008,101016japcata2023119441,VPO1%Ca-SiO2,2022,223.1,1.456864073774398,0.4856213579247994,0.0,0.0,17.558710893741075,0,P-V-Ti,124.88888888888886,4.857142857142858,578.4479717813045,0.4081632653061206,0.3390158191067253,19.182769170742347,0.05177994454937879
0.0,0.0,0.0,0.0,0.0,0.0,0.0,0.0,0.0,0.0,0.0,0.0,0.0,0.0,0.0,0.0,0.0,0.0,0.0,0.0,0.0,0.1015808709236687,0.0,0.0,0.0,0.8400101282952218,0.0,0.0076185653192751,0.0,0.0,0.0507904354618344,0.0,0.0,0.0,HAc,TRX,None,3.0,0.0,0.0,5.0,623,1,0.2068854,0.6206562,101016japcata2023119441,VPO1%Sr-SiO2,2022,222.5,1.456864073774398,0.4856213579247994,0.0,0.0,18.08423439890675,0,P-V-Ti,125.79365079365078,4.857142857142858,687.3066263542441,0.4081632653061199,0.4580220308432661,19.89338919907439,0.050574274955013425
0.0,0.0,0.007431213098437,0.0,0.0,0.0,0.0,0.0,0.0,0.0,0.0,0.0,0.0,0.0,0.0,0.0,0.0,0.0,0.0,0.0,0.0,0.099082841312494,0.0,0.0,0.0,0.8439445249328219,0.0,0.0,0.0,0.0,0.049541420656247,0.0,0.0,0.0,HAc,TRX,None,3.0,0.0,0.0,5.0,623,1,0.21824,0.65472,101016japcata2023119441,VPO1%Ba-SiO2,2022,221.2,1.456864073774398,0.4856213579247994,0.0,0.0,19.07676092763148,0,P-V-Ti,126.7460317460317,4.857142857142858,837.2688334593074,0.40816326530612,0.6219633751602353,21.067214074470566,0.05209923649608638
0.0,0.0,0.0,0.0,0.0,0.0,0.0,0.0,0.0,0.0,0.0,0.0,0.0,0.0,0.0,0.0,0.0,0.0,0.0,0.0,0.0,0.6250000000000001,0.0,0.0,0.0,0.0,0.0,0.0,0.0,0.25,0.125,0.0,0.0,0.0,HAc,TRX,None,3.0,0.0,0.01,2.5,638,1,0.180194,0.540582,1019906jcnkijfct2022036,1,2022,20.86145557346251,0.728432036887199,0.2428106789623997,0.0,0.0,7.875544947291116,0,P-V-Ti,126.0,4.75,605.7500000000001,0.1875,0.0996588340376592,19.66447713686851,0.45993545153391396
0.5114282662476,0.0,0.0,0.0,0.0,0.0,0.0,0.0,0.0,0.0,0.0,0.0,0.0,0.0,0.0,0.0,0.0,0.0,0.0,0.0,0.0,0.2664936729558546,0.0,0.0,0.0,0.0,0.0,0.0,0.0,0.0,0.2220780607965455,0.0,0.0,0.0,HAc,TRX,None,5.0,0.0,0.0,2.0,623,1,0.10296,0.5148,101039d3cy00844d,1,2023,28.3,0.5827864242127061,0.1165572848425412,0.0,0.0,3.600221414216413,0,P-V-Ti,124.3755865241075,3.9771434675048,268.246109773274,0.999477578922296,0.7212873387507529,3.605614390153801,0.006480165377350459
0.0,0.0,0.0,0.0,0.0,0.0,0.0,0.0,0.0208753300457327,0.0,0.0,0.0,0.0,0.0,0.0,0.0,0.0,0.0,0.0,0.0,0.0,0.0,0.0,0.0,0.0,0.9791246699542674,0.0,0.0,0.0,0.0,0.0,0.0,0.0,0.0,MAc,TRX,None,0.5,0.0,0.0,3.6,663,1,0.468512,0.234256,101016jjiec201411014,1,2015,439.3,0.7526722312417145,1.505344462483429,0.0,0.0,21.15815834421109,1,Si-Cs-P,244.0,1.0,0.0,0.0,-0.7913034435484968,24.332255831468274,0.07597357651182364
1.0,0.0,0.0,0.0,0.0,0.0,0.0,0.0,0.0,0.0,0.0,0.0,0.0,0.0,0.0,0.0,0.0,0.0,0.0,0.0,0.0,0.0,0.0,0.0,0.0,0.0,0.0,0.0,0.0,0.0,0.0,0.0,0.0,0.0,MAc,TRX,MeOH,0.5,1.0,0.0,7.199999999999999,663,1,0.3347074067112566,0.1673537033556283,101007s1056201720148,gamma-Alumina,2017,244.0,0.7461299265281326,1.4922598530562652,1.4922598530562652,0.0,14.9841127666735,2,Al-Si-Cs,121.0,3.0,0.0,0.0,-0.7913034435484968,14.75432883517371,0.06346921034463143
0.9963014203494563,0.0,0.0036985796505435,0.0,0.0,0.0,0.0,0.0,0.0,0.0,0.0,0.0,0.0,0.0,0.0,0.0,0.0,0.0,0.0,0.0,0.0,0.0,0.0,0.0,0.0,0.0,0.0,0.0,0.0,0.0,0.0,0.0,0.0,0.0,MAc,TRX,MeOH,0.5,1.0,0.0,7.199999999999999,663,1,0.3451327193793119,0.1725663596896559,101007s1056201720148,1Ba-gamma-Alumina,2017,235.0,0.7461299265281326,1.4922598530562652,1.4922598530562652,0.0,15.450831033176437,2,Al-Si-Cs,121.34766648715107,2.9963014203494565,32.559777805914386,0.003684900159112,-0.7512130246110827,16.205446283423253,0.07824404499071103
0.9817767030089496,0.0,0.0182232969910503,0.0,0.0,0.0,0.0,0.0,0.0,0.0,0.0,0.0,0.0,0.0,0.0,0.0,0.0,0.0,0.0,0.0,0.0,0.0,0.0,0.0,0.0,0.0,0.0,0.0,0.0,0.0,0.0,0.0,0.0,0.0,MAc,TRX,MeOH,0.5,1.0,0.0,7.199999999999999,663,1,0.3991596945210403,0.1995798472605201,101007s1056201720148,5Ba-gamma-Alumina,2017,231.0,0.7461299265281326,1.4922598530562652,1.4922598530562652,0.0,17.869499612758542,2,Al-Si-Cs,122.71298991715874,2.9817767030089497,158.08671775663302,0.0178912084378262,-0.5966533823262449,17.967562358954815,0.051546913043071074
0.9642056962458,0.0,0.0357943037541999,0.0,0.0,0.0,0.0,0.0,0.0,0.0,0.0,0.0,0.0,0.0,0.0,0.0,0.0,0.0,0.0,0.0,0.0,0.0,0.0,0.0,0.0,0.0,0.0,0.0,0.0,0.0,0.0,0.0,0.0,0.0,MAc,TRX,MeOH,0.5,1.0,0.0,7.199999999999999,663,1,0.4000952274358071,0.2000476137179035,101007s1056201720148,10Ba-gamma-Alumina,2017,219.0,0.7461299265281326,1.4922598530562652,1.4922598530562652,0.0,17.911381359056115,2,Al-Si-Cs,124.3646645528948,2.9642056962458,304.95750041860373,0.0345130715729519,-0.4158133519770592,18.474407661461573,0.08413322201493612
1.0,0.0,0.0,0.0,0.0,0.0,0.0,0.0,0.0,0.0,0.0,0.0,0.0,0.0,0.0,0.0,0.0,0.0,0.0,0.0,0.0,0.0,0.0,0.0,0.0,0.0,0.0,0.0,0.0,0.0,0.0,0.0,0.0,0.0,MAc,TRX,MeOH,0.5,1.0,0.0,7.199999999999999,663,1,0.2973479999999999,0.1486739999999999,101039c7ra10008f,Alumina,2017,307.7,0.7461299265281326,1.4922598530562652,1.4922598530562652,0.0,13.311614483597229,2,Al-Si-Cs,121.0,3.0,0.0,0.0,-0.7913034435484968,13.988337153146858,0.06522014686288596
0.9817767030089496,0.0,0.0182232969910503,0.0,0.0,0.0,0.0,0.0,0.0,0.0,0.0,0.0,0.0,0.0,0.0,0.0,0.0,0.0,0.0,0.0,0.0,0.0,0.0,0.0,0.0,0.0,0.0,0.0,0.0,0.0,0.0,0.0,0.0,0.0,MAc,TRX,MeOH,0.5,1.0,0.0,7.199999999999999,663,1,0.361566,0.180783,101039c7ra10008f,5Ba-Alumina,2017,272.3,0.7461299265281326,1.4922598530562652,1.4922598530562652,0.0,16.18651278090425,2,Al-Si-Cs,122.71298991715874,2.9817767030089497,158.08671775663302,0.0178912084378262,-0.5966533823262449,18.440229154622692,0.06784245472792047
0.9800110940267144,0.0,0.0181905245523127,0.0,0.0,0.0,0.0,0.0,0.0,0.0,0.0,0.0,0.0017983814209731,0.0,0.0,0.0,0.0,0.0,0.0,0.0,0.0,0.0,0.0,0.0,0.0,0.0,0.0,0.0,0.0,0.0,0.0,0.0,0.0,0.0,MAc,TRX,MeOH,0.5,1.0,0.0,7.199999999999999,663,1,0.37762,0.18881,101039c7ra10008f,5Ba-0.5La-Alumina,2017,292.6,0.7461299265281326,1.4922598530562652,1.4922598530562652,0.0,16.90521497133321,2,Al-Si-Cs,122.86457011012108,2.981809475447687,170.55568223819506,0.0178596293688244,-0.5830606149527424,18.97592279839334,0.05855838278069467
0.0,0.0,0.0,0.0,0.0,0.0,0.0,0.0,0.0,0.0,0.0,0.0,0.0,0.0,0.0,0.0,0.0,0.0,0.0,0.0,0.0,0.0,0.0,0.0,0.0,0.0,0.0,0.0,0.0,1.0,0.0,0.0,0.0,0.0,MAc,TRX,MeOH,0.5,1.0,0.0,7.199999999999999,663,1,0.103992,0.051996,101007s1056201825359,TiO2,2018,48.0,0.7461299265281326,1.4922598530562652,1.4922598530562652,0.0,4.655492599170814,1,Si-Cs-P,160.0,4.0,0.0,0.0,-0.7913034435484968,4.742257584608811,0.03787140002844661
1.0,0.0,0.0,0.0,0.0,0.0,0.0,0.0,0.0,0.0,0.0,0.0,0.0,0.0,0.0,0.0,0.0,0.0,0.0,0.0,0.0,0.0,0.0,0.0,0.0,0.0,0.0,0.0,0.0,0.0,0.0,0.0,0.0,0.0,MAc,TRX,MeOH,0.5,1.0,0.0,7.199999999999999,663,1,0.28960092,0.14480046,101007s1056201825359,Al2O3,2018,357.0,0.7461299265281326,1.4922598530562652,1.4922598530562652,0.0,12.964794789724776,2,Al-Si-Cs,121.0,3.0,0.0,0.0,-0.7913034435484968,13.192527362684585,0.05291680757472139
0.986842105263158,0.0,0.0,0.0,0.0,0.0,0.0,0.0,0.0,0.0,0.0,0.0,0.0,0.0,0.0,0.0,0.0,0.0,0.0,0.0,0.0,0.0,0.0,0.0,0.0,0.0,0.0,0.0,0.0,0.0131578947368421,0.0,0.0,0.0,0.0,MAc,TRX,MeOH,0.5,1.0,0.0,7.199999999999999,663,1,0.26691808,0.13345904,101007s1056201825359,Ti-Al2O3,2018,281.0,0.7461299265281326,1.4922598530562652,1.4922598530562652,0.0,11.949334045165813,2,Al-Si-Cs,121.51315789473684,3.0131578947368425,19.749826869806085,0.0129847645429362,-0.7538714721108296,12.2721132669139,0.06021520487614671
0.986842105263158,0.0,0.0,0.0,0.0,0.0,0.0,0.0,0.0,0.0,0.0,0.0,0.0,0.0,0.0,0.0,0.0,0.0,0.0,0.0,0.0,0.0,0.0,0.0,0.0,0.0,0.0,0.0,0.0,0.0131578947368421,0.0,0.0,0.0,0.0,MAc,TRX,MeOH,0.5,1.0,0.0,7.199999999999999,663,1,0.332175,0.1660875,101007s1056201825359,gamma-TiAl2O3,2018,320.0,0.7461299265281326,1.4922598530562652,1.4922598530562652,0.0,14.870742500668946,2,Al-Si-Cs,121.51315789473684,3.0131578947368425,19.749826869806085,0.0129847645429362,-0.7538714721108296,15.35770386375034,0.06020500349898087
0.0,0.0,0.0267796523838205,0.0,0.0,0.0,0.0,0.0,0.0,0.0,0.0,0.0,0.0,0.0,0.0,0.0,0.0,0.0,0.0,0.0,0.0,0.0,0.0,0.0,0.0,0.0,0.0,0.0,0.0,0.9732203476161796,0.0,0.0,0.0,0.0,MAc,TRX,MeOH,0.5,1.0,0.0,7.199999999999999,663,1,0.20468523,0.102342615,101007s1056201825359,Ba-TiO2,2018,45.0,0.7461299265281326,1.4922598530562652,1.4922598530562652,0.0,9.163306537277634,2,Al-Si-Cs,161.47288088111014,3.946440695232359,78.83907037111727,0.1042500104080889,-0.5779325879466836,8.727787326740366,0.0646769964470551
0.9827386228095196,0.0,0.0172613771904803,0.0,0.0,0.0,0.0,0.0,0.0,0.0,0.0,0.0,0.0,0.0,0.0,0.0,0.0,0.0,0.0,0.0,0.0,0.0,0.0,0.0,0.0,0.0,0.0,0.0,0.0,0.0,0.0,0.0,0.0,0.0,MAc,TRX,MeOH,0.5,1.0,0.0,7.199999999999999,663,1,0.36957286,0.18478643,101007s1056201825359,Ba-Al2O3,2018,319.0,0.7461299265281326,1.4922598530562652,1.4922598530562652,0.0,16.54496225271551,2,Al-Si-Cs,122.62256945590516,2.98273862280952,149.8887972158476,0.0169634220479682,-0.606747372243953,16.867282743857757,0.049096742935121875
0.9696830661945772,0.0,0.0173878262561616,0.0,0.0,0.0,0.0,0.0,0.0,0.0,0.0,0.0,0.0,0.0,0.0,0.0,0.0,0.0,0.0,0.0,0.0,0.0,0.0,0.0,0.0,0.0,0.0,0.0,0.0,0.012929107549261,0.0,0.0,0.0,0.0,MAc,TRX,MeOH,0.5,1.0,0.0,7.199999999999999,663,1,0.38134003,0.190670015,101007s1056201825359,Ba-Ti-Al2O3,2018,247.0,0.7461299265281326,1.4922598530562652,1.4922598530562652,0.0,17.071752513968153,2,Al-Si-Cs,123.13869086250035,2.9955412812930997,168.73000677652735,0.0302970536329153,-0.5698831076930976,16.877463682138583,0.05729264896088148
0.9696830661945772,0.0,0.0173878262561616,0.0,0.0,0.0,0.0,0.0,0.0,0.0,0.0,0.0,0.0,0.0,0.0,0.0,0.0,0.0,0.0,0.0,0.0,0.0,0.0,0.0,0.0,0.0,0.0,0.0,0.0,0.012929107549261,0.0,0.0,0.0,0.0,MAc,TRX,MeOH,0.5,1.0,0.0,7.199999999999999,663,1,0.451,0.2255,101007s1056201825359,Ba-gamma-TiAl2O3,2018,310.0,0.7461299265281326,1.4922598530562652,1.4922598530562652,0.0,20.19027581185127,2,Al-Si-Cs,123.13869086250035,2.9955412812930997,168.73000677652735,0.0302970536329153,-0.5698831076930976,16.836970097179886,0.019705645493242684
0.0,0.0,0.0,0.0,0.0,0.0,0.0,0.0,0.0,0.0,0.0,0.0,0.0,0.0,0.0,0.0,0.0,0.0,0.0,0.0,0.0,0.0,0.0,0.0,0.0,1.0,0.0,0.0,0.0,0.0,0.0,0.0,0.0,0.0,MAc,TRX,MeOH,3.0,3.0,0.0,7.199999999999999,663,1,0.0,0.0,101007s1114401814198,SBA15,2018,857.0,0.9981460601120156,0.3327153533706719,0.9981460601120156,0.0,0.0,1,Si-Cs-P,111.0,4.0,0.0,0.0,-0.7913034435484968,0.0,0.0
0.0,0.0,0.0,0.0,0.0,0.0909090909090909,0.0,0.0,0.0,0.0,0.0,0.0,0.0,0.0,0.0,0.0,0.0,0.0,0.0,0.0,0.0,0.0,0.0,0.0,0.0,0.9090909090909092,0.0,0.0,0.0,0.0,0.0,0.0,0.0,0.0,MAc,TRX,MeOH,3.0,3.0,0.0,7.199999999999999,663,1,0.0532799,0.1598397,101007s1114401814198,Ce-SBA15(10),2018,869.0,0.9981460601120156,0.3327153533706719,0.9981460601120156,0.0,3.1908673360897306,1,Si-Cs-P,204.0,4.0,0.0,0.0,-0.7913034435484968,2.9076472619210465,0.0241525790840445
0.0,0.0,0.0,0.0,0.0,0.0873240350214437,0.0,0.0,0.0394750766069558,0.0,0.0,0.0,0.0,0.0,0.0,0.0,0.0,0.0,0.0,0.0,0.0,0.0,0.0,0.0,0.0,0.8732008883716004,0.0,0.0,0.0,0.0,0.0,0.0,0.0,0.0,MAc,TRX,MeOH,3.0,3.0,0.0,7.199999999999999,663,1,0.1733004,0.5199012000000001,101007s1114401814198,10Cs-Ce-SBA15imp,2018,285.0,0.9981460601120156,0.3327153533706719,0.9981460601120156,0.0,10.378746688550182,1,Si-Cs-P,216.4527927995717,3.066040540032116,343.03966347380447,1.92959810704015,1.937778368650921,10.66987598024771,0.032382744489998186
0.0,0.0,0.0,0.0,0.0,0.0863440471020415,0.0,0.0,0.0502154818775429,0.0,0.0,0.0,0.0,0.0,0.0,0.0,0.0,0.0,0.0,0.0,0.0,0.0,0.0,0.0,0.0,0.8634404710204153,0.0,0.0,0.0,0.0,0.0,0.0,0.0,0.0,MAc,TRX,MeOH,3.0,3.0,0.0,7.199999999999999,663,1,0.22425,0.67275,101007s1114401814198,10Cs-Ce-SBA15(10),2018,372.0,0.9981460601120156,0.3327153533706719,0.9981460601120156,0.0,13.430055238807167,1,Si-Cs-P,218.70874489763364,2.8968441326774763,372.002619441682,2.092514734359461,2.168195678296816,13.020405303223045,0.003820291458902208
0.9327519273163696,0.0,0.0,0.0,0.0,0.0,0.0,0.0,0.0337473797081572,0.0,0.0,0.0,0.0,0.0,0.0,0.0,0.0,0.0,0.0,0.0,0.0,0.0335006929754734,0.0,0.0,0.0,0.0,0.0,0.0,0.0,0.0,0.0,0.0,0.0,0.0,MAc,TRX,MeOH,5.0,0.75,0.0,3.4,653,1,0.0941999999999999,0.471,101039c6cy00620e,1,2016,169.0,0.6608707194133101,0.132174143882662,0.0991306079119965,0.0,3.735241306124028,2,Al-Si-Cs,124.68191800244672,2.9995066265346324,503.5737232511618,0.268992047317146,0.0873763167927308,3.9375288125085888,0.008458680948646031
0.0532854016359133,0.0,0.0,0.0,0.0,0.0,0.0,0.0,0.0,0.0,0.0,0.0,0.0,0.0,0.0,0.0,0.0,0.0,0.0,0.0,0.0,0.1474335738253869,0.0,0.0,0.0,0.7992810245386999,0.0,0.0,0.0,0.0,0.0,0.0,0.0,0.0,MAc,TRX,None,5.0,0.0,0.21,1.2,623,1,0.0802909119999999,0.4014545599999999,101002cjce22889,1,2017,200.0,0.2510609837849648,0.0502121967569929,0.0,0.0,1.2094749213427218,2,Al-Si-Cs,110.716617331213,4.469054666969571,38.21939825030919,0.7799877193940651,0.2020455395225395,1.4186395475380542,0.02532199756442871
0.9162763025301396,0.0,0.0,0.0,0.0,0.0033337949398801,0.0,0.0,0.0351466403302122,0.0,0.0,0.0,0.0,0.0,0.0,0.0,0.0,0.0,0.0,0.0,0.0,0.045243262199768,0.0,0.0,0.0,0.0,0.0,0.0,0.0,0.0,0.0,0.0,0.0,0.0,EAc,TRX,EtOH,5.0,1.0,0.0,1.288659793814433,623,1,0.31377681,1.56888405,101016jjiec201611002,1,2017,198.0,0.1960189924641642,0.0392037984928328,0.0392037984928328,0.0,3.690372849289169,2,Al-Si-Cs,124.9663360698294,3.023527038678992,547.8358924689394,0.3243398835107982,0.2032875767774853,3.130417634377715,0.008088785872194713
0.4442470113139903,0.0,0.0,0.0,0.0,0.0,0.0,0.0,0.0,0.0,0.0,0.0,0.0,0.0,0.0,0.0,0.0,0.0,0.0,0.0,0.0,0.1115059773720191,0.0,0.0,0.0,0.4442470113139903,0.0,0.0,0.0,0.0,0.0,0.0,0.0,0.0,MAc,TRX,None,5.0,0.0,0.0,1.2,643,1,0.086,0.43,101016jmicromeso201707045,Trioxane,2018,196.15788602134543,0.2510609837849648,0.0502121967569929,0.0,0.0,1.295474676330418,2,Al-Si-Cs,118.19104761469804,3.4012789121859965,31.435119891333997,0.6415330590068161,0.0257173837357241,1.4471159738879114,0.022762378785332354
0.4442470113139903,0.0,0.0,0.0,0.0,0.0,0.0,0.0,0.0,0.0,0.0,0.0,0.0,0.0,0.0,0.0,0.0,0.0,0.0,0.0,0.0,0.1115059773720191,0.0,0.0,0.0,0.4442470113139903,0.0,0.0,0.0,0.0,0.0,0.0,0.0,0.0,MAc,FORM,"MeOH 
+ H$_2$O",5.0,2.581311926474605,0.0,1.2,643,1,0.086,0.43,101016jmicromeso201707045,Formalin,2018,196.15788602134543,0.2115326460031463,0.0423065292006292,0.013931948185236,0.0952744002080943,1.091508453376235,2,Al-Si-Cs,118.19104761469804,3.4012789121859965,31.435119891333997,0.6415330590068161,0.0257173837357241,1.2635360721650475,0.039640367430659816
0.8546766747470742,0.0,0.0,0.0,0.0,0.0,0.0,0.0,0.0384887409095415,0.0,0.0,0.0,0.0,0.0,0.0,0.0,0.0,0.0,0.0,0.0,0.0,0.1068345843433842,0.0,0.0,0.0,0.0,0.0,0.0,0.0,0.0,0.0,0.0,0.0,0.0,MAc,TRX,MeOH,0.5,1.0,0.0,1.7142857142857142,643,1,0.212,0.106,101016jcjche202111025,1,2022,245.0,0.1776499825066982,0.3552999650133965,0.3552999650133965,0.0,2.2597077774852017,2,Al-Si-Cs,124.23843095106623,3.1366916868676853,592.7483047269329,0.5626086837529696,0.5430690116201081,2.215856152828445,0.03019161961272647
0.032798570720447,0.0,0.0,0.0,0.0,0.0,0.0,0.0,0.0395555626875822,0.0,0.0,0.0,0.0,0.0,0.0,0.0,0.0,0.0,0.0,0.0,0.0,0.0,0.0,0.0,0.0,0.9276458665919708,0.0,0.0,0.0,0.0,0.0,0.0,0.0,0.0,MAc,TRX,MeOH,1.0,2.0,0.0,1.2,628,1,0.2,0.2,101021acsiecr1c04460,1,2022,249.0,0.1243782115317232,0.1243782115317232,0.2487564230634464,0.0,1.4925385383806786,2,Al-Si-Cs,188.24334853318413,1.9066122189726156,3749.263947626371,0.9912787223547812,4.51679535917925,1.4995524744636797,0.004142672172158209
0.032798570720447,0.0,0.0,0.0,0.0,0.0,0.0,0.0,0.0395555626875822,0.0,0.0,0.0,0.0,0.0,0.0,0.0,0.0,0.0,0.0,0.0,0.0,0.0,0.0,0.0,0.0,0.9276458665919708,0.0,0.0,0.0,0.0,0.0,0.0,0.0,0.0,MAc,TRX,MeOH,0.5,1.0,0.0,1.2,623,1,0.285,0.1425,101021acsiecr2c00444,1,2022,232.0,0.1243549877546888,0.2487099755093776,0.2487099755093776,0.0,2.1264702906051784,2,Al-Si-Cs,188.24334853318413,1.9066122189726156,3749.263947626371,0.9912787223547812,4.51679535917925,1.8875761232759272,0.004922406328811368
0.883632324501284,0.0,0.0,0.0,0.0,0.0,0.0,0.0,0.0338944785624578,0.0,0.0,0.0,0.0,0.0,0.0,0.0,0.0,0.0,0.0,0.0,0.0,0.0,0.0,0.0,0.0,0.0824731969362581,0.0,0.0,0.0,0.0,0.0,0.0,0.0,0.0,MAc,TRX,MeOH,0.5,0.5,0.0,3.08,633,1,0.2364479999999999,0.1182239999999999,101021acsiecr2c03415,1,2022,191.0,0.4268070194254403,0.8536140388508807,0.4268070194254403,0.0,6.055059967746391,2,Al-Si-Cs,125.54375921146,2.9261177363990245,538.2366352378508,0.1423059383271467,-0.0292836767356002,6.352505462908586,0.01685423113037474
0.0441513128838737,0.0,0.0,0.0,0.0,0.0,0.0,0.0,0.0728224294386516,0.0,0.0,0.0,0.0,0.0,0.0,0.0,0.0,0.0,0.0,0.0,0.0,0.0,0.0,0.0,0.0,0.8830262576774747,0.0,0.0,0.0,0.0,0.0,0.0,0.0,0.0,MAc,TRX,MeOH,1.0,2.0,0.0,2.0,653,1,0.43148475,0.43148475,101016jcej2023145655,1,2023,348.0,0.2072970192195386,0.2072970192195386,0.4145940384390773,0.0,5.36673015082127,2,Al-Si-Cs,197.5740981104722,1.7548927136508587,3555.021566155858,0.93992241817856,4.241792647466897,5.623526441864827,0.005497386462084437
0.0,0.0,0.0,0.0,0.0,0.0,0.0,0.0,0.0399624839678831,0.0,0.0,0.0,0.0,0.0,0.0,0.0,0.0,0.0,0.0,0.0,0.0,0.0,0.0,0.0,0.0,0.9371888693468784,0.0,0.0,0.0,0.0,0.0,0.0,0.0,0.0228486466852382,MAc,TRX,MeOH,1.0,2.0,0.0,1.2,633,1,0.28612752,0.28612752,1010800021959220232300818,1,2024,239.0,0.1243782115317232,0.1243782115317232,0.2487564230634464,0.0,2.135281752456442,1,Si-Cs-P,218.90004391119663,2.0913024386436243,1101.889174467575,2.082966303341352,2.9544717408991747,2.0974486607794547,0.0031826876472251854
0.0,0.0,0.0,0.0,0.0,0.0,0.0,0.0,0.0403310882825226,0.0,0.0,0.0,0.0,0.0,0.0,0.0,0.0,0.0,0.0,0.0,0.0,0.0,0.0,0.0,0.0,0.9458332734622712,0.0,0.0,0.0,0.0,0.0,0.0,0.0,0.0138356382552061,MAc,TRX,MeOH,2.0,2.0,0.0,1.2,643,1,0.2376,0.4752,101021acsiecr4c00771,1,2024,224.0,0.166350751335778,0.083175375667889,0.166350751335778,0.0,2.3714963110428515,1,Si-Cs-P,226.3755449031192,1.7662806563861218,905.4659842228076,1.71165592480682,2.2867484083558574,2.3441441475253963,0.005025217158975913
0.0,0.0,0.0,0.0,0.0,0.0,0.0,0.0,0.0402038767525463,0.0,0.0,0.0,0.0,0.0,0.0,0.0,0.0,0.0,0.0,0.0,0.0,0.0,0.0,0.0,0.0,0.9460874177850626,0.0,0.0,0.0,0.0,0.0,0.0,0.0,0.013708705462391,MAc,TRX,MeOH,2.0,2.0,0.0,1.6000000000000003,643,1,0.232024,0.464048,101016jces2024120716,1,2025,189.0,0.2218010017810374,0.1109005008905187,0.2218010017810374,0.0,3.087789338234605,1,Si-Cs-P,226.45491797937095,1.7628296530708258,902.7807563128016,1.706579879608321,2.2776202126144423,2.4413913805988567,0.0048811060470469415
0.0,0.0,0.0,0.0,0.0,0.0,0.0,0.0,0.0203442117570152,0.0,0.0,0.0,0.0103539596156616,0.0,0.0,0.0,0.0,0.0,0.0,0.0,0.0,0.0,0.0,0.0,0.0118119384590547,0.9574898901682684,0.0,0.0,0.0,0.0,0.0,0.0,0.0,0.0,MAc,FORM,"MeOH 
+ H$_2$O",10.0,3.5813119264746045,0.0,1.06535581986919,653,1,0.091,0.91,101039c5ra05133a,Cs–La–Sb --SiO2-(V),2015,106.0,0.194782604283748,0.0194782604283747,0.0258926394888677,0.0438650868902492,1.063513019389264,1,Si-Cs-P,205.8126123313735,2.598576746485297,1938.590492938452,2.864600809831211,4.822744361778039,1.3220184591697417,0.1150413901910579
0.0,0.0,0.0,0.0,0.0,0.0,0.0,0.0,0.0203442117570152,0.0,0.0,0.0,0.0103539596156616,0.0,0.0,0.0,0.0,0.0,0.0,0.0,0.0,0.0,0.0,0.0,0.0118119384590547,0.9574898901682684,0.0,0.0,0.0,0.0,0.0,0.0,0.0,0.0,MAc,FORM,"MeOH 
+ H$_2$O",10.0,3.5813119264746045,0.0,1.06535581986919,653,1,0.09204,0.9204,101039c5ra05133a,Cs–La–Sb--SiO2-(U),2015,106.0,0.194782604283748,0.0194782604283747,0.0258926394888677,0.0438650868902492,1.07566745389657,1,Si-Cs-P,205.8126123313735,2.598576746485297,1938.590492938452,2.864600809831211,4.822744361778039,1.1129956653777298,0.0009780370838642278
0.0,0.0,0.0,0.0,0.0,0.0,0.0,0.0,0.0,0.0,0.0,0.0,0.0,0.0,0.0,0.0,0.0,0.0,0.0,0.0,0.0,0.0,0.0,0.0,0.0,1.0,0.0,0.0,0.0,0.0,0.0,0.0,0.0,0.0,MAc,TRX,MeOH,0.5,1.0,0.0,3.6,663,1,0.0042,0.0021,101021acsiecr7b02841,SBA15,2018,493.0,0.3730649632640664,0.7461299265281328,0.7461299265281328,0.0,0.0940123707425447,1,Si-Cs-P,111.0,4.0,0.0,0.0,-0.7913034435484968,0.15838709708314166,0.1117586734719998
0.0,0.0,0.0,0.0,0.0,0.0,0.0,0.0,0.0,0.0,0.0,0.0,0.0,0.0217472531225363,0.0,0.0,0.0,0.0,0.0,0.0,0.0,0.0,0.0,0.0,0.0,0.9782527468774638,0.0,0.0,0.0,0.0,0.0,0.0,0.0,0.0,MAc,TRX,MeOH,0.5,1.0,0.0,3.6,663,1,0.0318,0.0159,101021acsiecr7b02841,Li-SBA15,2018,269.0,0.3730649632640664,0.7461299265281328,0.7461299265281328,0.0,0.7118079499078387,1,Si-Cs-P,128.0,1.0,0.0,0.0,-0.7913034435484968,0.7043760279520416,0.01056335029573048
0.0,0.0,0.0,0.0,0.0,0.0,0.0,0.0,0.0,0.0,0.0,0.0,0.0,0.0,0.0,0.0,0.0,0.0217474666265387,0.0,0.0,0.0,0.0,0.0,0.0,0.0,0.9782525333734612,0.0,0.0,0.0,0.0,0.0,0.0,0.0,0.0,MAc,TRX,MeOH,0.5,1.0,0.0,3.6,663,1,0.0654,0.0327,101021acsiecr7b02841,Na-SBA15,2018,224.0,0.3730649632640664,0.7461299265281328,0.7461299265281328,0.0,1.4639069158481963,1,Si-Cs-P,166.0,1.0,0.0,0.0,-0.7913034435484968,1.7505427297926084,0.09160596971677883
0.0,0.0,0.0,0.0,0.0,0.0,0.0,0.0,0.0,0.0,0.0,0.021748178131884,0.0,0.0,0.0,0.0,0.0,0.0,0.0,0.0,0.0,0.0,0.0,0.0,0.0,0.978251821868116,0.0,0.0,0.0,0.0,0.0,0.0,0.0,0.0,MAc,TRX,MeOH,0.5,1.0,0.0,3.6,663,1,0.1648,0.0824,101021acsiecr7b02841,K-SBA15,2018,200.0,0.3730649632640664,0.7461299265281328,0.7461299265281328,0.0,3.688866356755089,1,Si-Cs-P,203.0,1.0,0.0,0.0,-0.7913034435484968,4.143940995839074,0.06070996584352345
0.0,0.0,0.0,0.0,0.0,0.0,0.0,0.0,0.0,0.0,0.0,0.0,0.0,0.0,0.0,0.0,0.0,0.0,0.0,0.0,0.0,0.0,0.021747800737615,0.0,0.0,0.9782521992623848,0.0,0.0,0.0,0.0,0.0,0.0,0.0,0.0,MAc,TRX,MeOH,0.5,1.0,0.0,3.6,663,1,0.1857,0.09285,101021acsiecr7b02841,Rb-SBA15,2018,247.0,0.3730649632640664,0.7461299265281328,0.7461299265281328,0.0,4.156689820688228,1,Si-Cs-P,220.00000000000003,1.0,0.0,0.0,-0.7913034435484968,5.065049822666996,0.08926476290962848
0.0,0.0,0.0,0.0,0.0,0.0,0.0,0.0,0.0217479811313568,0.0,0.0,0.0,0.0,0.0,0.0,0.0,0.0,0.0,0.0,0.0,0.0,0.0,0.0,0.0,0.0,0.9782520188686432,0.0,0.0,0.0,0.0,0.0,0.0,0.0,0.0,MAc,TRX,MeOH,0.5,1.0,0.0,3.6,663,1,0.2051,0.10255,101021acsiecr7b02841,Cs-SBA15,2018,266.0,0.3730649632640664,0.7461299265281328,0.7461299265281328,0.0,4.590937437927601,1,Si-Cs-P,244.0,1.0,0.0,0.0,-0.7913034435484968,5.781202127562343,0.11829325422522158
0.0,0.0,0.0,0.0,0.0,0.0,0.0,0.0,0.0217479811313568,0.0,0.0,0.0,0.0,0.0,0.0,0.0,0.0,0.0,0.0,0.0,0.0,0.0,0.0,0.0,0.0,0.9782520188686432,0.0,0.0,0.0,0.0,0.0,0.0,0.0,0.0,MAc,TRX,MeOH,0.5,1.0,0.0,1.0,663,1,0.294028235662009,0.1470141178310045,101021acsiecr7b02841,LHSV-0.5,2018,266.0,0.1036291564622406,0.2072583129244813,0.2072583129244813,0.0,1.8281938822640933,1,Si-Cs-P,244.0,1.0,0.0,0.0,-0.7913034435484968,2.0510014641994196,0.12241246773311663
0.0,0.0,0.0,0.0,0.0,0.0,0.0,0.0,0.0217479811313568,0.0,0.0,0.0,0.0,0.0,0.0,0.0,0.0,0.0,0.0,0.0,0.0,0.0,0.0,0.0,0.0,0.9782520188686432,0.0,0.0,0.0,0.0,0.0,0.0,0.0,0.0,MAc,TRX,MeOH,0.5,1.0,0.0,3.6,663,1,0.268735619409261,0.1343678097046305,101021acsiecr7b02841,LHSV-1.8,2018,266.0,0.3730649632640664,0.7461299265281328,0.7461299265281328,0.0,6.015350638959725,1,Si-Cs-P,244.0,1.0,0.0,0.0,-0.7913034435484968,6.794740053780731,0.12511419728722267
0.0,0.0,0.0,0.0,0.0,0.0,0.0,0.0,0.0217479811313568,0.0,0.0,0.0,0.0,0.0,0.0,0.0,0.0,0.0,0.0,0.0,0.0,0.0,0.0,0.0,0.0,0.9782520188686432,0.0,0.0,0.0,0.0,0.0,0.0,0.0,0.0,MAc,TRX,MeOH,0.5,1.0,0.0,5.4,663,1,0.192136683649699,0.0960683418248495,101021acsiecr7b02841,LHSV-2.7,2018,266.0,0.5595974448960995,1.119194889792199,1.119194889792199,0.0,6.451151834470904,1,Si-Cs-P,244.0,1.0,0.0,0.0,-0.7913034435484968,7.345188284634635,0.1384192065361015
0.0,0.0,0.0,0.0,0.0,0.0,0.0,0.0,0.0217479811313568,0.0,0.0,0.0,0.0,0.0,0.0,0.0,0.0,0.0,0.0,0.0,0.0,0.0,0.0,0.0,0.0,0.9782520188686432,0.0,0.0,0.0,0.0,0.0,0.0,0.0,0.0,MAc,TRX,MeOH,0.5,1.0,0.0,3.6,618,1,0.122571880503689,0.0612859402518445,101021acsiecr7b02841,LHSV-1.8_T-618,2018,266.0,0.3730649632640664,0.7461299265281328,0.7461299265281328,0.0,2.7436364458389764,1,Si-Cs-P,244.0,1.0,0.0,0.0,-0.7913034435484968,2.9889442004925106,0.10072280395189702
0.0,0.0,0.0,0.0,0.0,0.0,0.0,0.0,0.0217479811313568,0.0,0.0,0.0,0.0,0.0,0.0,0.0,0.0,0.0,0.0,0.0,0.0,0.0,0.0,0.0,0.0,0.9782520188686432,0.0,0.0,0.0,0.0,0.0,0.0,0.0,0.0,MAc,TRX,MeOH,0.5,1.0,0.0,3.6,648,1,0.216209306210327,0.1081046531051635,101021acsiecr7b02841,LHSV-1.8_T-648,2018,266.0,0.3730649632640664,0.7461299265281328,0.7461299265281328,0.0,4.839607012722296,1,Si-Cs-P,244.0,1.0,0.0,0.0,-0.7913034435484968,5.337862159855734,0.10401538917496093
0.0,0.0,0.0,0.0,0.0,0.0,0.0,0.0,0.0217479811313568,0.0,0.0,0.0,0.0,0.0,0.0,0.0,0.0,0.0,0.0,0.0,0.0,0.0,0.0,0.0,0.0,0.9782520188686432,0.0,0.0,0.0,0.0,0.0,0.0,0.0,0.0,MAc,TRX,MeOH,0.5,1.0,0.0,3.6,678,1,0.283177704807706,0.141588852403853,101021acsiecr7b02841,LHSV-1.8_T-678,2018,266.0,0.3730649632640664,0.7461299265281328,0.7461299265281328,0.0,6.338620802477369,1,Si-Cs-P,244.0,1.0,0.0,0.0,-0.7913034435484968,7.546241142803414,0.17089302551536487
0.0,0.0,0.0,0.0,0.0,0.0,0.0,0.0,0.0217479811313568,0.0,0.0,0.0,0.0,0.0,0.0,0.0,0.0,0.0,0.0,0.0,0.0,0.0,0.0,0.0,0.0,0.9782520188686432,0.0,0.0,0.0,0.0,0.0,0.0,0.0,0.0,MAc,TRX,MeOH,0.5,1.0,0.0,3.6,708,1,0.261363223909161,0.1306816119545805,101021acsiecr7b02841,LHSV-1.8_T-708,2018,266.0,0.3730649632640664,0.7461299265281328,0.7461299265281328,0.0,5.850327691574947,1,Si-Cs-P,244.0,1.0,0.0,0.0,-0.7913034435484968,7.338263798091465,0.24403666087535397
0.0,0.0,0.0,0.0,0.0,0.0,0.0,0.0,0.0217479811313568,0.0,0.0,0.0,0.0,0.0,0.0,0.0,0.0,0.0,0.0,0.0,0.0,0.0,0.0,0.0,0.0,0.9782520188686432,0.0,0.0,0.0,0.0,0.0,0.0,0.0,0.0,MAc,TRX,MeOH,1.0,1.3333333333333333,0.0,1.8,663,1,0.246184865536795,0.246184865536795,101021acsiecr7b02841,LHSV-0.9_T-663_R_1.5-1.5-2,2018,266.0,0.2242791220253805,0.2242791220253805,0.2990388293671741,0.0,3.3128475299117253,1,Si-Cs-P,244.0,1.0,0.0,0.0,-0.7913034435484968,3.560666898767859,0.07993928358480262
0.0,0.0,0.0,0.0,0.0,0.0,0.0,0.0,0.0217479811313568,0.0,0.0,0.0,0.0,0.0,0.0,0.0,0.0,0.0,0.0,0.0,0.0,0.0,0.0,0.0,0.0,0.9782520188686432,0.0,0.0,0.0,0.0,0.0,0.0,0.0,0.0,MAc,TRX,MeOH,2.0,2.0,0.0,1.8,663,1,0.151632732424488,0.303265464848976,101021acsiecr7b02841,LHSV-0.9_T-663_R_2-1-2,2018,266.0,0.249526127003667,0.1247630635018335,0.249526127003667,0.0,2.270179706931952,1,Si-Cs-P,244.0,1.0,0.0,0.0,-0.7913034435484968,2.421687973994732,0.05372034907101928
0.0,0.0,0.0,0.0,0.0,0.0,0.0,0.0,0.0217479811313568,0.0,0.0,0.0,0.0,0.0,0.0,0.0,0.0,0.0,0.0,0.0,0.0,0.0,0.0,0.0,0.0,0.9782520188686432,0.0,0.0,0.0,0.0,0.0,0.0,0.0,0.0,MAc,TRX,MeOH,0.5,1.0,0.0,1.8,663,1,0.2851754862844408,0.1425877431422204,101021acsiecr7b02841,Cs-SBA15-long,2018,266.0,0.1865324816320332,0.3730649632640664,0.3730649632640664,0.0,3.191669469435516,1,Si-Cs-P,244.0,1.0,0.0,0.0,-0.7913034435484968,3.3984056259998074,0.09255750838179588
0.0,0.0,0.0,0.0,0.0,0.0,0.0,0.0,0.0217479811313568,0.0,0.0,0.0,0.0,0.0,0.0,0.0,0.0,0.0,0.0,0.0,0.0,0.0,0.0,0.0,0.0,0.9782520188686432,0.0,0.0,0.0,0.0,0.0,0.0,0.0,0.0,MAc,TRX,MeOH,0.5,1.0,0.0,1.8,663,1,0.19838,0.09919,101007s1056201826098,0.37micrompgCs-ASilica,2019,154.0,0.1865324816320332,0.3730649632640664,0.3730649632640664,0.0,2.220258822369765,1,Si-Cs-P,244.0,1.0,0.0,0.0,-0.7913034435484968,2.7606327675568156,0.1711823881782074
0.0,0.0,0.0,0.0,0.0,0.0,0.0,0.0,0.0217479811313568,0.0,0.0,0.0,0.0,0.0,0.0,0.0,0.0,0.0,0.0,0.0,0.0,0.0,0.0,0.0,0.0,0.9782520188686432,0.0,0.0,0.0,0.0,0.0,0.0,0.0,0.0,MAc,TRX,MeOH,0.5,1.0,0.0,1.8,663,1,0.3276,0.1638,101007s1056201826098,0.37micrompgCs-BSilica,2019,321.0,0.1865324816320332,0.3730649632640664,0.3730649632640664,0.0,3.6664824589592446,1,Si-Cs-P,244.0,1.0,0.0,0.0,-0.7913034435484968,3.6632133270197924,0.005386554240752963
0.0,0.0,0.0,0.0,0.0,0.0,0.0,0.0,0.0217479811313568,0.0,0.0,0.0,0.0,0.0,0.0,0.0,0.0,0.0,0.0,0.0,0.0,0.0,0.0,0.0,0.0,0.9782520188686432,0.0,0.0,0.0,0.0,0.0,0.0,0.0,0.0,MAc,TRX,MeOH,0.5,1.0,0.0,1.8,663,1,0.3185,0.15925,101007s1056201826098,0.37micrompgCs-CSilica,2019,242.0,0.1865324816320332,0.3730649632640664,0.3730649632640664,0.0,3.5646357239881548,1,Si-Cs-P,244.0,1.0,0.0,0.0,-0.7913034435484968,3.5599078076954664,0.005895878040943926
0.0,0.0,0.0,0.0,0.0,0.0,0.0,0.0,0.0071585917989334,0.0,0.0,0.0,0.0,0.0,0.0,0.0,0.0,0.0,0.0,0.0,0.0,0.0,0.0,0.0,0.0,0.9928414082010664,0.0,0.0,0.0,0.0,0.0,0.0,0.0,0.0,MAc,TRX,MeOH,0.5,1.0,0.0,1.8,663,1,0.239180830464716,0.119590415232358,101007s1056201826098,0.12micrompgCs-BSilica,2019,319.06747408986195,0.1865324816320332,0.3730649632640664,0.3730649632640664,0.0,2.6768996319236447,1,Si-Cs-P,244.0,1.0,0.0,0.0,-0.7913034435484968,2.954916479592086,0.09255573786155845
0.0,0.0,0.0,0.0,0.0,0.0,0.0,0.0,0.0147989648536412,0.0,0.0,0.0,0.0,0.0,0.0,0.0,0.0,0.0,0.0,0.0,0.0,0.0,0.0,0.0,0.0,0.9852010351463588,0.0,0.0,0.0,0.0,0.0,0.0,0.0,0.0,MAc,TRX,MeOH,0.5,1.0,0.0,1.8,663,1,0.308251809760048,0.154125904880024,101007s1056201826098,0.25micrompgCs-BSilica,2019,320.07216387942145,0.1865324816320332,0.3730649632640664,0.3730649632640664,0.0,3.4499385025264293,1,Si-Cs-P,244.0,1.0,0.0,0.0,-0.7913034435484968,3.5070186101650864,0.004329174545156056
0.0,0.0,0.0,0.0,0.0,0.0,0.0,0.0,0.0431206136686249,0.0,0.0,0.0,0.0,0.0,0.0,0.0,0.0,0.0,0.0,0.0,0.0,0.0,0.0,0.0,0.0,0.9568793863313748,0.0,0.0,0.0,0.0,0.0,0.0,0.0,0.0,MAc,TRX,MeOH,0.5,1.0,0.0,1.8,663,1,0.143811063582059,0.0719055317910295,101007s1056201826098,0.75micrompgCs-BSilica,2019,318.1886664152535,0.1865324816320332,0.3730649632640664,0.3730649632640664,0.0,1.6095260745662148,1,Si-Cs-P,244.0,1.0,0.0,0.0,-0.7913034435484968,2.1365964775606345,1.32758904828902e-19
0.0,0.0,0.0,0.0,0.0,0.0,0.0,0.0,0.0630521516586404,0.0,0.0,0.0,0.0,0.0,0.0,0.0,0.0,0.0,0.0,0.0,0.0,0.0,0.0,0.0,0.0,0.9369478483413596,0.0,0.0,0.0,0.0,0.0,0.0,0.0,0.0,MAc,TRX,MeOH,0.5,1.0,0.0,1.8,663,1,0.0876939480611521,0.043846974030576,101007s1056201826098,1.12micrompgCs-BSilica,2019,315.59521585758256,0.1865324816320332,0.3730649632640664,0.3730649632640664,0.0,0.9814661853574398,1,Si-Cs-P,244.0,1.0,0.0,0.0,-0.7913034435484968,1.2971995708238002,3.12217933876056e-20
0.0,0.0,0.0,0.0,0.0,0.0,0.0,0.0,0.0217479811313568,0.0,0.0,0.0,0.0,0.0,0.0,0.0,0.0,0.0,0.0,0.0,0.0,0.0,0.0,0.0,0.0,0.9782520188686432,0.0,0.0,0.0,0.0,0.0,0.0,0.0,0.0,MAc,TRX,MeOH,0.5,1.0,0.0,1.8,663,1,0.3067048956404252,0.1533524478202126,101007s1056201826098,CsSBA15,2019,266.0,0.1865324816320332,0.3730649632640664,0.3730649632640664,0.0,3.432625518750136,1,Si-Cs-P,244.0,1.0,0.0,0.0,-0.7913034435484968,3.882245503761499,0.10703740728816984
0.9651981990325555,0.0,0.0,0.0,0.0,0.0,0.0,0.0,0.0348018009674444,0.0,0.0,0.0,0.0,0.0,0.0,0.0,0.0,0.0,0.0,0.0,0.0,0.0,0.0,0.0,0.0,0.0,0.0,0.0,0.0,0.0,0.0,0.0,0.0,0.0,MAc,TRX,MeOH,0.5,0.235,0.0,4.8,663,1,0.07459254,0.03729627,101016jcattod202006026,Cs-Al2O3-A,2021,148.08750611818238,0.8098990221379879,1.6197980442759758,0.3806525404048543,0.0,3.624745512287325,2,Al-Si-Cs,125.28062151899566,2.9303963980651107,508.1927262475776,0.1343625424674671,-0.071818968880474,3.439195380538011,0.028388977417954
0.9651981990325555,0.0,0.0,0.0,0.0,0.0,0.0,0.0,0.0348018009674444,0.0,0.0,0.0,0.0,0.0,0.0,0.0,0.0,0.0,0.0,0.0,0.0,0.0,0.0,0.0,0.0,0.0,0.0,0.0,0.0,0.0,0.0,0.0,0.0,0.0,MAc,TRX,MeOH,0.5,0.235,0.0,4.8,663,1,0.04866763,0.024333815,101016jcattod202006026,Cs-Al2O3-B,2021,187.7836850241629,0.8098990221379879,1.6197980442759758,0.3806525404048543,0.0,2.364951956806405,2,Al-Si-Cs,125.28062151899566,2.9303963980651107,508.1927262475776,0.1343625424674671,-0.071818968880474,2.6877929034041212,2.1520130423484573e-18
0.9651981990325555,0.0,0.0,0.0,0.0,0.0,0.0,0.0,0.0348018009674444,0.0,0.0,0.0,0.0,0.0,0.0,0.0,0.0,0.0,0.0,0.0,0.0,0.0,0.0,0.0,0.0,0.0,0.0,0.0,0.0,0.0,0.0,0.0,0.0,0.0,MAc,TRX,MeOH,0.5,0.235,0.0,4.8,663,1,0.07772128,0.03886064,101016jcattod202006026,Cs-Al2O3-C,2021,184.8431165634337,0.8098990221379879,1.6197980442759758,0.3806525404048543,0.0,3.7767833202787657,2,Al-Si-Cs,125.28062151899566,2.9303963980651107,508.1927262475776,0.1343625424674671,-0.071818968880474,4.040014204094539,0.0839579722783259
0.9651981990325555,0.0,0.0,0.0,0.0,0.0,0.0,0.0,0.0348018009674444,0.0,0.0,0.0,0.0,0.0,0.0,0.0,0.0,0.0,0.0,0.0,0.0,0.0,0.0,0.0,0.0,0.0,0.0,0.0,0.0,0.0,0.0,0.0,0.0,0.0,MAc,TRX,MeOH,0.5,0.235,0.0,4.8,663,1,0.03882492,0.01941246,101016jcattod202006026,Cs-Al2O3-D,2021,60.60306229875352,0.8098990221379879,1.6197980442759758,0.3806525404048543,0.0,1.8866558845551369,2,Al-Si-Cs,125.28062151899566,2.9303963980651107,508.1927262475776,0.1343625424674671,-0.071818968880474,2.009853077988599,0.006533845761939223
0.98213549801916,0.0,0.0163277283374096,0.0,0.0,0.0,0.0,0.0,0.0,0.0,0.0,0.0,0.0015367736434303,0.0,0.0,0.0,0.0,0.0,0.0,0.0,0.0,0.0,0.0,0.0,0.0,0.0,0.0,0.0,0.0,0.0,0.0,0.0,0.0,0.0,MAc,TRX,MeOH,0.5,1.0,0.0,7.199999999999999,663,1,0.41,0.205,101021acsenergyfuels1c03082,MAc_1,2022,227.0,0.7461299265281326,1.4922598530562652,1.4922598530562652,0.0,18.35479619259206,2,Al-Si-Cs,122.66696899705153,2.9836722716625905,152.85899981903083,0.0160611336247493,-0.6046010649535337,18.401074571832815,0.06844440674724674
0.98213549801916,0.0,0.0163277283374096,0.0,0.0,0.0,0.0,0.0,0.0,0.0,0.0,0.0,0.0015367736434303,0.0,0.0,0.0,0.0,0.0,0.0,0.0,0.0,0.0,0.0,0.0,0.0,0.0,0.0,0.0,0.0,0.0,0.0,0.0,0.0,0.0,MAc,TRX,MeOH,1.0,1.0,0.0,7.199999999999999,663,1,0.27,0.27,101021acsenergyfuels1c03082,MAc_2,2022,227.0,0.9979798724774384,0.9979798724774384,0.9979798724774384,0.0,16.167273934134503,2,Al-Si-Cs,122.66696899705153,2.9836722716625905,152.85899981903083,0.0160611336247493,-0.6046010649535337,15.947863086029615,0.0555978829528211
0.98213549801916,0.0,0.0163277283374096,0.0,0.0,0.0,0.0,0.0,0.0,0.0,0.0,0.0,0.0015367736434303,0.0,0.0,0.0,0.0,0.0,0.0,0.0,0.0,0.0,0.0,0.0,0.0,0.0,0.0,0.0,0.0,0.0,0.0,0.0,0.0,0.0,MAc,TRX,MeOH,2.0,1.0,0.0,7.199999999999999,663,1,0.44,0.88,101021acsenergyfuels1c03082,MAc_4,2022,227.0,1.2006073873834966,0.6003036936917483,0.6003036936917483,0.0,31.696035026924307,2,Al-Si-Cs,122.66696899705153,2.9836722716625905,152.85899981903083,0.0160611336247493,-0.6046010649535337,31.62160941309562,0.07306742104603105
0.98213549801916,0.0,0.0163277283374096,0.0,0.0,0.0,0.0,0.0,0.0,0.0,0.0,0.0,0.0015367736434303,0.0,0.0,0.0,0.0,0.0,0.0,0.0,0.0,0.0,0.0,0.0,0.0,0.0,0.0,0.0,0.0,0.0,0.0,0.0,0.0,0.0,MAc,TRX,MeOH,3.0,1.0,0.0,7.199999999999999,663,1,0.56,1.6800000000000002,101021acsenergyfuels1c03082,MeOH_2,2022,227.0,1.287762131227153,0.4292540437423843,0.4292540437423843,0.0,43.26880760923235,2,Al-Si-Cs,122.66696899705153,2.9836722716625905,152.85899981903083,0.0160611336247493,-0.6046010649535337,42.416610426412554,0.06105839467194779
0.98213549801916,0.0,0.0163277283374096,0.0,0.0,0.0,0.0,0.0,0.0,0.0,0.0,0.0,0.0015367736434303,0.0,0.0,0.0,0.0,0.0,0.0,0.0,0.0,0.0,0.0,0.0,0.0,0.0,0.0,0.0,0.0,0.0,0.0,0.0,0.0,0.0,MAc,TRX,MeOH,3.0,3.0,0.0,7.199999999999999,663,1,0.6,1.7999999999999998,101021acsenergyfuels1c03082,MeOH_6,2022,227.0,0.9981460601120156,0.3327153533706719,0.9981460601120156,0.0,35.93325816403256,2,Al-Si-Cs,122.66696899705153,2.9836722716625905,152.85899981903083,0.0160611336247493,-0.6046010649535337,35.71908957514018,0.0345239311197047
0.98213549801916,0.0,0.0163277283374096,0.0,0.0,0.0,0.0,0.0,0.0,0.0,0.0,0.0,0.0015367736434303,0.0,0.0,0.0,0.0,0.0,0.0,0.0,0.0,0.0,0.0,0.0,0.0,0.0,0.0,0.0,0.0,0.0,0.0,0.0,0.0,0.0,MAc,TRX,MeOH,3.0,4.0,0.0,7.199999999999999,663,1,0.63,1.89,101021acsenergyfuels1c03082,MeOH_8,2022,227.0,0.8972507786691845,0.2990835928897281,1.1963343715589123,0.0,33.91607943369517,2,Al-Si-Cs,122.66696899705153,2.9836722716625905,152.85899981903083,0.0160611336247493,-0.6046010649535337,31.33234868540571,0.007007855566896551
0.98213549801916,0.0,0.0163277283374096,0.0,0.0,0.0,0.0,0.0,0.0,0.0,0.0,0.0,0.0015367736434303,0.0,0.0,0.0,0.0,0.0,0.0,0.0,0.0,0.0,0.0,0.0,0.0,0.0,0.0,0.0,0.0,0.0,0.0,0.0,0.0,0.0,MAc,TRX,MeOH,3.0,5.0,0.0,7.199999999999999,663,1,0.51,1.53,101021acsenergyfuels1c03082,MeOH_10,2022,227.0,0.8148804742814045,0.2716268247604682,1.358134123802341,0.0,24.93534251301098,2,Al-Si-Cs,122.66696899705153,2.9836722716625905,152.85899981903083,0.0160611336247493,-0.6046010649535337,24.549815000859226,0.024058876242378912
0.0476190476190476,0.0,0.0,0.0,0.0,0.0,0.0,0.0,0.0,0.0,0.0,0.0,0.0,0.0,0.0,0.0,0.0,0.0,0.0,0.0,0.0,0.0,0.0,0.0,0.0,0.9523809523809524,0.0,0.0,0.0,0.0,0.0,0.0,0.0,0.0,MAc,TRX,None,5.0,0.0,0.0,1.3894954146651315,563,1,0.0607049999999999,0.303525,101039d2cy00447j,N-HZSM5,2022,384.0,0.2907067381421045,0.0581413476284209,0.0,0.0,1.0588411523349874,2,Al-Si-Cs,121.0,3.0,0.0,0.0,-0.7913034435484968,1.2133759025276898,0.03702648998844203
0.0526315789473684,0.0,0.0,0.0,0.0,0.0,0.0,0.0,0.0,0.0,0.0,0.0,0.0,0.0,0.0,0.0,0.0,0.0,0.0,0.0,0.0,0.0,0.0,0.0,0.0,0.9473684210526316,0.0,0.0,0.0,0.0,0.0,0.0,0.0,0.0,MAc,TRX,None,5.0,0.0,0.0,1.3894954146651315,563,1,0.01056,0.0528,101039d2cy00447j,M-HZSM5,2022,372.0,0.2907067381421045,0.0581413476284209,0.0,0.0,0.1841917892868374,2,Al-Si-Cs,121.0,3.0,0.0,0.0,-0.7913034435484968,0.1490399110269011,0.039694422346520666
0.0,0.1697909845325068,0.0,0.0,0.0,0.0,0.0,0.0,0.0104860925802975,0.0,0.0,0.0,0.0,0.0,0.0,0.0,0.0,0.0,0.0,0.0,0.0,0.0,0.0,0.0,0.0,0.8197229228871956,0.0,0.0,0.0,0.0,0.0,0.0,0.0,0.0,HAc,TRX,None,3.0,0.0,0.0,2.6666666666666665,673,1,0.1207461333333333,0.3622384,101002jctb7032,1,2022,92.0,0.776994172679679,0.2589980575598929,0.0,0.0,5.629142518416213,1,Si-Cs-P,93.30664530242947,2.8836669337196312,1402.449601603486,0.2191327502505447,1.0092161864831315,3.1429062532254157,0.0002238405269467444
0.0,0.0,0.0,0.0,0.0,0.0,0.0,0.0,0.0,0.0,0.0,0.0,0.0,0.0,0.0,0.0,0.0,0.0,0.0,0.0,0.0,0.0,0.0,0.0,0.0,0.9852216748768472,0.0,0.0,0.0,0.0147783251231527,0.0,0.0,0.0,0.0,MAc,TRX,MeOH,1.0,2.0,0.0,0.4580429938806394,633,5,0.05474,0.05474,101021acssuschemeng3c07406,TS-1,2024,466.0,0.0474754736529249,0.0474754736529249,0.0949509473058499,0.0,0.1559284456656667,1,Si-Cs-P,160.0,4.0,0.0,0.0,-0.7913034435484968,0.3099511436768987,0.038219054461757655
0.0,0.0,0.0,0.0,0.0,0.0,0.0,0.0,1.0,0.0,0.0,0.0,0.0,0.0,0.0,0.0,0.0,0.0,0.0,0.0,0.0,0.0,0.0,0.0,0.0,0.0,0.0,0.0,0.0,0.0,0.0,0.0,0.0,0.0,MAc,TRX,MeOH,1.0,2.0,0.0,0.4580429938806394,633,5,0.047526,0.047526,101021acssuschemeng3c07406,CsOx,2024,10.0,0.0474754736529249,0.0474754736529249,0.0949509473058499,0.0,0.1353791616497347,1,Si-Cs-P,244.0,1.0,0.0,0.0,-0.7913034435484968,0.17909398771463061,0.020135085211081493
0.0,0.0,0.0,0.0,0.0,0.0,0.0,0.0,0.0126306657539641,0.0,0.0,0.0,0.0,0.0,0.0,0.0,0.0,0.0,0.0,0.0,0.0,0.0,0.0,0.0,0.0,0.9873693342460358,0.0,0.0,0.0,0.0,0.0,0.0,0.0,0.0,MAc,TRX,MeOH,1.0,2.0,0.0,0.4580429938806394,633,5,0.168,0.168,101021acssuschemeng3c07406,Cs_SiO2,2024,129.0,0.0474754736529249,0.0474754736529249,0.0949509473058499,0.0,0.4785527744214837,1,Si-Cs-P,244.0,1.0,0.0,0.0,-0.7913034435484968,0.4390485406870198,3.2717666626552195e-17
0.0,0.0,0.0,0.0,0.0,0.0,0.0,0.0,0.0126306657539641,0.0,0.0,0.0,0.0,0.0,0.0,0.0,0.0,0.0,0.0,0.0,0.0,0.0,0.0,0.0,0.0,0.9873693342460358,0.0,0.0,0.0,0.0,0.0,0.0,0.0,0.0,MAc,TRX,MeOH,1.0,2.0,0.0,0.4580429938806394,633,5,0.2664479999999999,0.2664479999999999,101021acssuschemeng3c07406,Cs_S1,2024,287.0,0.0474754736529249,0.0474754736529249,0.0949509473058499,0.0,0.758984700232473,1,Si-Cs-P,244.0,1.0,0.0,0.0,-0.7913034435484968,0.6551500802326143,7.727285229886221e-20
0.0,0.0,0.0,0.0,0.0,0.0,0.0,0.0,0.012691342599248,0.0,0.0,0.0,0.0,0.0,0.0,0.0,0.0,0.0,0.0,0.0,0.0,0.0,0.0,0.0,0.0,0.97271788906478,0.0,0.0,0.0,0.0145907683359717,0.0,0.0,0.0,0.0,MAc,TRX,MeOH,1.0,2.0,0.0,0.4580429938806394,633,5,0.4065459999999999,0.4065459999999999,101021acssuschemeng3c07406,Cs_TS1,2024,321.0,0.0474754736529249,0.0474754736529249,0.0949509473058499,0.0,1.1580578347021218,1,Si-Cs-P,199.0758904568704,2.604432483683199,1755.4495833797787,2.2390938563517584,3.859427550444629,1.1260208687476123,1.4002108782975614e-19
0.0,0.0,0.0,0.0,0.0,0.0,0.0,0.0,0.022092119996205,0.0,0.0,0.0,0.0,0.0,0.0,0.0,0.0,0.0,0.0,0.0,0.0,0.0,0.0,0.0,0.0,0.9779078800037948,0.0,0.0,0.0,0.0,0.0,0.0,0.0,0.0,EAc,TRX,EtOH,2.5,4.0,0.0,20.0,663,1,0.252,0.63,101039d1re00020a,1,2021,444.0,1.743207954799378,0.6972831819197511,2.789132727679005,0.0,26.357304276566595,1,Si-Cs-P,244.0,1.0,0.0,0.0,-0.7913034435484968,31.85236553077249,0.07367689459112924
