Al,B,Ba,Bi,Ca,Ce,Co,Cr,Cs,Cu,Fe,K,La,Li,Mg,Mn,Mo,Na,Nb,Nd,Ni,P,Rb,S,Sb,Si,Sn,Sr,Te,Ti,V,W,Zn,Zr,Ac_source,Fa_source,Stabilizer,Ratio_Ac_Fa,Ratio_Stab_Fa,O_content,LHSV_mlhg,Temperature_K,Pressure_bar,Y_Acryl_Ac,Y_Acryl_Fa,doi,Link_to_excel,Ac_mmolming,Fa_mmolming,MeOH_mmolming,Water_mmolming,STY_Acryl_mmolhg,Cluster_n,Cluster_title,av_covalent_radius_cordero,av_nvalence_,var_covalent_radius_cordero,var_nvalence_,STY0,n
0.0,0.0,0.0,0.0,0.0,0.0,0.0,0.0,0.0,0.0,0.0,0.0,0.0,0.0,0.0,0.0,0.0,0.0,0.0,0.0,0.0,0.5121951219512195,0.0,0.0,0.0,0.0,0.0,0.0,0.0,0.0,0.4878048780487804,0.0,0.0,0.0,HAc,FORM,MeOH + H$_2$O,2.5,0.0,0.03,0.4433333333333333,633,1,0.3368,0.842,101016jjcat201904032,1,0.0849544079069042,0.0339817631627617,0.0111905224222344,0.0765270081124376,1.7167586749827215,1,P-V-Si,129.8316769387775,5.0,528.9716673470607,0.0,1.701361102234925,0.0025369210833562942
0.0,0.0,0.0,0.0,0.0,0.0,0.0,0.0,0.0,0.0,0.0,0.0,0.0,0.0,0.0,0.0,0.0,0.0,0.0,0.0,0.0,0.133847072637405,0.0,0.0,0.0,0.7323058547251898,0.0,0.0,0.0,0.0,0.133847072637405,0.0,0.0,0.0,HAc,FORM,MeOH + H$_2$O,3.0,0.0,0.045,0.44,633,1,0.2795,0.8385,101038s41598019531808,1,0.0894192160856169,0.0298064053618723,0.0098155368198715,0.067124092826066,1.4995602537557955,1,P-V-Si,121.36823156187278,4.545696397993304,378.1695684934254,0.2479118392104376,1.2870167992455683,0.0029140891529994117
0.0,0.0,0.0,0.0,0.0,0.0,0.0,0.0,0.0,0.0,0.0,0.0,0.0,0.0,0.0,0.0,0.0,0.0,0.0,0.0,0.0,0.5,0.0,0.0,0.0,0.0,0.0,0.0,0.0,0.0,0.4999999999999999,0.0,0.0,0.0,HAc,FORM,MeOH + H$_2$O,2.5,0.0,0.039,1.3333333333333333,633,1,0.159,0.3975,101039c9cc08700a,UnsupportedVPO,0.2555019786673813,0.1022007914669525,0.033655706533036,0.2301564153757525,2.437488876486817,1,P-V-Si,130.0,5.0,529.0,0.0,2.386047479051758,0.001042949391167265
0.0,0.0,0.0,0.0,0.0,0.0,0.0,0.0,0.0,0.0,0.0,0.0,0.0,0.0,0.0,0.0,0.0,0.0,0.0,0.0,0.0,0.133847072637405,0.0,0.0,0.0,0.7323058547251898,0.0,0.0,0.0,0.0,0.133847072637405,0.0,0.0,0.0,HAc,FORM,MeOH + H$_2$O,2.5,0.0,0.039,1.3333333333333333,633,1,0.188,0.47,101039c9cc08700a,33%VPO-MCF,0.2555019786673813,0.1022007914669525,0.033655706533036,0.2301564153757525,2.882062319368061,1,P-V-Si,121.36823156187278,4.545696397993304,378.1695684934254,0.2479118392104376,2.91654900221662,0.015300252850369504
0.0,0.0,0.0,0.0,0.0,0.0,0.0,0.0,0.0,0.0,0.0,0.0,0.0,0.0,0.0,0.0,0.0,0.0,0.0,0.0,0.0,0.133847072637405,0.0,0.0,0.0,0.7323058547251898,0.0,0.0,0.0,0.0,0.133847072637405,0.0,0.0,0.0,HAc,FORM,MeOH + H$_2$O,2.5,0.0,0.039,1.3333333333333333,633,1,0.204,0.51,101039c9cc08700a,33%VPO-SilicaHP,0.2555019786673813,0.1022007914669525,0.033655706533036,0.2301564153757525,3.1273442188887466,1,P-V-Si,121.36823156187278,4.545696397993304,378.1695684934254,0.2479118392104376,3.185255874704417,0.008864264135975027
0.0,0.0,0.0,0.0,0.0,0.0,0.0,0.0,0.0,0.0,0.0,0.0,0.0,0.0,0.0,0.0,0.0,0.0,0.0,0.0,0.0,0.5,0.0,0.0,0.0,0.0,0.0,0.0,0.0,0.0,0.4999999999999999,0.0,0.0,0.0,HAc,FORM,MeOH + H$_2$O,2.5,0.0,0.039,1.3333333333333333,633,1,0.212,0.53,101039c9cc08700a,gammaVPO-deltaVPO-3-1,0.2555019786673813,0.1022007914669525,0.033655706533036,0.2301564153757525,3.24998516864909,1,P-V-Si,130.0,5.0,529.0,0.0,3.2723414528593855,0.021979602203169277
0.0,0.0,0.0,0.0,0.0,0.0,0.0,0.0,0.0,0.0,0.0,0.0,0.0,0.0,0.0,0.0,0.0,0.0,0.0,0.0,0.0,0.1015775924799303,0.0,0.0,0.0,0.0,0.0,0.0,0.0,0.8016818432534694,0.0967405642666003,0.0,0.0,0.0,HAc,FORM,MeOH + H$_2$O,2.5,0.0,0.03,0.4433333333333333,633,1,0.2845499999999999,0.7113749999999999,101021acssuschemeng0c05916,1,0.0849544079069042,0.0339817631627617,0.0111905224222344,0.0765270081124376,1.4504266061945768,1,P-V-Si,144.4175729128198,4.516516183400643,500.5060872618874,0.2497272156858764,1.4096699318274772,0.0005518438270209953
0.0,0.0,0.0,0.0,0.0,0.0,0.0,0.0,0.0,0.0,0.0,0.0,0.0,0.0,0.0,0.0,0.0,0.0,0.0447511737987761,0.0,0.0,0.1078383854360289,0.0,0.0,0.0,0.0,0.0,0.0,0.0,0.7447072165404055,0.1027032242247894,0.0,0.0,0.0,HAc,FORM,MeOH + H$_2$O,2.5,0.0,0.03,1.3333333333333333,633,1,0.2510936,0.627734,101039d2ra06960a,V-Ti-Nb,0.2555019786673813,0.1022007914669525,0.033655706533036,0.2301564153757525,3.84929469784296,1,P-V-Si,147.48070779411776,4.60663406063087,475.462292013753,0.2386291771133719,3.7199327729109712,0.0010543099208608095
0.0,0.0,0.0,0.0,0.0,0.0,0.0,0.0,0.0,0.0,0.0,0.0,0.0,0.0,0.0,0.0,0.0414603541786402,0.0,0.0,0.0,0.0,0.1082098872530035,0.0,0.0,0.0,0.0,0.0,0.0,0.0,0.7472727230893051,0.103057035479051,0.0,0.0,0.0,HAc,FORM,MeOH + H$_2$O,2.5,0.0,0.03,1.3333333333333333,633,1,0.2314884,0.578721,101039d2ra06960a,V-Ti-Mo,0.2555019786673813,0.1022007914669525,0.033655706533036,0.2301564153757525,3.548744654312774,1,P-V-Si,145.75553408874174,4.770929394318562,435.0847821626755,0.5083505737074097,3.352557848131912,0.0064312025351503585
0.0,0.0,0.0,0.0,0.0,0.0,0.0,0.0,0.0,0.0,0.0,0.0,0.0,0.0,0.0,0.0,0.0,0.0,0.0,0.0,0.0,0.1099378604615934,0.0,0.0,0.0,0.0,0.0,0.0,0.0,0.7592057107098282,0.1047027242491366,0.0261537045794417,0.0,0.0,HAc,FORM,MeOH + H$_2$O,2.5,0.0,0.03,1.3333333333333333,633,1,0.1822952199999999,0.4557380499999999,101039d2ra06960a,V-Ti-W,0.2555019786673813,0.1022007914669525,0.033655706533036,0.2301564153757525,2.794607364696334,1,P-V-Si,146.74543587860816,4.743154291866009,471.20530260189486,0.4849294953096394,2.6460543759143498,0.002430352113950743
0.0,0.0,0.0,0.0260288539352753,0.0,0.0,0.0,0.0,0.0,0.0,0.0,0.0,0.0,0.0,0.0,0.0,0.0,0.0,0.0,0.0,0.0,0.109951954895963,0.0,0.0,0.0,0.0,0.0,0.0,0.0,0.7593030436487969,0.1047161475199648,0.0,0.0,0.0,HAc,FORM,MeOH + H$_2$O,2.5,0.0,0.03,1.3333333333333333,633,1,0.1463668799999999,0.3659171999999999,101039d2ra06960a,V-Ti-Bi,0.2555019786673813,0.1022007914669525,0.033655706533036,0.2301564153757525,2.2438216470822687,1,P-V-Si,144.68634374292247,4.596040058362389,433.0778370977575,0.2407763071897489,2.0911292877424774,0.007964754034120532
0.0,0.0,0.0,0.0,0.0,0.0,0.0,0.0,0.0,0.0,0.0,0.0,0.0,0.0,0.0,0.0,0.0,0.0,0.0,0.0,0.0,0.133847072637405,0.0,0.0,0.0,0.7323058547251898,0.0,0.0,0.0,0.0,0.133847072637405,0.0,0.0,0.0,HAc,FORM,MeOH + H$_2$O,2.5,0.0,0.03,0.4433333333333333,633,1,0.2290287999999999,0.572572,101039d3nj00221g,VPO-MCF,0.0849544079069042,0.0339817631627617,0.0111905224222344,0.0765270081124376,1.1674203658577278,1,P-V-Si,121.36823156187278,4.545696397993304,378.1695684934254,0.2479118392104376,1.042408740230519,0.008235155850588923
0.0,0.0,0.0,0.0,0.0,0.0,0.0,0.0,0.0,0.0,0.0,0.0,0.0,0.0,0.0,0.0,0.0,0.0,0.0,0.0,0.0,0.1015775924799303,0.0,0.0,0.0,0.0,0.0,0.0,0.0,0.8016818432534694,0.0967405642666003,0.0,0.0,0.0,HAc,FORM,MeOH + H$_2$O,2.5,0.0,0.03,0.4433333333333333,633,1,0.245156,0.6128900000000002,101039d3nj00221g,UnModifiedV-Ti,0.0849544079069042,0.0339817631627617,0.0111905224222344,0.0765270081124376,1.249624969489502,1,P-V-Si,144.4175729128198,4.516516183400643,500.5060872618874,0.2497272156858764,1.1632774496110088,0.0026650402097385265
0.0,0.0,0.0,0.0,0.0,0.0,0.0,0.0,0.0,0.0,0.0,0.0,0.0,0.0,0.0,0.0,0.0,0.0,0.0,0.0,0.0,0.1022903000348021,0.0,0.0,0.0,0.0938969584445408,0.0,0.0,0.0,0.7063934081541788,0.0974193333664782,0.0,0.0,0.0,HAc,FORM,MeOH + H$_2$O,2.5,0.0,0.03,0.4433333333333333,633,1,0.24657582,0.61643955,101039d3nj00221g,AllylSi-V-Ti,0.0849544079069042,0.0339817631627617,0.0111905224222344,0.0765270081124376,1.2568621675355645,1,P-V-Si,137.31474876625424,4.418378746881043,580.5778089989358,0.2433379710392911,1.254373042002042,0.0010673445599929789
0.0,0.0,0.0,0.0,0.0,0.0,0.0,0.0,0.0,0.0,0.0,0.0,0.0,0.0,0.0,0.0,0.0,0.0,0.0,0.0,0.0,0.1022903000348021,0.0,0.0,0.0,0.0938969584445408,0.0,0.0,0.0,0.7063934081541788,0.0974193333664782,0.0,0.0,0.0,HAc,FORM,MeOH + H$_2$O,2.5,0.0,0.03,0.4433333333333333,633,1,0.3349959999999999,0.8374899999999998,101039d3nj00221g,Glycosidil-Si-V-Ti,0.0849544079069042,0.0339817631627617,0.0111905224222344,0.0765270081124376,1.7075632098708782,1,P-V-Si,137.31474876625424,4.418378746881043,580.5778089989358,0.2433379710392911,1.6499165459713139,9.136624686175298e-05
0.0,0.0,0.0,0.0,0.0,0.0,0.0,0.0,0.0,0.0,0.0,0.0,0.0,0.0,0.0,0.0,0.0,0.0,0.0,0.0,0.0,0.133847072637405,0.0,0.0,0.0,0.7323058547251898,0.0,0.0,0.0,0.0,0.133847072637405,0.0,0.0,0.0,HAc,FORM,MeOH + H$_2$O,2.5,0.0,0.1,2.6666666666666665,633,1,0.175812,0.43953,102139ssrn4741336,1,0.5110039573347626,0.204401582933905,0.0673114130660721,0.460312830751505,5.390437664816356,1,P-V-Si,121.36823156187278,4.545696397993304,378.1695684934254,0.2479118392104376,6.374510731002276,3.1167028181568934e-17
0.0,0.0,0.0,0.0,0.0,0.0,0.0,0.0,0.0,0.0,0.0,0.0,0.0,0.0,0.0,0.0,0.0,0.0,0.0,0.0,0.0,0.0704626346521857,0.0,0.0,0.0,0.90811580458234,0.0,0.0,0.0,0.0,0.0214215607654744,0.0,0.0,0.0,HAc,FORM,MeOH + H$_2$O,10.0,0.0,0.0,2.0,643,1,0.0219,0.219,101021acsiecr5b01422,1,0.5157041230938302,0.051570412309383,0.0169826342590849,0.1161366860883381,0.6776352177452929,1,P-V-Si,117.58876358087517,4.441154735879133,281.07520617628376,0.2465372348905454,0.6929874492798217,0.012404180374757667
0.0,0.0,0.0,0.0,0.0,0.0,0.0,0.0,0.0,0.0,0.0,0.0,0.0,0.0,0.0,0.0,0.0,0.0,0.0,0.0,0.0,0.0704626346521857,0.0,0.0,0.0,0.90811580458234,0.0,0.0,0.0,0.0,0.0214215607654744,0.0,0.0,0.0,HAc,FORM,MeOH + H$_2$O,10.0,0.0,0.0,2.0,643,1,0.0219,0.219,101016jcej201604107,1,0.5157041230938302,0.051570412309383,0.0169826342590849,0.1161366860883381,0.6776352177452929,1,P-V-Si,117.58876358087517,4.441154735879133,281.07520617628376,0.2465372348905454,0.7273573538743036,0.010292620042832714
0.8999853638612879,0.0,0.0,0.0,0.0,0.0,0.0,0.0,0.0,0.0,0.0,0.0,0.0,0.0,0.0,0.0,0.0,0.0,0.0,0.0,0.0,0.050007318069356,0.0,0.0,0.0,0.0,0.0,0.0,0.0,0.0,0.050007318069356,0.0,0.0,0.0,MAc,TRX,,5.0,0.0,0.21,1.0,623,1,0.07728,0.3864,101021acsiecr6b03079,1,0.2092174864874706,0.0418434972974941,0.0,0.0,0.970099641345104,1,P-V-Si,125.10967332661887,3.9132607392486407,261.6551106193128,0.9924763006443076,0.7825033948570872,0.01661120474592127
0.0,0.0,0.0,0.0,0.0,0.0,0.0,0.0,0.0,0.0,0.0,0.0,0.0,0.0,0.0,0.0,0.0,0.0,0.0,0.0,0.0,0.5454545454545454,0.0,0.0,0.0,0.0,0.0,0.0,0.0,0.0,0.4545454545454545,0.0,0.0,0.0,MAc,TRX,,5.0,0.0,0.21,2.0,643,1,0.14934,0.7467,101021acsiecr7b01212,1,0.4184349729749413,0.0836869945949882,0.0,0.0,3.749344731844664,1,P-V-Si,129.37114739962163,5.0,528.6045444069974,0.0,3.9155739042271707,0.0010046291754645207
0.0,0.0,0.0,0.0,0.0,0.0,0.0,0.0,0.0,0.0,0.0,0.0,0.0,0.0,0.0,0.0,0.0,0.0,0.0,0.0,0.0,0.5121951219512195,0.0,0.0,0.0,0.0,0.0,0.0,0.0,0.0,0.4878048780487804,0.0,0.0,0.0,MAc,TRX,,5.0,0.0,0.0,1.6666666666666667,643,1,0.061,0.305,101016jcattod201806019,VPO,0.3486958108124511,0.0697391621624902,0.0,0.0,1.2762266675735712,1,P-V-Si,129.8316769387775,5.0,528.9716673470607,0.0,1.4940911260823002,0.09808895011751287
0.0,0.0,0.0,0.0,0.0,0.0,0.0,0.0,0.0,0.0,0.0,0.0,0.0,0.0,0.0,0.0,0.0,0.0,0.0,0.0,0.0,0.5072463768115942,0.0,0.0,0.0,0.0,0.0,0.0,0.0,0.0,0.4830917874396134,0.0,0.0,0.0096618357487922,MAc,TRX,,5.0,0.0,0.0,1.6666666666666667,643,1,0.0802,0.401,101016jcattod201806019,VPO-Zr,0.3486958108124511,0.0697391621624902,0.0,0.0,1.677924241629515,1,P-V-Si,135.8421399351691,4.866931898528868,693.9392807787153,0.1153609818420002,1.8954547465183842,0.04713948410687941
0.0,0.0,0.0,0.0,0.0,0.0,0.0,0.0,0.0,0.0,0.0,0.0,0.0,0.0,0.0,0.0,0.0,0.0,0.0,0.0,0.0,0.5072463768115942,0.0,0.0,0.0,0.0,0.0,0.0,0.0,0.0,0.4830917874396134,0.0,0.0,0.0096618357487922,MAc,TRX,,5.0,0.0,0.0,2.0,653,1,0.044352618025751,0.2217630901287553,101021acsiecr7b03521,1,0.4184349729749413,0.0836869945949882,0.0,0.0,1.1135211914983825,1,P-V-Si,135.8421399351691,4.866931898528868,693.9392807787153,0.1153609818420002,1.3081386842288978,0.026706489614164955
0.0,0.0,0.0,0.0,0.0,0.0,0.0,0.0,0.0,0.0,0.0,0.0,0.0,0.0,0.0,0.0,0.0,0.0,0.0,0.0,0.0,0.0080777190376295,0.0,0.0,0.0,0.8949896525108159,0.0,0.0,0.0,0.0,0.0,0.0969326284515544,0.0,0.0,HAc,TRX,,3.0,0.0,0.0,2.295081967213115,673,1,0.1413253333333333,0.4239759999999999,101002jctb6360,1,0.6687244928800516,0.2229081642933505,0.0,0.0,5.670462711866255,1,P-V-Si,125.3464767982142,4.722995683665482,556.3499672976066,0.784627485503044,6.865721133157033,0.27157556652362075
0.0,0.0,0.0,0.0,0.0,0.0,0.0,0.0,0.0,0.0,0.0,0.0,0.0,0.0,0.0,0.0,0.0,0.0,0.0,0.0,0.0,0.3472222222222222,0.0,0.3263888888888889,0.0,0.0,0.0,0.0,0.0,0.3263888888888889,0.0,0.0,0.0,0.0,HAc,FORM,MeOH + H$_2$O,2.5,0.0,0.21,5.0,633,1,0.1277268,0.319317,101039d2cc06618a,1,0.9581324200026798,0.3832529680010719,0.1262088994988852,0.8630865576590718,7.342751278991897,1,P-V-Si,123.89448841475031,5.0,646.4232398448995,0.662528957441189,7.129480258217917,0.05206506311861638
0.0,0.0,0.0,0.0,0.0,0.0,0.0,0.0,0.0,0.0,0.0,0.0,0.0,0.0,0.0,0.0,0.0,0.0,0.0,0.0,0.0,0.4126431684398502,0.0,0.2475859010639101,0.0,0.0,0.0,0.0,0.0,0.3397709304962398,0.0,0.0,0.0,0.0,HAc,MeOH,,0.5,0.0,0.21,1.5,653,1,0.1832424860194942,0.0916212430097471,101016jjcat2024115612,1,0.1807606985491203,0.3615213970982406,0.0,0.0,1.987382386605672,1,P-V-Si,124.23596383953314,4.969494108910039,650.1160002390172,0.6420910311797585,1.659795027192784,0.01771638564417303
0.0,0.0,0.0,0.0,0.0,0.0,0.0,0.0,0.0,0.0,0.0,0.0,0.0,0.0,0.0,0.0,0.0,0.0,0.0,0.0,0.0,0.1080848099890603,0.0,0.0,0.0,0.8378727850164095,0.0,0.0,0.0,0.0,0.0540424049945301,0.0,0.0,0.0,HAc,TRX,,3.0,0.0,0.0,5.0,623,1,0.156672,0.470016,101016japcata2023119441,VPO-SiO2,1.456864073774398,0.4856213579247994,0.0,0.0,13.69498848998295,1,P-V-Si,119.2262981280204,4.495046528108277,328.09516469589346,0.2499754631162179,18.77638800256931,0.15645558321257377
0.0,0.0,0.0,0.0,0.0,0.0,0.0,0.0,0.0,0.0,0.0,0.0,0.0,0.0,0.0078713419785482,0.0,0.0,0.0,0.0,0.0,0.0,0.1049512263806435,0.0,0.0,0.0,0.8347018184504864,0.0,0.0,0.0,0.0,0.0524756131903217,0.0,0.0,0.0,HAc,TRX,,3.0,0.0,0.0,5.0,623,1,0.1984775799999999,0.5954327399999999,101016japcata2023119441,VPO1%Mg-SiO2,1.456864073774398,0.4856213579247994,0.0,0.0,17.349291345101037,1,P-V-Si,121.61892870778348,4.215914338676477,337.70548426712026,0.8364347979484289,17.747318713535968,0.04979227388212415
0.0,0.0,0.0,0.0,0.0078068144069351,0.0,0.0,0.0,0.0,0.0,0.0,0.0,0.0,0.0,0.0,0.0,0.0,0.0,0.0,0.0,0.0,0.1040908587591352,0.0,0.0,0.0,0.836056897454362,0.0,0.0,0.0,0.0,0.0520454293795676,0.0,0.0,0.0,HAc,TRX,,3.0,0.0,0.0,5.0,623,1,0.20087336,0.60262008,101016japcata2023119441,VPO1%Ca-SiO2,1.456864073774398,0.4856213579247994,0.0,0.0,17.558710893741075,1,P-V-Si,125.49124796384072,4.215626748029056,609.0848712118944,0.8353827071261204,19.761825357583188,0.06964084909351591
0.0,0.0,0.0,0.0,0.0,0.0,0.0,0.0,0.0,0.0,0.0,0.0,0.0,0.0,0.0,0.0,0.0,0.0,0.0,0.0,0.0,0.1015808709236687,0.0,0.0,0.0,0.8400101282952218,0.0,0.0076185653192751,0.0,0.0,0.0507904354618344,0.0,0.0,0.0,HAc,TRX,,3.0,0.0,0.0,5.0,623,1,0.2068854,0.6206562,101016japcata2023119441,VPO1%Sr-SiO2,1.456864073774398,0.4856213579247994,0.0,0.0,18.08423439890675,1,P-V-Si,127.53555793549236,4.21477618771508,855.5448592271612,0.8322701403061458,20.556014147931464,0.06870677807394661
0.0,0.0,0.007431213098437,0.0,0.0,0.0,0.0,0.0,0.0,0.0,0.0,0.0,0.0,0.0,0.0,0.0,0.0,0.0,0.0,0.0,0.0,0.099082841312494,0.0,0.0,0.0,0.8439445249328219,0.0,0.0,0.0,0.0,0.049541420656247,0.0,0.0,0.0,HAc,TRX,,3.0,0.0,0.0,5.0,623,1,0.21824,0.65472,101016japcata2023119441,VPO1%Ba-SiO2,1.456864073774398,0.4856213579247994,0.0,0.0,19.07676092763148,1,P-V-Si,129.67219146896375,4.213911906957748,1189.9724771513245,0.8291058823656503,21.94215338559534,0.07307203053146494
0.0,0.0,0.0,0.0,0.0,0.0,0.0,0.0,0.0,0.0,0.0,0.0,0.0,0.0,0.0,0.0,0.0,0.0,0.0,0.0,0.0,0.6250000000000001,0.0,0.0,0.0,0.0,0.0,0.0,0.0,0.25,0.125,0.0,0.0,0.0,HAc,TRX,,3.0,0.0,0.01,2.5,638,1,0.180194,0.540582,1019906jcnkijfct2022036,1,0.728432036887199,0.2428106789623997,0.0,0.0,7.875544947291116,1,P-V-Si,135.88276253559428,4.6803717507377485,612.9751854261035,0.2174660315357996,22.28028647168576,1.1814052532120918
0.5114282662476,0.0,0.0,0.0,0.0,0.0,0.0,0.0,0.0,0.0,0.0,0.0,0.0,0.0,0.0,0.0,0.0,0.0,0.0,0.0,0.0,0.2664936729558546,0.0,0.0,0.0,0.0,0.0,0.0,0.0,0.0,0.2220780607965455,0.0,0.0,0.0,HAc,TRX,,5.0,0.0,0.0,2.0,623,1,0.10296,0.5148,101039d3cy00844d,1,0.5827864242127061,0.1165572848425412,0.0,0.0,3.600221414216413,1,P-V-Si,126.15268818105042,4.231059001848015,341.9554081817262,0.9466117376649988,3.619399609991337,0.007201627961308519
0.0,0.0,0.0,0.0,0.0,0.0,0.0,0.0,0.0208753300457327,0.0,0.0,0.0,0.0,0.0,0.0,0.0,0.0,0.0,0.0,0.0,0.0,0.0,0.0,0.0,0.0,0.9791246699542674,0.0,0.0,0.0,0.0,0.0,0.0,0.0,0.0,MAc,TRX,,0.5,0.0,0.0,3.6,663,1,0.468512,0.234256,101016jjiec201411014,1,0.7526722312417145,1.505344462483429,0.0,0.0,21.15815834421109,2,Si-Cs-Zr,142.8776200268826,3.2809559392432504,3223.5408049970765,1.640107820960693,24.994332928976664,0.10144161188603008
1.0,0.0,0.0,0.0,0.0,0.0,0.0,0.0,0.0,0.0,0.0,0.0,0.0,0.0,0.0,0.0,0.0,0.0,0.0,0.0,0.0,0.0,0.0,0.0,0.0,0.0,0.0,0.0,0.0,0.0,0.0,0.0,0.0,0.0,MAc,TRX,MeOH,0.5,1.0,0.0,7.199999999999999,663,1,0.3347074067112566,0.1673537033556283,101007s1056201720148,gamma-Alumina,0.7461299265281326,1.4922598530562652,1.4922598530562652,0.0,14.9841127666735,0,Al-Si-Cs,121.0,3.0,0.0,0.0,15.421394708222543,0.0906536564180173
0.9963014203494563,0.0,0.0036985796505435,0.0,0.0,0.0,0.0,0.0,0.0,0.0,0.0,0.0,0.0,0.0,0.0,0.0,0.0,0.0,0.0,0.0,0.0,0.0,0.0,0.0,0.0,0.0,0.0,0.0,0.0,0.0,0.0,0.0,0.0,0.0,MAc,TRX,MeOH,0.5,1.0,0.0,7.199999999999999,663,1,0.3451327193793119,0.1725663596896559,101007s1056201720148,1Ba-gamma-Alumina,0.7461299265281326,1.4922598530562652,1.4922598530562652,0.0,15.450831033176437,0,Al-Si-Cs,135.78153943983548,2.8427495804272818,1170.9707991331236,0.1325227251169221,16.981909061448942,0.11390872965035673
0.9817767030089496,0.0,0.0182232969910503,0.0,0.0,0.0,0.0,0.0,0.0,0.0,0.0,0.0,0.0,0.0,0.0,0.0,0.0,0.0,0.0,0.0,0.0,0.0,0.0,0.0,0.0,0.0,0.0,0.0,0.0,0.0,0.0,0.0,0.0,0.0,MAc,TRX,MeOH,0.5,1.0,0.0,7.199999999999999,663,1,0.3991596945210403,0.1995798472605201,101007s1056201720148,5Ba-gamma-Alumina,0.7461299265281326,1.4922598530562652,1.4922598530562652,0.0,17.869499612758542,0,Al-Si-Cs,142.82564861280142,2.7678122487999848,1575.2520322338532,0.178276599392695,18.39701244179862,0.06678941027334066
0.9642056962458,0.0,0.0357943037541999,0.0,0.0,0.0,0.0,0.0,0.0,0.0,0.0,0.0,0.0,0.0,0.0,0.0,0.0,0.0,0.0,0.0,0.0,0.0,0.0,0.0,0.0,0.0,0.0,0.0,0.0,0.0,0.0,0.0,0.0,0.0,MAc,TRX,MeOH,0.5,1.0,0.0,7.199999999999999,663,1,0.4000952274358071,0.2000476137179035,101007s1056201720148,10Ba-gamma-Alumina,0.7461299265281326,1.4922598530562652,1.4922598530562652,0.0,17.911381359056115,0,Al-Si-Cs,146.501868108742,2.728703530758064,1746.8303251860757,0.1976946950187953,19.63257425376244,0.12890219070387302
1.0,0.0,0.0,0.0,0.0,0.0,0.0,0.0,0.0,0.0,0.0,0.0,0.0,0.0,0.0,0.0,0.0,0.0,0.0,0.0,0.0,0.0,0.0,0.0,0.0,0.0,0.0,0.0,0.0,0.0,0.0,0.0,0.0,0.0,MAc,TRX,MeOH,0.5,1.0,0.0,7.199999999999999,663,1,0.2973479999999999,0.1486739999999999,101039c7ra10008f,Alumina,0.7461299265281326,1.4922598530562652,1.4922598530562652,0.0,13.311614483597229,0,Al-Si-Cs,121.0,3.0,0.0,0.0,14.807445454289072,0.09863581237454437
0.9817767030089496,0.0,0.0182232969910503,0.0,0.0,0.0,0.0,0.0,0.0,0.0,0.0,0.0,0.0,0.0,0.0,0.0,0.0,0.0,0.0,0.0,0.0,0.0,0.0,0.0,0.0,0.0,0.0,0.0,0.0,0.0,0.0,0.0,0.0,0.0,MAc,TRX,MeOH,0.5,1.0,0.0,7.199999999999999,663,1,0.361566,0.180783,101039c7ra10008f,5Ba-Alumina,0.7461299265281326,1.4922598530562652,1.4922598530562652,0.0,16.18651278090425,0,Al-Si-Cs,142.82564861280142,2.7678122487999848,1575.2520322338532,0.178276599392695,19.50693969530234,0.10264356375991668
0.9800110940267144,0.0,0.0181905245523127,0.0,0.0,0.0,0.0,0.0,0.0,0.0,0.0,0.0,0.0017983814209731,0.0,0.0,0.0,0.0,0.0,0.0,0.0,0.0,0.0,0.0,0.0,0.0,0.0,0.0,0.0,0.0,0.0,0.0,0.0,0.0,0.0,MAc,TRX,MeOH,0.5,1.0,0.0,7.199999999999999,663,1,0.37762,0.18881,101039c7ra10008f,5Ba-0.5La-Alumina,0.7461299265281326,1.4922598530562652,1.4922598530562652,0.0,16.90521497133321,0,Al-Si-Cs,149.49461868123333,2.79194109668918,1795.0542080869122,0.1647703960639193,19.639376819513537,0.08109402009589388
0.0,0.0,0.0,0.0,0.0,0.0,0.0,0.0,0.0,0.0,0.0,0.0,0.0,0.0,0.0,0.0,0.0,0.0,0.0,0.0,0.0,0.0,0.0,0.0,0.0,0.0,0.0,0.0,0.0,1.0,0.0,0.0,0.0,0.0,MAc,TRX,MeOH,0.5,1.0,0.0,7.199999999999999,663,1,0.103992,0.051996,101007s1056201825359,TiO2,0.7461299265281326,1.4922598530562652,1.4922598530562652,0.0,4.655492599170814,0,Al-Si-Cs,160.0,4.0,0.0,0.0,4.82321075603448,0.04727391771648664
1.0,0.0,0.0,0.0,0.0,0.0,0.0,0.0,0.0,0.0,0.0,0.0,0.0,0.0,0.0,0.0,0.0,0.0,0.0,0.0,0.0,0.0,0.0,0.0,0.0,0.0,0.0,0.0,0.0,0.0,0.0,0.0,0.0,0.0,MAc,TRX,MeOH,0.5,1.0,0.0,7.199999999999999,663,1,0.28960092,0.14480046,101007s1056201825359,Al2O3,0.7461299265281326,1.4922598530562652,1.4922598530562652,0.0,12.964794789724776,0,Al-Si-Cs,121.0,3.0,0.0,0.0,13.638022637875972,0.07249997295113916
0.986842105263158,0.0,0.0,0.0,0.0,0.0,0.0,0.0,0.0,0.0,0.0,0.0,0.0,0.0,0.0,0.0,0.0,0.0,0.0,0.0,0.0,0.0,0.0,0.0,0.0,0.0,0.0,0.0,0.0,0.0131578947368421,0.0,0.0,0.0,0.0,MAc,TRX,MeOH,0.5,1.0,0.0,7.199999999999999,663,1,0.26691808,0.13345904,101007s1056201825359,Ti-Al2O3,0.7461299265281326,1.4922598530562652,1.4922598530562652,0.0,11.949334045165813,0,Al-Si-Cs,129.38367873074833,3.21496612130124,256.67740143878325,0.1687556879939403,12.87294778379766,0.08790414299740656
0.986842105263158,0.0,0.0,0.0,0.0,0.0,0.0,0.0,0.0,0.0,0.0,0.0,0.0,0.0,0.0,0.0,0.0,0.0,0.0,0.0,0.0,0.0,0.0,0.0,0.0,0.0,0.0,0.0,0.0,0.0131578947368421,0.0,0.0,0.0,0.0,MAc,TRX,MeOH,0.5,1.0,0.0,7.199999999999999,663,1,0.332175,0.1660875,101007s1056201825359,gamma-TiAl2O3,0.7461299265281326,1.4922598530562652,1.4922598530562652,0.0,14.870742500668946,0,Al-Si-Cs,129.38367873074833,3.21496612130124,256.67740143878325,0.1687556879939403,16.038797651752727,0.08646699127736186
0.0,0.0,0.0267796523838205,0.0,0.0,0.0,0.0,0.0,0.0,0.0,0.0,0.0,0.0,0.0,0.0,0.0,0.0,0.0,0.0,0.0,0.0,0.0,0.0,0.0,0.0,0.0,0.0,0.0,0.0,0.9732203476161796,0.0,0.0,0.0,0.0,MAc,TRX,MeOH,0.5,1.0,0.0,7.199999999999999,663,1,0.20468523,0.102342615,101007s1056201825359,Ba-TiO2,0.7461299265281326,1.4922598530562652,1.4922598530562652,0.0,9.163306537277634,0,Al-Si-Cs,173.9647990571907,3.492189125193065,573.0483354377745,0.7577498650416854,9.325998438585303,0.10109601721987778
0.9827386228095196,0.0,0.0172613771904803,0.0,0.0,0.0,0.0,0.0,0.0,0.0,0.0,0.0,0.0,0.0,0.0,0.0,0.0,0.0,0.0,0.0,0.0,0.0,0.0,0.0,0.0,0.0,0.0,0.0,0.0,0.0,0.0,0.0,0.0,0.0,MAc,TRX,MeOH,0.5,1.0,0.0,7.199999999999999,663,1,0.36957286,0.18478643,101007s1056201825359,Ba-Al2O3,0.7461299265281326,1.4922598530562652,1.4922598530562652,0.0,16.54496225271551,0,Al-Si-Cs,142.5493246302948,2.770751865635161,1561.263123225881,0.1766934272550793,17.43760130689672,0.0670314372887099
0.9696830661945772,0.0,0.0173878262561616,0.0,0.0,0.0,0.0,0.0,0.0,0.0,0.0,0.0,0.0,0.0,0.0,0.0,0.0,0.0,0.0,0.0,0.0,0.0,0.0,0.0,0.0,0.0,0.0,0.0,0.0,0.012929107549261,0.0,0.0,0.0,0.0,MAc,TRX,MeOH,0.5,1.0,0.0,7.199999999999999,663,1,0.38134003,0.190670015,101007s1056201825359,Ba-Ti-Al2O3,0.7461299265281326,1.4922598530562652,1.4922598530562652,0.0,17.071752513968153,0,Al-Si-Cs,145.6721636505037,2.9838191034027224,1337.0900032777708,0.3640568100752115,17.571945002345497,0.08110748746757002
0.9696830661945772,0.0,0.0173878262561616,0.0,0.0,0.0,0.0,0.0,0.0,0.0,0.0,0.0,0.0,0.0,0.0,0.0,0.0,0.0,0.0,0.0,0.0,0.0,0.0,0.0,0.0,0.0,0.0,0.0,0.0,0.012929107549261,0.0,0.0,0.0,0.0,MAc,TRX,MeOH,0.5,1.0,0.0,7.199999999999999,663,1,0.451,0.2255,101007s1056201825359,Ba-gamma-TiAl2O3,0.7461299265281326,1.4922598530562652,1.4922598530562652,0.0,20.19027581185127,0,Al-Si-Cs,145.6721636505037,2.9838191034027224,1337.0900032777708,0.3640568100752115,18.42031006615656,0.040652769512774044
0.0,0.0,0.0,0.0,0.0,0.0,0.0,0.0,0.0,0.0,0.0,0.0,0.0,0.0,0.0,0.0,0.0,0.0,0.0,0.0,0.0,0.0,0.0,0.0,0.0,1.0,0.0,0.0,0.0,0.0,0.0,0.0,0.0,0.0,MAc,TRX,MeOH,3.0,3.0,0.0,7.199999999999999,663,1,0.0,0.0,101007s1114401814198,SBA15,0.9981460601120156,0.3327153533706719,0.9981460601120156,0.0,0.0,2,Si-Cs-Zr,111.0,4.0,0.0,0.0,0,0
0.0,0.0,0.0,0.0,0.0,0.0909090909090909,0.0,0.0,0.0,0.0,0.0,0.0,0.0,0.0,0.0,0.0,0.0,0.0,0.0,0.0,0.0,0.0,0.0,0.0,0.0,0.9090909090909092,0.0,0.0,0.0,0.0,0.0,0.0,0.0,0.0,MAc,TRX,MeOH,3.0,3.0,0.0,7.199999999999999,663,1,0.0532799,0.1598397,101007s1114401814198,Ce-SBA15(10),0.9981460601120156,0.3327153533706719,0.9981460601120156,0.0,3.1908673360897306,2,Si-Cs-Zr,142.04903351376967,4.0,1923.517634641386,0.0,2.928833463537348,0.02775291046819026
0.0,0.0,0.0,0.0,0.0,0.0873240350214437,0.0,0.0,0.0394750766069558,0.0,0.0,0.0,0.0,0.0,0.0,0.0,0.0,0.0,0.0,0.0,0.0,0.0,0.0,0.0,0.0,0.8732008883716004,0.0,0.0,0.0,0.0,0.0,0.0,0.0,0.0,MAc,TRX,MeOH,3.0,3.0,0.0,7.199999999999999,663,1,0.1733004,0.5199012000000001,101007s1114401814198,10Cs-Ce-SBA15imp,0.9981460601120156,0.3327153533706719,0.9981460601120156,0.0,10.378746688550182,2,Si-Cs-Zr,163.28553307122772,3.3751032003660613,3236.927931765915,1.4841943887090778,10.755976330932112,0.037650373428188506
0.0,0.0,0.0,0.0,0.0,0.0863440471020415,0.0,0.0,0.0502154818775429,0.0,0.0,0.0,0.0,0.0,0.0,0.0,0.0,0.0,0.0,0.0,0.0,0.0,0.0,0.0,0.0,0.8634404710204153,0.0,0.0,0.0,0.0,0.0,0.0,0.0,0.0,MAc,TRX,MeOH,3.0,3.0,0.0,7.199999999999999,663,1,0.22425,0.67275,101007s1114401814198,10Cs-Ce-SBA15(10),0.9981460601120156,0.3327153533706719,0.9981460601120156,0.0,13.430055238807167,2,Si-Cs-Zr,164.58391107766937,3.3368907130387035,3287.982006055037,1.5496139344295692,13.021866648451617,0.003887437477683749
0.9327519273163696,0.0,0.0,0.0,0.0,0.0,0.0,0.0,0.0337473797081572,0.0,0.0,0.0,0.0,0.0,0.0,0.0,0.0,0.0,0.0,0.0,0.0,0.0335006929754734,0.0,0.0,0.0,0.0,0.0,0.0,0.0,0.0,0.0,0.0,0.0,0.0,MAc,TRX,MeOH,5.0,0.75,0.0,3.4,653,1,0.0941999999999999,0.471,101039c6cy00620e,1,0.6608707194133101,0.132174143882662,0.0991306079119965,0.0,3.735241306124028,0,Al-Si-Cs,144.1752980191057,2.9990653532485325,2720.255965541523,1.6985889516000672,4.363706941645572,0.01494889815088584
0.0532854016359133,0.0,0.0,0.0,0.0,0.0,0.0,0.0,0.0,0.0,0.0,0.0,0.0,0.0,0.0,0.0,0.0,0.0,0.0,0.0,0.0,0.1474335738253869,0.0,0.0,0.0,0.7992810245386999,0.0,0.0,0.0,0.0,0.0,0.0,0.0,0.0,MAc,TRX,,5.0,0.0,0.21,1.2,623,1,0.0802909119999999,0.4014545599999999,101002cjce22889,1,0.2510609837849648,0.0502121967569929,0.0,0.0,1.2094749213427218,0,Al-Si-Cs,111.9916270336498,4.077444956879141,25.416327785417444,0.5052495225885824,1.4531185184559754,0.035227721776611216
0.9162763025301396,0.0,0.0,0.0,0.0,0.0033337949398801,0.0,0.0,0.0351466403302122,0.0,0.0,0.0,0.0,0.0,0.0,0.0,0.0,0.0,0.0,0.0,0.0,0.045243262199768,0.0,0.0,0.0,0.0,0.0,0.0,0.0,0.0,0.0,0.0,0.0,0.0,EAc,TRX,EtOH,5.0,1.0,0.0,1.288659793814433,623,1,0.31377681,1.56888405,101016jjiec201611002,1,0.1960189924641642,0.0392037984928328,0.0,0.0,3.690372849289169,0,Al-Si-Cs,149.44976424988434,3.124376260412555,2772.346082597229,1.6681120367074156,3.1773162646361226,0.010292081377558215
0.4442470113139903,0.0,0.0,0.0,0.0,0.0,0.0,0.0,0.0,0.0,0.0,0.0,0.0,0.0,0.0,0.0,0.0,0.0,0.0,0.0,0.0,0.1115059773720191,0.0,0.0,0.0,0.4442470113139903,0.0,0.0,0.0,0.0,0.0,0.0,0.0,0.0,MAc,TRX,,5.0,0.0,0.0,1.2,643,1,0.086,0.43,101016jmicromeso201707045,Trioxane,0.2510609837849648,0.0502121967569929,0.0,0.0,1.295474676330418,0,Al-Si-Cs,113.76553235741652,3.872411273763914,33.91050857476684,0.6078582081920911,1.4734054660972788,0.029969804778380293
0.4442470113139903,0.0,0.0,0.0,0.0,0.0,0.0,0.0,0.0,0.0,0.0,0.0,0.0,0.0,0.0,0.0,0.0,0.0,0.0,0.0,0.0,0.1115059773720191,0.0,0.0,0.0,0.4442470113139903,0.0,0.0,0.0,0.0,0.0,0.0,0.0,0.0,MAc,FORM,MeOH + H$_2$O,5.0,0.0,0.0,1.2,643,1,0.086,0.43,101016jmicromeso201707045,Formalin,0.2115326460031463,0.0423065292006292,0.013931948185236,0.0952744002080943,1.091508453376235,0,Al-Si-Cs,113.76553235741652,3.872411273763914,33.91050857476684,0.6078582081920911,1.3492393617297715,0.06379666714516395
0.8546766747470742,0.0,0.0,0.0,0.0,0.0,0.0,0.0,0.0384887409095415,0.0,0.0,0.0,0.0,0.0,0.0,0.0,0.0,0.0,0.0,0.0,0.0,0.1068345843433842,0.0,0.0,0.0,0.0,0.0,0.0,0.0,0.0,0.0,0.0,0.0,0.0,MAc,TRX,MeOH,0.5,1.0,0.0,1.7142857142857142,643,1,0.212,0.106,101016jcjche202111025,1,0.1776499825066982,0.3552999650133965,0.3552999650133965,0.0,2.2597077774852017,0,Al-Si-Cs,142.2507913020367,3.1464727203220653,2694.696156878957,1.9064343273807185,2.3549513420195716,0.050524418747601434
0.032798570720447,0.0,0.0,0.0,0.0,0.0,0.0,0.0,0.0395555626875822,0.0,0.0,0.0,0.0,0.0,0.0,0.0,0.0,0.0,0.0,0.0,0.0,0.0,0.0,0.0,0.0,0.9276458665919708,0.0,0.0,0.0,0.0,0.0,0.0,0.0,0.0,MAc,TRX,MeOH,1.0,2.0,0.0,1.2,628,1,0.2,0.2,101021acsiecr1c04460,1,0.1243782115317232,0.1243782115317232,0.2487564230634464,0.0,1.4925385383806786,0,Al-Si-Cs,142.50243113960292,3.127517436309975,2940.27986620238,1.438107545729585,1.5125870985849958,0.004976050173927247
0.032798570720447,0.0,0.0,0.0,0.0,0.0,0.0,0.0,0.0395555626875822,0.0,0.0,0.0,0.0,0.0,0.0,0.0,0.0,0.0,0.0,0.0,0.0,0.0,0.0,0.0,0.0,0.9276458665919708,0.0,0.0,0.0,0.0,0.0,0.0,0.0,0.0,MAc,TRX,MeOH,0.5,1.0,0.0,1.2,623,1,0.285,0.1425,101021acsiecr2c00444,1,0.1243549877546888,0.2487099755093776,0.2487099755093776,0.0,2.1264702906051784,0,Al-Si-Cs,142.50243113960292,3.127517436309975,2940.27986620238,1.438107545729585,1.918497936582411,0.006372368733323035
0.883632324501284,0.0,0.0,0.0,0.0,0.0,0.0,0.0,0.0338944785624578,0.0,0.0,0.0,0.0,0.0,0.0,0.0,0.0,0.0,0.0,0.0,0.0,0.0,0.0,0.0,0.0,0.0824731969362581,0.0,0.0,0.0,0.0,0.0,0.0,0.0,0.0,MAc,TRX,MeOH,0.5,0.5,0.0,3.08,633,1,0.2364479999999999,0.1182239999999999,101021acsiecr2c03415,1,0.4268070194254403,0.8536140388508807,0.4268070194254403,0.0,6.055059967746391,0,Al-Si-Cs,143.1413157277363,2.8601822558379126,2582.882953601921,1.0489714068445877,6.579946521843542,0.02521003708649679
0.0441513128838737,0.0,0.0,0.0,0.0,0.0,0.0,0.0,0.0728224294386516,0.0,0.0,0.0,0.0,0.0,0.0,0.0,0.0,0.0,0.0,0.0,0.0,0.0,0.0,0.0,0.0,0.8830262576774747,0.0,0.0,0.0,0.0,0.0,0.0,0.0,0.0,MAc,TRX,MeOH,1.0,2.0,0.0,2.0,653,1,0.43148475,0.43148475,101016jcej2023145655,1,0.2072970192195386,0.2072970192195386,0.4145940384390773,0.0,5.36673015082127,0,Al-Si-Cs,146.62737848988658,3.0286910853843185,3202.8069817311666,1.53743816003659,5.794738824704468,0.00785870321389025
0.0,0.0,0.0,0.0,0.0,0.0,0.0,0.0,0.0399624839678831,0.0,0.0,0.0,0.0,0.0,0.0,0.0,0.0,0.0,0.0,0.0,0.0,0.0,0.0,0.0,0.0,0.9371888693468784,0.0,0.0,0.0,0.0,0.0,0.0,0.0,0.0228486466852382,MAc,TRX,MeOH,1.0,2.0,0.0,1.2,633,1,0.28612752,0.28612752,1010800021959220232300818,1,0.1243782115317232,0.1243782115317232,0.2487564230634464,0.0,2.135281752456442,2,Si-Cs-Zr,153.31308802908248,3.321608770018371,2992.838987818197,1.5749590290288986,2.142500992838942,0.004370808469846226
0.0,0.0,0.0,0.0,0.0,0.0,0.0,0.0,0.0403310882825226,0.0,0.0,0.0,0.0,0.0,0.0,0.0,0.0,0.0,0.0,0.0,0.0,0.0,0.0,0.0,0.0,0.9458332734622712,0.0,0.0,0.0,0.0,0.0,0.0,0.0,0.0138356382552061,MAc,TRX,MeOH,2.0,2.0,0.0,1.2,643,1,0.2376,0.4752,101021acsiecr4c00771,1,0.166350751335778,0.083175375667889,0.166350751335778,0.0,2.3714963110428515,2,Si-Cs-Zr,152.70743639625874,3.3026632992808738,3062.9186461123973,1.6057316279875424,2.3637813683614968,0.006201982896241265
0.0,0.0,0.0,0.0,0.0,0.0,0.0,0.0,0.0402038767525463,0.0,0.0,0.0,0.0,0.0,0.0,0.0,0.0,0.0,0.0,0.0,0.0,0.0,0.0,0.0,0.0,0.9460874177850626,0.0,0.0,0.0,0.0,0.0,0.0,0.0,0.013708705462391,MAc,TRX,MeOH,2.0,2.0,0.0,1.6000000000000003,643,1,0.232024,0.464048,101016jces2024120716,1,0.2218010017810374,0.1109005008905187,0.2218010017810374,0.0,3.087789338234605,2,Si-Cs-Zr,152.6749203154431,3.302879449103665,3062.887682081715,1.6053845902069956,2.500348164218147,0.0066828528457144355
0.0,0.0,0.0,0.0,0.0,0.0,0.0,0.0,0.0203442117570152,0.0,0.0,0.0,0.0103539596156616,0.0,0.0,0.0,0.0,0.0,0.0,0.0,0.0,0.0,0.0,0.0,0.0118119384590547,0.9574898901682684,0.0,0.0,0.0,0.0,0.0,0.0,0.0,0.0,MAc,FORM,MeOH + H$_2$O,10.0,1.0,0.0,1.06535581986919,653,1,0.091,0.91,101039c5ra05133a,Cs–La–Sb --SiO2-(V),0.194782604283748,0.0194782604283747,0.0258926394888677,0.0438650868902492,1.063513019389264,2,Si-Cs-Zr,151.25948012276217,3.49207336484624,2809.610220510897,1.5679090700565157,1.4024759855370894,0.18033738396443327
0.0,0.0,0.0,0.0,0.0,0.0,0.0,0.0,0.0203442117570152,0.0,0.0,0.0,0.0103539596156616,0.0,0.0,0.0,0.0,0.0,0.0,0.0,0.0,0.0,0.0,0.0,0.0118119384590547,0.9574898901682684,0.0,0.0,0.0,0.0,0.0,0.0,0.0,0.0,MAc,FORM,MeOH + H$_2$O,10.0,1.0,0.0,1.06535581986919,653,1,0.09204,0.9204,101039c5ra05133a,Cs–La–Sb--SiO2-(U),0.194782604283748,0.0194782604283747,0.0258926394888677,0.0438650868902492,1.07566745389657,2,Si-Cs-Zr,151.25948012276217,3.49207336484624,2809.610220510897,1.5679090700565157,1.113114972114731,0.001020545166569306
0.0,0.0,0.0,0.0,0.0,0.0,0.0,0.0,0.0,0.0,0.0,0.0,0.0,0.0,0.0,0.0,0.0,0.0,0.0,0.0,0.0,0.0,0.0,0.0,0.0,1.0,0.0,0.0,0.0,0.0,0.0,0.0,0.0,0.0,MAc,TRX,MeOH,0.5,1.0,0.0,3.6,663,1,0.0042,0.0021,101021acsiecr7b02841,SBA15,0.3730649632640664,0.7461299265281328,0.7461299265281328,0.0,0.0940123707425447,2,Si-Cs-Zr,111.0,4.0,0.0,0.0,0.17702608044225512,0.20169971591181143
0.0,0.0,0.0,0.0,0.0,0.0,0.0,0.0,0.0,0.0,0.0,0.0,0.0,0.0217472531225363,0.0,0.0,0.0,0.0,0.0,0.0,0.0,0.0,0.0,0.0,0.0,0.9782527468774638,0.0,0.0,0.0,0.0,0.0,0.0,0.0,0.0,MAc,TRX,MeOH,0.5,1.0,0.0,3.6,663,1,0.0318,0.0159,101021acsiecr7b02841,Li-SBA15,0.3730649632640664,0.7461299265281328,0.7461299265281328,0.0,0.7118079499078387,2,Si-Cs-Zr,115.11356803952842,3.274076228318515,53.0092146561533,1.6508059927521814,0.7047889800695223,0.010975142755977342
0.0,0.0,0.0,0.0,0.0,0.0,0.0,0.0,0.0,0.0,0.0,0.0,0.0,0.0,0.0,0.0,0.0,0.0217474666265387,0.0,0.0,0.0,0.0,0.0,0.0,0.0,0.9782525333734612,0.0,0.0,0.0,0.0,0.0,0.0,0.0,0.0,MAc,TRX,MeOH,0.5,1.0,0.0,3.6,663,1,0.0654,0.0327,101021acsiecr7b02841,Na-SBA15,0.3730649632640664,0.7461299265281328,0.7461299265281328,0.0,1.4639069158481963,2,Si-Cs-Zr,124.3086328537272,3.2740745716148805,554.8550985196885,1.6508085575792393,1.7887525751723414,0.11651129821774263
0.0,0.0,0.0,0.0,0.0,0.0,0.0,0.0,0.0,0.0,0.0,0.021748178131884,0.0,0.0,0.0,0.0,0.0,0.0,0.0,0.0,0.0,0.0,0.0,0.0,0.0,0.978251821868116,0.0,0.0,0.0,0.0,0.0,0.0,0.0,0.0,MAc,TRX,MeOH,0.5,1.0,0.0,3.6,663,1,0.1648,0.0824,101021acsiecr7b02841,K-SBA15,0.3730649632640664,0.7461299265281328,0.7461299265281328,0.0,3.688866356755089,2,Si-Cs-Zr,133.26188244455713,3.274069050720963,1552.5017749239732,1.6508171047159466,4.178743677707989,0.07049912164278249
0.0,0.0,0.0,0.0,0.0,0.0,0.0,0.0,0.0,0.0,0.0,0.0,0.0,0.0,0.0,0.0,0.0,0.0,0.0,0.0,0.0,0.0,0.021747800737615,0.0,0.0,0.9782521992623848,0.0,0.0,0.0,0.0,0.0,0.0,0.0,0.0,MAc,TRX,MeOH,0.5,1.0,0.0,3.6,663,1,0.1857,0.09285,101021acsiecr7b02841,Rb-SBA15,0.3730649632640664,0.7461299265281328,0.7461299265281328,0.0,4.156689820688228,2,Si-Cs-Zr,137.37538476022098,3.2740719790764867,2179.25601761439,1.6508125712086108,5.172190255772499,0.11305719195015639
0.0,0.0,0.0,0.0,0.0,0.0,0.0,0.0,0.0217479811313568,0.0,0.0,0.0,0.0,0.0,0.0,0.0,0.0,0.0,0.0,0.0,0.0,0.0,0.0,0.0,0.0,0.9782520188686432,0.0,0.0,0.0,0.0,0.0,0.0,0.0,0.0,MAc,TRX,MeOH,0.5,1.0,0.0,3.6,663,1,0.2051,0.10255,101021acsiecr7b02841,Cs-SBA15,0.3730649632640664,0.7461299265281328,0.7461299265281328,0.0,4.590937437927601,2,Si-Cs-Zr,143.1828709833502,3.2740705793229283,3244.584656054609,1.650814738226666,5.981031980552816,0.16061874479534213
0.0,0.0,0.0,0.0,0.0,0.0,0.0,0.0,0.0217479811313568,0.0,0.0,0.0,0.0,0.0,0.0,0.0,0.0,0.0,0.0,0.0,0.0,0.0,0.0,0.0,0.0,0.9782520188686432,0.0,0.0,0.0,0.0,0.0,0.0,0.0,0.0,MAc,TRX,MeOH,0.5,1.0,0.0,1.0,663,1,0.294028235662009,0.1470141178310045,101021acsiecr7b02841,LHSV-0.5,0.1036291564622406,0.2072583129244813,0.2072583129244813,0.0,1.8281938822640933,2,Si-Cs-Zr,143.1828709833502,3.2740705793229283,3244.584656054609,1.650814738226666,2.1371050989717886,0.1710947072544928
0.0,0.0,0.0,0.0,0.0,0.0,0.0,0.0,0.0217479811313568,0.0,0.0,0.0,0.0,0.0,0.0,0.0,0.0,0.0,0.0,0.0,0.0,0.0,0.0,0.0,0.0,0.9782520188686432,0.0,0.0,0.0,0.0,0.0,0.0,0.0,0.0,MAc,TRX,MeOH,0.5,1.0,0.0,3.6,663,1,0.268735619409261,0.1343678097046305,101021acsiecr7b02841,LHSV-1.8,0.3730649632640664,0.7461299265281328,0.7461299265281328,0.0,6.015350638959725,2,Si-Cs-Zr,143.1828709833502,3.2740705793229283,3244.584656054609,1.650814738226666,7.091012412264589,0.1760458019153344
0.0,0.0,0.0,0.0,0.0,0.0,0.0,0.0,0.0217479811313568,0.0,0.0,0.0,0.0,0.0,0.0,0.0,0.0,0.0,0.0,0.0,0.0,0.0,0.0,0.0,0.0,0.9782520188686432,0.0,0.0,0.0,0.0,0.0,0.0,0.0,0.0,MAc,TRX,MeOH,0.5,1.0,0.0,5.4,663,1,0.192136683649699,0.0960683418248495,101021acsiecr7b02841,LHSV-2.7,0.5595974448960995,1.119194889792199,1.119194889792199,0.0,6.451151834470904,2,Si-Cs-Zr,143.1828709833502,3.2740705793229283,3244.584656054609,1.650814738226666,7.7567031263752675,0.2039202282703947
0.0,0.0,0.0,0.0,0.0,0.0,0.0,0.0,0.0217479811313568,0.0,0.0,0.0,0.0,0.0,0.0,0.0,0.0,0.0,0.0,0.0,0.0,0.0,0.0,0.0,0.0,0.9782520188686432,0.0,0.0,0.0,0.0,0.0,0.0,0.0,0.0,MAc,TRX,MeOH,0.5,1.0,0.0,3.6,618,1,0.122571880503689,0.0612859402518445,101021acsiecr7b02841,LHSV-1.8_T-618,0.3730649632640664,0.7461299265281328,0.7461299265281328,0.0,2.7436364458389764,2,Si-Cs-Zr,143.1828709833502,3.2740705793229283,3244.584656054609,1.650814738226666,3.081354889288572,0.13389324391532922
0.0,0.0,0.0,0.0,0.0,0.0,0.0,0.0,0.0217479811313568,0.0,0.0,0.0,0.0,0.0,0.0,0.0,0.0,0.0,0.0,0.0,0.0,0.0,0.0,0.0,0.0,0.9782520188686432,0.0,0.0,0.0,0.0,0.0,0.0,0.0,0.0,MAc,TRX,MeOH,0.5,1.0,0.0,3.6,648,1,0.216209306210327,0.1081046531051635,101021acsiecr7b02841,LHSV-1.8_T-648,0.3730649632640664,0.7461299265281328,0.7461299265281328,0.0,4.839607012722296,2,Si-Cs-Zr,143.1828709833502,3.2740705793229283,3244.584656054609,1.650814738226666,5.506140005643997,0.13875942142180436
0.0,0.0,0.0,0.0,0.0,0.0,0.0,0.0,0.0217479811313568,0.0,0.0,0.0,0.0,0.0,0.0,0.0,0.0,0.0,0.0,0.0,0.0,0.0,0.0,0.0,0.0,0.9782520188686432,0.0,0.0,0.0,0.0,0.0,0.0,0.0,0.0,MAc,TRX,MeOH,0.5,1.0,0.0,3.6,678,1,0.283177704807706,0.141588852403853,101021acsiecr7b02841,LHSV-1.8_T-678,0.3730649632640664,0.7461299265281328,0.7461299265281328,0.0,6.338620802477369,2,Si-Cs-Zr,143.1828709833502,3.2740705793229283,3244.584656054609,1.650814738226666,8.1551488882718,0.273140736204897
0.0,0.0,0.0,0.0,0.0,0.0,0.0,0.0,0.0217479811313568,0.0,0.0,0.0,0.0,0.0,0.0,0.0,0.0,0.0,0.0,0.0,0.0,0.0,0.0,0.0,0.0,0.9782520188686432,0.0,0.0,0.0,0.0,0.0,0.0,0.0,0.0,MAc,TRX,MeOH,0.5,1.0,0.0,3.6,708,1,0.261363223909161,0.1306816119545805,101021acsiecr7b02841,LHSV-1.8_T-708,0.3730649632640664,0.7461299265281328,0.7461299265281328,0.0,5.850327691574947,2,Si-Cs-Zr,143.1828709833502,3.2740705793229283,3244.584656054609,1.650814738226666,8.850698160814314,0.5158454211654684
0.0,0.0,0.0,0.0,0.0,0.0,0.0,0.0,0.0217479811313568,0.0,0.0,0.0,0.0,0.0,0.0,0.0,0.0,0.0,0.0,0.0,0.0,0.0,0.0,0.0,0.0,0.9782520188686432,0.0,0.0,0.0,0.0,0.0,0.0,0.0,0.0,MAc,TRX,MeOH,1.0,1.3333333333333333,0.0,1.8,663,1,0.246184865536795,0.246184865536795,101021acsiecr7b02841,LHSV-0.9_T-663_R_1.5-1.5-2,0.2242791220253805,0.2242791220253805,0.2990388293671741,0.0,3.3128475299117253,2,Si-Cs-Zr,143.1828709833502,3.2740705793229283,3244.584656054609,1.650814738226666,3.6240854044256183,0.09917007595664132
0.0,0.0,0.0,0.0,0.0,0.0,0.0,0.0,0.0217479811313568,0.0,0.0,0.0,0.0,0.0,0.0,0.0,0.0,0.0,0.0,0.0,0.0,0.0,0.0,0.0,0.0,0.9782520188686432,0.0,0.0,0.0,0.0,0.0,0.0,0.0,0.0,MAc,TRX,MeOH,2.0,2.0,0.0,1.8,663,1,0.151632732424488,0.303265464848976,101021acsiecr7b02841,LHSV-0.9_T-663_R_2-1-2,0.249526127003667,0.1247630635018335,0.249526127003667,0.0,2.270179706931952,2,Si-Cs-Zr,143.1828709833502,3.2740705793229283,3244.584656054609,1.650814738226666,2.4344230318737394,0.06066044802611638
0.0,0.0,0.0,0.0,0.0,0.0,0.0,0.0,0.0217479811313568,0.0,0.0,0.0,0.0,0.0,0.0,0.0,0.0,0.0,0.0,0.0,0.0,0.0,0.0,0.0,0.0,0.9782520188686432,0.0,0.0,0.0,0.0,0.0,0.0,0.0,0.0,MAc,TRX,MeOH,0.5,1.0,0.0,1.8,663,1,0.2851754862844408,0.1425877431422204,101021acsiecr7b02841,Cs-SBA15-long,0.1865324816320332,0.3730649632640664,0.3730649632640664,0.0,3.191669469435516,2,Si-Cs-Zr,143.1828709833502,3.2740705793229283,3244.584656054609,1.650814738226666,3.6499628231258807,0.14751027796256494
0.0,0.0,0.0,0.0,0.0,0.0,0.0,0.0,0.0217479811313568,0.0,0.0,0.0,0.0,0.0,0.0,0.0,0.0,0.0,0.0,0.0,0.0,0.0,0.0,0.0,0.0,0.9782520188686432,0.0,0.0,0.0,0.0,0.0,0.0,0.0,0.0,MAc,TRX,MeOH,0.5,1.0,0.0,1.8,663,1,0.19838,0.09919,101007s1056201826098,0.37micrompgCs-ASilica,0.1865324816320332,0.3730649632640664,0.3730649632640664,0.0,2.220258822369765,2,Si-Cs-Zr,143.1828709833502,3.2740705793229283,3244.584656054609,1.650814738226666,2.931933217795833,0.26034316376075123
0.0,0.0,0.0,0.0,0.0,0.0,0.0,0.0,0.0217479811313568,0.0,0.0,0.0,0.0,0.0,0.0,0.0,0.0,0.0,0.0,0.0,0.0,0.0,0.0,0.0,0.0,0.9782520188686432,0.0,0.0,0.0,0.0,0.0,0.0,0.0,0.0,MAc,TRX,MeOH,0.5,1.0,0.0,1.8,663,1,0.3276,0.1638,101007s1056201826098,0.37micrompgCs-BSilica,0.1865324816320332,0.3730649632640664,0.3730649632640664,0.0,3.6664824589592446,2,Si-Cs-Zr,143.1828709833502,3.2740705793229283,3244.584656054609,1.650814738226666,3.6627528878307634,0.005379008356403858
0.0,0.0,0.0,0.0,0.0,0.0,0.0,0.0,0.0217479811313568,0.0,0.0,0.0,0.0,0.0,0.0,0.0,0.0,0.0,0.0,0.0,0.0,0.0,0.0,0.0,0.0,0.9782520188686432,0.0,0.0,0.0,0.0,0.0,0.0,0.0,0.0,MAc,TRX,MeOH,0.5,1.0,0.0,1.8,663,1,0.3185,0.15925,101007s1056201826098,0.37micrompgCs-CSilica,0.1865324816320332,0.3730649632640664,0.3730649632640664,0.0,3.5646357239881548,2,Si-Cs-Zr,143.1828709833502,3.2740705793229283,3244.584656054609,1.650814738226666,3.560690882166355,0.006038044603192065
0.0,0.0,0.0,0.0,0.0,0.0,0.0,0.0,0.0071585917989334,0.0,0.0,0.0,0.0,0.0,0.0,0.0,0.0,0.0,0.0,0.0,0.0,0.0,0.0,0.0,0.0,0.9928414082010664,0.0,0.0,0.0,0.0,0.0,0.0,0.0,0.0,MAc,TRX,MeOH,0.5,1.0,0.0,1.8,663,1,0.239180830464716,0.119590415232358,101007s1056201826098,0.12micrompgCs-BSilica,0.1865324816320332,0.3730649632640664,0.3730649632640664,0.0,2.6768996319236447,2,Si-Cs-Zr,135.66833016469178,3.443571500044547,2672.3613987897616,1.3596728243036835,3.014952350841555,0.11693749226340613
0.0,0.0,0.0,0.0,0.0,0.0,0.0,0.0,0.0147989648536412,0.0,0.0,0.0,0.0,0.0,0.0,0.0,0.0,0.0,0.0,0.0,0.0,0.0,0.0,0.0,0.0,0.9852010351463588,0.0,0.0,0.0,0.0,0.0,0.0,0.0,0.0,MAc,TRX,MeOH,0.5,1.0,0.0,1.8,663,1,0.308251809760048,0.154125904880024,101007s1056201826098,0.25micrompgCs-BSilica,0.1865324816320332,0.3730649632640664,0.3730649632640664,0.0,3.4499385025264293,2,Si-Cs-Zr,140.40128502562837,3.3368131197226685,3045.9353472503326,1.5497438026600143,3.506832699993262,0.004335761876524022
0.0,0.0,0.0,0.0,0.0,0.0,0.0,0.0,0.0431206136686249,0.0,0.0,0.0,0.0,0.0,0.0,0.0,0.0,0.0,0.0,0.0,0.0,0.0,0.0,0.0,0.0,0.9568793863313748,0.0,0.0,0.0,0.0,0.0,0.0,0.0,0.0,MAc,TRX,MeOH,0.5,1.0,0.0,1.8,663,1,0.143811063582059,0.0719055317910295,101007s1056201826098,0.75micrompgCs-BSilica,0.1865324816320332,0.3730649632640664,0.3730649632640664,0.0,1.6095260745662148,2,Si-Cs-Zr,148.63160825807063,3.151166731020964,3588.8659582345017,1.825981888411472,2.1365964775606345,1.3275825136177166e-19
0.0,0.0,0.0,0.0,0.0,0.0,0.0,0.0,0.0630521516586404,0.0,0.0,0.0,0.0,0.0,0.0,0.0,0.0,0.0,0.0,0.0,0.0,0.0,0.0,0.0,0.0,0.9369478483413596,0.0,0.0,0.0,0.0,0.0,0.0,0.0,0.0,MAc,TRX,MeOH,0.5,1.0,0.0,1.8,663,1,0.0876939480611521,0.043846974030576,101007s1056201826098,1.12micrompgCs-BSilica,0.1865324816320332,0.3730649632640664,0.3730649632640664,0.0,0.9814661853574398,2,Si-Cs-Zr,151.96078387437774,3.0760725441869683,3769.998439688756,1.9181404238339537,1.2971995708238004,3.12232062122433e-20
0.0,0.0,0.0,0.0,0.0,0.0,0.0,0.0,0.0217479811313568,0.0,0.0,0.0,0.0,0.0,0.0,0.0,0.0,0.0,0.0,0.0,0.0,0.0,0.0,0.0,0.0,0.9782520188686432,0.0,0.0,0.0,0.0,0.0,0.0,0.0,0.0,MAc,TRX,MeOH,0.5,1.0,0.0,1.8,663,1,0.3067048956404252,0.1533524478202126,101007s1056201826098,CsSBA15,0.1865324816320332,0.3730649632640664,0.3730649632640664,0.0,3.432625518750136,2,Si-Cs-Zr,143.1828709833502,3.2740705793229283,3244.584656054609,1.650814738226666,3.981976728842268,0.13953920376694995
0.9651981990325555,0.0,0.0,0.0,0.0,0.0,0.0,0.0,0.0348018009674444,0.0,0.0,0.0,0.0,0.0,0.0,0.0,0.0,0.0,0.0,0.0,0.0,0.0,0.0,0.0,0.0,0.0,0.0,0.0,0.0,0.0,0.0,0.0,0.0,0.0,MAc,TRX,MeOH,0.5,0.235,0.0,4.8,663,1,0.07459254,0.03729627,101016jcattod202006026,Cs-Al2O3-A,0.8098990221379879,1.6197980442759758,0.3806525404048543,0.0,3.624745512287325,0,Al-Si-Cs,154.1572554543318,2.460857634888914,2978.9388316189948,0.7876102403645965,3.4728870464056034,0.03335623392392307
0.9651981990325555,0.0,0.0,0.0,0.0,0.0,0.0,0.0,0.0348018009674444,0.0,0.0,0.0,0.0,0.0,0.0,0.0,0.0,0.0,0.0,0.0,0.0,0.0,0.0,0.0,0.0,0.0,0.0,0.0,0.0,0.0,0.0,0.0,0.0,0.0,MAc,TRX,MeOH,0.5,0.235,0.0,4.8,663,1,0.04866763,0.024333815,101016jcattod202006026,Cs-Al2O3-B,0.8098990221379879,1.6197980442759758,0.3806525404048543,0.0,2.364951956806405,0,Al-Si-Cs,154.1572554543318,2.460857634888914,2978.9388316189948,0.7876102403645965,2.6877929034041212,2.1520225677492246e-18
0.9651981990325555,0.0,0.0,0.0,0.0,0.0,0.0,0.0,0.0348018009674444,0.0,0.0,0.0,0.0,0.0,0.0,0.0,0.0,0.0,0.0,0.0,0.0,0.0,0.0,0.0,0.0,0.0,0.0,0.0,0.0,0.0,0.0,0.0,0.0,0.0,MAc,TRX,MeOH,0.5,0.235,0.0,4.8,663,1,0.07772128,0.03886064,101016jcattod202006026,Cs-Al2O3-C,0.8098990221379879,1.6197980442759758,0.3806525404048543,0.0,3.7767833202787657,0,Al-Si-Cs,154.1572554543318,2.460857634888914,2978.9388316189948,0.7876102403645965,4.276922227084811,0.12602883093765693
0.9651981990325555,0.0,0.0,0.0,0.0,0.0,0.0,0.0,0.0348018009674444,0.0,0.0,0.0,0.0,0.0,0.0,0.0,0.0,0.0,0.0,0.0,0.0,0.0,0.0,0.0,0.0,0.0,0.0,0.0,0.0,0.0,0.0,0.0,0.0,0.0,MAc,TRX,MeOH,0.5,0.235,0.0,4.8,663,1,0.03882492,0.01941246,101016jcattod202006026,Cs-Al2O3-D,0.8098990221379879,1.6197980442759758,0.3806525404048543,0.0,1.8866558845551369,0,Al-Si-Cs,154.1572554543318,2.460857634888914,2978.9388316189948,0.7876102403645965,2.0099681535865397,0.0066557442221651325
0.98213549801916,0.0,0.0163277283374096,0.0,0.0,0.0,0.0,0.0,0.0,0.0,0.0,0.0,0.0015367736434303,0.0,0.0,0.0,0.0,0.0,0.0,0.0,0.0,0.0,0.0,0.0,0.0,0.0,0.0,0.0,0.0,0.0,0.0,0.0,0.0,0.0,MAc,TRX,MeOH,0.5,1.0,0.0,7.199999999999999,663,1,0.41,0.205,101021acsenergyfuels1c03082,MAc_1,0.7461299265281326,1.4922598530562652,1.4922598530562652,0.0,18.35479619259206,0,Al-Si-Cs,148.763928691004,2.796341131870472,1770.0135999005934,0.1621819335617276,19.42671766052327,0.10299450088059206
0.98213549801916,0.0,0.0163277283374096,0.0,0.0,0.0,0.0,0.0,0.0,0.0,0.0,0.0,0.0015367736434303,0.0,0.0,0.0,0.0,0.0,0.0,0.0,0.0,0.0,0.0,0.0,0.0,0.0,0.0,0.0,0.0,0.0,0.0,0.0,0.0,0.0,MAc,TRX,MeOH,1.0,1.0,0.0,7.199999999999999,663,1,0.27,0.27,101021acsenergyfuels1c03082,MAc_2,0.9979798724774384,0.9979798724774384,0.9979798724774384,0.0,16.167273934134503,0,Al-Si-Cs,148.763928691004,2.796341131870472,1770.0135999005934,0.1621819335617276,16.64609398299313,0.07937070521597792
0.98213549801916,0.0,0.0163277283374096,0.0,0.0,0.0,0.0,0.0,0.0,0.0,0.0,0.0,0.0015367736434303,0.0,0.0,0.0,0.0,0.0,0.0,0.0,0.0,0.0,0.0,0.0,0.0,0.0,0.0,0.0,0.0,0.0,0.0,0.0,0.0,0.0,MAc,TRX,MeOH,2.0,1.0,0.0,7.199999999999999,663,1,0.44,0.88,101021acsenergyfuels1c03082,MAc_4,1.2006073873834966,0.6003036936917483,0.6003036936917483,0.0,31.696035026924307,0,Al-Si-Cs,148.763928691004,2.796341131870472,1770.0135999005934,0.1621819335617276,33.87804132052922,0.11578836458679949
0.98213549801916,0.0,0.0163277283374096,0.0,0.0,0.0,0.0,0.0,0.0,0.0,0.0,0.0,0.0015367736434303,0.0,0.0,0.0,0.0,0.0,0.0,0.0,0.0,0.0,0.0,0.0,0.0,0.0,0.0,0.0,0.0,0.0,0.0,0.0,0.0,0.0,MAc,TRX,MeOH,3.0,1.0,0.0,7.199999999999999,663,1,0.56,1.6800000000000002,101021acsenergyfuels1c03082,MeOH_2,1.287762131227153,0.4292540437423843,0.4292540437423843,0.0,43.26880760923235,0,Al-Si-Cs,148.763928691004,2.796341131870472,1770.0135999005934,0.1621819335617276,44.688975863592184,0.09063677785412348
0.98213549801916,0.0,0.0163277283374096,0.0,0.0,0.0,0.0,0.0,0.0,0.0,0.0,0.0,0.0015367736434303,0.0,0.0,0.0,0.0,0.0,0.0,0.0,0.0,0.0,0.0,0.0,0.0,0.0,0.0,0.0,0.0,0.0,0.0,0.0,0.0,0.0,MAc,TRX,MeOH,3.0,3.0,0.0,7.199999999999999,663,1,0.6,1.7999999999999998,101021acsenergyfuels1c03082,MeOH_6,0.9981460601120156,0.3327153533706719,0.9981460601120156,0.0,35.93325816403256,0,Al-Si-Cs,148.763928691004,2.796341131870472,1770.0135999005934,0.1621819335617276,36.32571621653548,0.04292878440512163
0.98213549801916,0.0,0.0163277283374096,0.0,0.0,0.0,0.0,0.0,0.0,0.0,0.0,0.0,0.0015367736434303,0.0,0.0,0.0,0.0,0.0,0.0,0.0,0.0,0.0,0.0,0.0,0.0,0.0,0.0,0.0,0.0,0.0,0.0,0.0,0.0,0.0,MAc,TRX,MeOH,3.0,4.0,0.0,7.199999999999999,663,1,0.63,1.89,101021acsenergyfuels1c03082,MeOH_8,0.8972507786691845,0.2990835928897281,1.1963343715589123,0.0,33.91607943369517,0,Al-Si-Cs,148.763928691004,2.796341131870472,1770.0135999005934,0.1621819335617276,31.680908480869324,0.008770717217782354
0.98213549801916,0.0,0.0163277283374096,0.0,0.0,0.0,0.0,0.0,0.0,0.0,0.0,0.0,0.0015367736434303,0.0,0.0,0.0,0.0,0.0,0.0,0.0,0.0,0.0,0.0,0.0,0.0,0.0,0.0,0.0,0.0,0.0,0.0,0.0,0.0,0.0,MAc,TRX,MeOH,3.0,5.0,0.0,7.199999999999999,663,1,0.51,1.53,101021acsenergyfuels1c03082,MeOH_10,0.8148804742814045,0.2716268247604682,1.358134123802341,0.0,24.93534251301098,0,Al-Si-Cs,148.763928691004,2.796341131870472,1770.0135999005934,0.1621819335617276,24.768013729777806,0.028107992735962845
0.0476190476190476,0.0,0.0,0.0,0.0,0.0,0.0,0.0,0.0,0.0,0.0,0.0,0.0,0.0,0.0,0.0,0.0,0.0,0.0,0.0,0.0,0.0,0.0,0.0,0.0,0.9523809523809524,0.0,0.0,0.0,0.0,0.0,0.0,0.0,0.0,MAc,TRX,,5.0,0.0,0.0,1.3894954146651315,563,1,0.0607049999999999,0.303525,101039d2cy00447j,N-HZSM5,0.2907067381421045,0.0581413476284209,0.0,0.0,1.0588411523349874,0,Al-Si-Cs,113.89313674147364,3.71068632585264,20.561127209871486,0.2056112720987154,1.25245940300859,0.050887725991841104
0.0526315789473684,0.0,0.0,0.0,0.0,0.0,0.0,0.0,0.0,0.0,0.0,0.0,0.0,0.0,0.0,0.0,0.0,0.0,0.0,0.0,0.0,0.0,0.0,0.0,0.0,0.9473684210526316,0.0,0.0,0.0,0.0,0.0,0.0,0.0,0.0,MAc,TRX,,5.0,0.0,0.0,1.3894954146651315,563,1,0.01056,0.0528,101039d2cy00447j,M-HZSM5,0.2907067381421045,0.0581413476284209,0.0,0.0,0.1841917892868374,0,Al-Si-Cs,113.9585568831692,3.7041443116830814,20.83251000074403,0.2083251000074408,0.15992055574583272,0.06329584462138357
0.0,0.1697909845325068,0.0,0.0,0.0,0.0,0.0,0.0,0.0104860925802975,0.0,0.0,0.0,0.0,0.0,0.0,0.0,0.0,0.0,0.0,0.0,0.0,0.0,0.0,0.0,0.0,0.8197229228871956,0.0,0.0,0.0,0.0,0.0,0.0,0.0,0.0,HAc,TRX,,3.0,0.0,0.0,2.6666666666666665,673,1,0.1207461333333333,0.3622384,101002jctb7032,1,0.776994172679679,0.2589980575598929,0.0,0.0,5.629142518416213,2,Si-Cs-Zr,121.102223531926,3.2423987100149727,2663.795857120879,1.0403927444126777,3.142916648841228,0.00022453138236697075
0.0,0.0,0.0,0.0,0.0,0.0,0.0,0.0,0.0,0.0,0.0,0.0,0.0,0.0,0.0,0.0,0.0,0.0,0.0,0.0,0.0,0.0,0.0,0.0,0.0,0.9852216748768472,0.0,0.0,0.0,0.0147783251231527,0.0,0.0,0.0,0.0,MAc,TRX,MeOH,1.0,2.0,0.0,0.4580429938806394,633,5,0.05474,0.05474,101021acssuschemeng3c07406,TS-1,0.0474754736529249,0.0474754736529249,0.0949509473058499,0.0,0.1559284456656667,2,Si-Cs-Zr,121.82846704446231,4.0,413.3391866456468,0.0,0.3720496772520404,0.08030911789598058
0.0,0.0,0.0,0.0,0.0,0.0,0.0,0.0,1.0,0.0,0.0,0.0,0.0,0.0,0.0,0.0,0.0,0.0,0.0,0.0,0.0,0.0,0.0,0.0,0.0,0.0,0.0,0.0,0.0,0.0,0.0,0.0,0.0,0.0,MAc,TRX,MeOH,1.0,2.0,0.0,0.4580429938806394,633,5,0.047526,0.047526,101021acssuschemeng3c07406,CsOx,0.0474754736529249,0.0474754736529249,0.0949509473058499,0.0,0.1353791616497347,2,Si-Cs-Zr,244.0,1.0,0.0,0.0,0.18134798674604413,0.02586193865861588
0.0,0.0,0.0,0.0,0.0,0.0,0.0,0.0,0.0126306657539641,0.0,0.0,0.0,0.0,0.0,0.0,0.0,0.0,0.0,0.0,0.0,0.0,0.0,0.0,0.0,0.0,0.9873693342460358,0.0,0.0,0.0,0.0,0.0,0.0,0.0,0.0,MAc,TRX,MeOH,1.0,2.0,0.0,0.4580429938806394,633,5,0.168,0.168,101021acssuschemeng3c07406,Cs_SiO2,0.0474754736529249,0.0474754736529249,0.0949509473058499,0.0,0.4785527744214837,2,Si-Cs-Zr,139.31253036216833,3.361371495590189,2963.967162659682,1.5080391465847218,0.4390485406870197,3.272477121075732e-17
0.0,0.0,0.0,0.0,0.0,0.0,0.0,0.0,0.0126306657539641,0.0,0.0,0.0,0.0,0.0,0.0,0.0,0.0,0.0,0.0,0.0,0.0,0.0,0.0,0.0,0.0,0.9873693342460358,0.0,0.0,0.0,0.0,0.0,0.0,0.0,0.0,MAc,TRX,MeOH,1.0,2.0,0.0,0.4580429938806394,633,5,0.2664479999999999,0.2664479999999999,101021acssuschemeng3c07406,Cs_S1,0.0474754736529249,0.0474754736529249,0.0949509473058499,0.0,0.758984700232473,2,Si-Cs-Zr,139.31253036216833,3.361371495590189,2963.967162659682,1.5080391465847218,0.6551500802326143,7.727290055979467e-20
0.0,0.0,0.0,0.0,0.0,0.0,0.0,0.0,0.012691342599248,0.0,0.0,0.0,0.0,0.0,0.0,0.0,0.0,0.0,0.0,0.0,0.0,0.0,0.0,0.0,0.0,0.97271788906478,0.0,0.0,0.0,0.0145907683359717,0.0,0.0,0.0,0.0,MAc,TRX,MeOH,1.0,2.0,0.0,0.4580429938806394,633,5,0.4065459999999999,0.4065459999999999,101021acssuschemeng3c07406,Cs_TS1,0.0474754736529249,0.0474754736529249,0.0949509473058499,0.0,1.1580578347021218,2,Si-Cs-Zr,143.19287855259768,3.475383233934441,2494.742456403123,1.298627546959591,1.1260208687476123,1.400207808177136e-19
0.0,0.0,0.0,0.0,0.0,0.0,0.0,0.0,0.022092119996205,0.0,0.0,0.0,0.0,0.0,0.0,0.0,0.0,0.0,0.0,0.0,0.0,0.0,0.0,0.0,0.0,0.9779078800037948,0.0,0.0,0.0,0.0,0.0,0.0,0.0,0.0,EAc,TRX,EtOH,2.5,4.0,0.0,20.0,663,1,0.252,0.63,101039d1re00020a,1,1.743207954799378,0.6972831819197511,0.0,0.0,26.357304276566595,2,Si-Cs-Zr,143.30049456042553,3.271417415930252,3252.643827688515,1.6549151703994935,33.50477833459912,0.10579238576556123
