Al,B,Ba,Bi,Ca,Ce,Co,Cr,Cs,Cu,Fe,K,La,Li,Mg,Mn,Mo,Na,Nb,Nd,Ni,P,Rb,S,Sb,Si,Sn,Sr,Te,Ti,V,W,Zn,Zr,Ac_source,Fa_source,Stabilizer,Ratio_Ac_Fa,Ratio_Stab_Fa,O_content,LHSV_mlhg,Temperature_K,Pressure_bar,Y_Acryl_Ac,Y_Acryl_Fa,doi,Link_to_excel,Ac_mmolming,Fa_mmolming,MeOH_mmolming,Water_mmolming,STY_Acryl_mmolhg,Cluster_n,Cluster_title,STY0,n,covalent_radius_cordero,en_pauling,electron_affinity,electrophilicity_,lattice_constant,proton_affinity,vdw_radius
0.0,0.0,0.0,0.0,0.0,0.0,0.0,0.0,0.0,0.0,0.0,0.0,0.0,0.0,0.0,0.0,0.0,0.0,0.0,0.0,0.0,0.5121951219512195,0.0,0.0,0.0,0.0,0.0,0.0,0.0,0.0,0.4878048780487804,0.0,0.0,0.0,HAc,FORM,MeOH + H$_2$O,2.5,0.0,0.03,0.4433333333333333,633,1,0.3368,0.842,101016jjcat201904032,1,0.0849544079069042,0.0339817631627617,0.0111905224222344,0.0765270081124376,1.7167586749827215,1,P-V-Ti,1.701361102183388,0.0025369210832562,129.8316769387775,1.912049150310535,0.6366144036658334,1.3429030071422963,5.110185667479857,742.2488707817313,193.40120168145634
0.0,0.0,0.0,0.0,0.0,0.0,0.0,0.0,0.0,0.0,0.0,0.0,0.0,0.0,0.0,0.0,0.0,0.0,0.0,0.0,0.0,0.133847072637405,0.0,0.0,0.0,0.7323058547251898,0.0,0.0,0.0,0.0,0.133847072637405,0.0,0.0,0.0,HAc,FORM,MeOH + H$_2$O,3.0,0.0,0.045,0.44,633,1,0.2795,0.8385,101038s41598019531808,1,0.0894192160856169,0.0298064053618723,0.0098155368198715,0.067124092826066,1.4995602537557955,1,P-V-Ti,1.2870167989502788,0.0029140891485109,121.36823156187278,1.9054569639799332,0.9782201205758425,1.4962038533283848,5.247191706672243,785.7591082284289,200.9960094331105
0.0,0.0,0.0,0.0,0.0,0.0,0.0,0.0,0.0,0.0,0.0,0.0,0.0,0.0,0.0,0.0,0.0,0.0,0.0,0.0,0.0,0.5,0.0,0.0,0.0,0.0,0.0,0.0,0.0,0.0,0.4999999999999999,0.0,0.0,0.0,HAc,FORM,MeOH + H$_2$O,2.5,0.0,0.039,1.3333333333333333,633,1,0.159,0.3975,101039c9cc08700a,UnsupportedVPO,0.2555019786673813,0.1022007914669525,0.033655706533036,0.2301564153757525,2.437488876486817,1,P-V-Ti,2.386047479390542,0.001042949404624,130.0,1.91,0.6358035,1.3408643670046079,5.095,743.0999999999999,193.49999999999997
0.0,0.0,0.0,0.0,0.0,0.0,0.0,0.0,0.0,0.0,0.0,0.0,0.0,0.0,0.0,0.0,0.0,0.0,0.0,0.0,0.0,0.133847072637405,0.0,0.0,0.0,0.7323058547251898,0.0,0.0,0.0,0.0,0.133847072637405,0.0,0.0,0.0,HAc,FORM,MeOH + H$_2$O,2.5,0.0,0.039,1.3333333333333333,633,1,0.188,0.47,101039c9cc08700a,33%VPO-MCF,0.2555019786673813,0.1022007914669525,0.033655706533036,0.2301564153757525,2.882062319368061,1,P-V-Ti,2.916549008676419,0.0153002531172004,121.36823156187278,1.9054569639799332,0.9782201205758425,1.4962038533283848,5.247191706672243,785.7591082284289,200.9960094331105
0.0,0.0,0.0,0.0,0.0,0.0,0.0,0.0,0.0,0.0,0.0,0.0,0.0,0.0,0.0,0.0,0.0,0.0,0.0,0.0,0.0,0.133847072637405,0.0,0.0,0.0,0.7323058547251898,0.0,0.0,0.0,0.0,0.133847072637405,0.0,0.0,0.0,HAc,FORM,MeOH + H$_2$O,2.5,0.0,0.039,1.3333333333333333,633,1,0.204,0.51,101039c9cc08700a,33%VPO-SilicaHP,0.2555019786673813,0.1022007914669525,0.033655706533036,0.2301564153757525,3.1273442188887466,1,P-V-Ti,3.1852558741464385,0.0088642641188638,121.36823156187278,1.9054569639799332,0.9782201205758425,1.4962038533283848,5.247191706672243,785.7591082284289,200.9960094331105
0.0,0.0,0.0,0.0,0.0,0.0,0.0,0.0,0.0,0.0,0.0,0.0,0.0,0.0,0.0,0.0,0.0,0.0,0.0,0.0,0.0,0.5,0.0,0.0,0.0,0.0,0.0,0.0,0.0,0.0,0.4999999999999999,0.0,0.0,0.0,HAc,FORM,MeOH + H$_2$O,2.5,0.0,0.039,1.3333333333333333,633,1,0.212,0.53,101039c9cc08700a,gammaVPO-deltaVPO-3-1,0.2555019786673813,0.1022007914669525,0.033655706533036,0.2301564153757525,3.24998516864909,1,P-V-Ti,3.2723414614722244,0.0219796025600418,130.0,1.91,0.6358035,1.3408643670046079,5.095,743.0999999999999,193.49999999999997
0.0,0.0,0.0,0.0,0.0,0.0,0.0,0.0,0.0,0.0,0.0,0.0,0.0,0.0,0.0,0.0,0.0,0.0,0.0,0.0,0.0,0.1015775924799303,0.0,0.0,0.0,0.0,0.0,0.0,0.0,0.8016818432534694,0.0967405642666003,0.0,0.0,0.0,HAc,FORM,MeOH + H$_2$O,2.5,0.0,0.03,0.4433333333333333,633,1,0.2845499999999999,0.7113749999999999,101021acssuschemeng0c05916,1,0.0849544079069042,0.0339817631627617,0.0111905224222344,0.0765270081124376,1.4504266061945768,1,P-V-Ti,1.4096699319228585,0.0005518438276583,144.4175729128198,1.7321694071558495,0.36701686359070135,1.1208385756389172,4.065770856403465,806.9153772106539,201.9099358600682
0.0,0.0,0.0,0.0,0.0,0.0,0.0,0.0,0.0,0.0,0.0,0.0,0.0,0.0,0.0,0.0,0.0,0.0,0.0447511737987761,0.0,0.0,0.1078383854360289,0.0,0.0,0.0,0.0,0.0,0.0,0.0,0.7447072165404055,0.1027032242247894,0.0,0.0,0.0,HAc,FORM,MeOH + H$_2$O,2.5,0.0,0.03,1.3333333333333333,633,1,0.2510936,0.627734,101039d2ra06960a,V-Ti-Nb,0.2555019786673813,0.1022007914669525,0.033655706533036,0.2301564153757525,3.84929469784296,1,P-V-Ti,3.719932773100966,0.0010543099220809,147.48070779411776,1.7128938576014292,0.4647824288751653,1.1483574779479564,3.95412912807261,799.5857549732995,204.4864892443778
0.0,0.0,0.0,0.0,0.0,0.0,0.0,0.0,0.0,0.0,0.0,0.0,0.0,0.0,0.0,0.0,0.0414603541786402,0.0,0.0,0.0,0.0,0.1082098872530035,0.0,0.0,0.0,0.0,0.0,0.0,0.0,0.7472727230893051,0.103057035479051,0.0,0.0,0.0,HAc,FORM,MeOH + H$_2$O,2.5,0.0,0.03,1.3333333333333333,633,1,0.2314884,0.578721,101039d2ra06960a,V-Ti-Mo,0.2555019786673813,0.1022007914669525,0.033655706533036,0.2301564153757525,3.548744654312774,1,P-V-Ti,3.352557850132236,0.0064312025658031,145.75553408874174,1.8062386150817882,0.4348623924643926,1.1396483703108218,3.9318772129935473,799.7040285648876,204.26628860426197
0.0,0.0,0.0,0.0,0.0,0.0,0.0,0.0,0.0,0.0,0.0,0.0,0.0,0.0,0.0,0.0,0.0,0.0,0.0,0.0,0.0,0.1099378604615934,0.0,0.0,0.0,0.0,0.0,0.0,0.0,0.7592057107098282,0.1047027242491366,0.0261537045794417,0.0,0.0,HAc,FORM,MeOH + H$_2$O,2.5,0.0,0.03,1.3333333333333333,633,1,0.1822952199999999,0.4557380499999999,101039d2ra06960a,V-Ti-W,0.2555019786673813,0.1022007914669525,0.033655706533036,0.2301564153757525,2.794607364696334,1,P-V-Ti,2.6460543766086877,0.0024303521198684,146.74543587860816,1.730611846568243,0.43782201100938334,1.156443615511997,3.9510167011439488,800.3715812508805,204.1255530939546
0.0,0.0,0.0,0.0260288539352753,0.0,0.0,0.0,0.0,0.0,0.0,0.0,0.0,0.0,0.0,0.0,0.0,0.0,0.0,0.0,0.0,0.0,0.109951954895963,0.0,0.0,0.0,0.0,0.0,0.0,0.0,0.7593030436487969,0.1047161475199648,0.0,0.0,0.0,HAc,FORM,MeOH + H$_2$O,2.5,0.0,0.03,1.3333333333333333,633,1,0.1463668799999999,0.3659171999999999,101039d2ra06960a,V-Ti-Bi,0.2555019786673813,0.1022007914669525,0.033655706533036,0.2301564153757525,2.2438216470822687,1,P-V-Ti,2.091129290978669,0.0079647540897832,144.6863437429225,1.759986876010425,0.45625710832835953,1.1560677106873392,4.18466680979281,800.3781243191863,202.5072858805257
0.0,0.0,0.0,0.0,0.0,0.0,0.0,0.0,0.0,0.0,0.0,0.0,0.0,0.0,0.0,0.0,0.0,0.0,0.0,0.0,0.0,0.133847072637405,0.0,0.0,0.0,0.7323058547251898,0.0,0.0,0.0,0.0,0.133847072637405,0.0,0.0,0.0,HAc,FORM,MeOH + H$_2$O,2.5,0.0,0.03,0.4433333333333333,633,1,0.2290287999999999,0.572572,101039d3nj00221g,VPO-MCF,0.0849544079069042,0.0339817631627617,0.0111905224222344,0.0765270081124376,1.1674203658577278,1,P-V-Ti,1.0424087414205696,0.0082351558996356,121.36823156187278,1.9054569639799332,0.9782201205758425,1.4962038533283848,5.247191706672243,785.7591082284289,200.9960094331105
0.0,0.0,0.0,0.0,0.0,0.0,0.0,0.0,0.0,0.0,0.0,0.0,0.0,0.0,0.0,0.0,0.0,0.0,0.0,0.0,0.0,0.1015775924799303,0.0,0.0,0.0,0.0,0.0,0.0,0.0,0.8016818432534694,0.0967405642666003,0.0,0.0,0.0,HAc,FORM,MeOH + H$_2$O,2.5,0.0,0.03,0.4433333333333333,633,1,0.245156,0.6128900000000002,101039d3nj00221g,UnModifiedV-Ti,0.0849544079069042,0.0339817631627617,0.0111905224222344,0.0765270081124376,1.249624969489502,1,P-V-Ti,1.1632774503176886,0.0026650402186643,144.4175729128198,1.7321694071558495,0.36701686359070135,1.1208385756389172,4.065770856403465,806.9153772106539,201.9099358600682
0.0,0.0,0.0,0.0,0.0,0.0,0.0,0.0,0.0,0.0,0.0,0.0,0.0,0.0,0.0,0.0,0.0,0.0,0.0,0.0,0.0,0.1022903000348021,0.0,0.0,0.0,0.0938969584445408,0.0,0.0,0.0,0.7063934081541788,0.0974193333664782,0.0,0.0,0.0,HAc,FORM,MeOH + H$_2$O,2.5,0.0,0.03,0.4433333333333333,633,1,0.24657582,0.61643955,101039d3nj00221g,AllylSi-V-Ti,0.0849544079069042,0.0339817631627617,0.0111905224222344,0.0765270081124376,1.2568621675355645,1,P-V-Ti,1.254373042563325,0.0010673445633726,137.31474876625424,1.7695931261201814,0.5814447211457948,1.2398992850754578,4.363110380121321,812.0316727066001,203.4316599550002
0.0,0.0,0.0,0.0,0.0,0.0,0.0,0.0,0.0,0.0,0.0,0.0,0.0,0.0,0.0,0.0,0.0,0.0,0.0,0.0,0.0,0.1022903000348021,0.0,0.0,0.0,0.0938969584445408,0.0,0.0,0.0,0.7063934081541788,0.0974193333664782,0.0,0.0,0.0,HAc,FORM,MeOH + H$_2$O,2.5,0.0,0.03,0.4433333333333333,633,1,0.3349959999999999,0.8374899999999998,101039d3nj00221g,Glycosidil-Si-V-Ti,0.0849544079069042,0.0339817631627617,0.0111905224222344,0.0765270081124376,1.7075632098708782,1,P-V-Ti,1.649916546111319,9.136624726720864e-05,137.31474876625424,1.7695931261201814,0.5814447211457948,1.2398992850754578,4.363110380121321,812.0316727066001,203.4316599550002
0.0,0.0,0.0,0.0,0.0,0.0,0.0,0.0,0.0,0.0,0.0,0.0,0.0,0.0,0.0,0.0,0.0,0.0,0.0,0.0,0.0,0.133847072637405,0.0,0.0,0.0,0.7323058547251898,0.0,0.0,0.0,0.0,0.133847072637405,0.0,0.0,0.0,HAc,FORM,MeOH + H$_2$O,2.5,0.0,0.1,2.6666666666666665,633,1,0.175812,0.43953,102139ssrn4741336,1,0.5110039573347626,0.204401582933905,0.0673114130660721,0.460312830751505,5.390437664816356,1,P-V-Ti,6.374510731002276,3.1167028175510476e-17,121.36823156187278,1.9054569639799332,0.9782201205758425,1.4962038533283848,5.247191706672243,785.7591082284289,200.9960094331105
0.0,0.0,0.0,0.0,0.0,0.0,0.0,0.0,0.0,0.0,0.0,0.0,0.0,0.0,0.0,0.0,0.0,0.0,0.0,0.0,0.0,0.0704626346521857,0.0,0.0,0.0,0.90811580458234,0.0,0.0,0.0,0.0,0.0214215607654744,0.0,0.0,0.0,HAc,FORM,MeOH + H$_2$O,10.0,0.0,0.0,2.0,643,1,0.0219,0.219,101021acsiecr5b01422,1,0.5157041230938302,0.051570412309383,0.0169826342590849,0.1161366860883381,0.6776352177452929,1,P-V-Ti,0.692987449396612,0.0124041803829177,117.58876358087515,1.926241520934093,1.065653716519727,1.5536676653805441,5.443988860511745,786.5083348480648,201.66843027489935
0.0,0.0,0.0,0.0,0.0,0.0,0.0,0.0,0.0,0.0,0.0,0.0,0.0,0.0,0.0,0.0,0.0,0.0,0.0,0.0,0.0,0.0704626346521857,0.0,0.0,0.0,0.90811580458234,0.0,0.0,0.0,0.0,0.0214215607654744,0.0,0.0,0.0,HAc,FORM,MeOH + H$_2$O,10.0,0.0,0.0,2.0,643,1,0.0219,0.219,101016jcej201604107,1,0.5157041230938302,0.051570412309383,0.0169826342590849,0.1161366860883381,0.6776352177452929,1,P-V-Ti,0.7273573530732395,0.0102926199957582,117.58876358087515,1.926241520934093,1.065653716519727,1.5536676653805441,5.443988860511745,786.5083348480648,201.66843027489935
0.8999853638612879,0.0,0.0,0.0,0.0,0.0,0.0,0.0,0.0,0.0,0.0,0.0,0.0,0.0,0.0,0.0,0.0,0.0,0.0,0.0,0.0,0.050007318069356,0.0,0.0,0.0,0.0,0.0,0.0,0.0,0.0,0.050007318069356,0.0,0.0,0.0,MAc,TRX,,5.0,0.0,0.21,1.0,623,1,0.07728,0.3864,101021acsiecr6b03079,1,0.2092174864874706,0.0418434972974941,0.0,0.0,0.970099641345104,1,P-V-Ti,0.7825033949965023,0.0166112047590107,125.10967332661887,1.746989110887296,0.525513864328942,1.116200974997301,4.527178736257415,757.8059109249532,188.337988511431
0.0,0.0,0.0,0.0,0.0,0.0,0.0,0.0,0.0,0.0,0.0,0.0,0.0,0.0,0.0,0.0,0.0,0.0,0.0,0.0,0.0,0.5454545454545454,0.0,0.0,0.0,0.0,0.0,0.0,0.0,0.0,0.4545454545454545,0.0,0.0,0.0,MAc,TRX,,5.0,0.0,0.21,2.0,643,1,0.14934,0.7467,101021acsiecr7b01212,1,0.4184349729749413,0.0836869945949882,0.0,0.0,3.749344731844664,1,P-V-Ti,3.915573904287122,0.0010046291755747,129.37114739962163,1.9176555968741713,0.6388330247437403,1.3484806980201558,5.151733441121092,739.9201931554782,193.1308908649953
0.0,0.0,0.0,0.0,0.0,0.0,0.0,0.0,0.0,0.0,0.0,0.0,0.0,0.0,0.0,0.0,0.0,0.0,0.0,0.0,0.0,0.5121951219512195,0.0,0.0,0.0,0.0,0.0,0.0,0.0,0.0,0.4878048780487804,0.0,0.0,0.0,MAc,TRX,,5.0,0.0,0.0,1.6666666666666667,643,1,0.061,0.305,101016jcattod201806019,VPO,0.3486958108124511,0.0697391621624902,0.0,0.0,1.2762266675735712,1,P-V-Ti,1.4940911191337234,0.0980889485966064,129.8316769387775,1.912049150310535,0.6366144036658334,1.3429030071422963,5.110185667479857,742.2488707817313,193.40120168145634
0.0,0.0,0.0,0.0,0.0,0.0,0.0,0.0,0.0,0.0,0.0,0.0,0.0,0.0,0.0,0.0,0.0,0.0,0.0,0.0,0.0,0.5072463768115942,0.0,0.0,0.0,0.0,0.0,0.0,0.0,0.0,0.4830917874396134,0.0,0.0,0.0096618357487922,MAc,TRX,,5.0,0.0,0.0,1.6666666666666667,643,1,0.0802,0.401,101016jcattod201806019,VPO-Zr,0.3486958108124511,0.0697391621624902,0.0,0.0,1.677924241629515,1,P-V-Ti,1.8954547489082163,0.0471394843712182,135.8421399351691,1.8345969749158269,0.6085883448275464,1.2977568257219128,4.85999293029508,745.9635220485852,197.33985757953187
0.0,0.0,0.0,0.0,0.0,0.0,0.0,0.0,0.0,0.0,0.0,0.0,0.0,0.0,0.0,0.0,0.0,0.0,0.0,0.0,0.0,0.5072463768115942,0.0,0.0,0.0,0.0,0.0,0.0,0.0,0.0,0.4830917874396134,0.0,0.0,0.0096618357487922,MAc,TRX,,5.0,0.0,0.0,2.0,653,1,0.044352618025751,0.2217630901287553,101021acsiecr7b03521,1,0.4184349729749413,0.0836869945949882,0.0,0.0,1.1135211914983825,1,P-V-Ti,1.3081386660395795,0.0267064879290814,135.8421399351691,1.8345969749158269,0.6085883448275464,1.2977568257219128,4.85999293029508,745.9635220485852,197.33985757953187
0.0,0.0,0.0,0.0,0.0,0.0,0.0,0.0,0.0,0.0,0.0,0.0,0.0,0.0,0.0,0.0,0.0,0.0,0.0,0.0,0.0,0.0080777190376295,0.0,0.0,0.0,0.8949896525108159,0.0,0.0,0.0,0.0,0.0,0.0969326284515544,0.0,0.0,HAc,TRX,,3.0,0.0,0.0,2.295081967213115,673,1,0.1413253333333333,0.4239759999999999,101002jctb6360,1,0.6687244928800516,0.2229081642933505,0.0,0.0,5.670462711866255,2,Si-Cs-P,6.865721077643703,0.2715755609696249,125.34647679821421,1.8817704696927624,1.1328928979833206,1.5727912420779937,5.007993128323059,788.3297586758204,208.17818454487585
0.0,0.0,0.0,0.0,0.0,0.0,0.0,0.0,0.0,0.0,0.0,0.0,0.0,0.0,0.0,0.0,0.0,0.0,0.0,0.0,0.0,0.3472222222222222,0.0,0.3263888888888889,0.0,0.0,0.0,0.0,0.0,0.3263888888888889,0.0,0.0,0.0,0.0,HAc,FORM,MeOH + H$_2$O,2.5,0.0,0.21,5.0,633,1,0.1277268,0.319317,101039d2cc06618a,1,0.9581324200026798,0.3832529680010719,0.1262088994988852,0.8630865576590718,7.342751278991897,1,P-V-Ti,7.129480372072381,0.0520650652185105,123.89448841475033,2.103871235532645,0.9661989202370292,1.6125044098658818,6.865236679577053,721.7735260491944,190.26919884033842
0.0,0.0,0.0,0.0,0.0,0.0,0.0,0.0,0.0,0.0,0.0,0.0,0.0,0.0,0.0,0.0,0.0,0.0,0.0,0.0,0.0,0.4126431684398502,0.0,0.2475859010639101,0.0,0.0,0.0,0.0,0.0,0.3397709304962398,0.0,0.0,0.0,0.0,HAc,MeOH,,0.5,0.0,0.21,1.5,653,1,0.1832424860194942,0.0916212430097471,101016jjcat2024115612,1,0.1807606985491203,0.3615213970982406,0.0,0.0,1.987382386605672,1,P-V-Ti,1.6597950342920034,0.0177163860725335,124.23596383953314,2.0905441233589968,0.9292563453415682,1.5905800538321382,6.759507894839112,722.206200747718,190.4396767407441
0.0,0.0,0.0,0.0,0.0,0.0,0.0,0.0,0.0,0.0,0.0,0.0,0.0,0.0,0.0,0.0,0.0,0.0,0.0,0.0,0.0,0.1080848099890603,0.0,0.0,0.0,0.8378727850164095,0.0,0.0,0.0,0.0,0.0540424049945301,0.0,0.0,0.0,HAc,TRX,,3.0,0.0,0.0,5.0,623,1,0.156672,0.470016,101016japcata2023119441,VPO-SiO2,1.456864073774398,0.4856213579247994,0.0,0.0,13.69498848998295,1,P-V-Ti,18.776387517245247,0.1564555728609957,119.2262981280204,1.9193106415284882,1.0220785253345732,1.5278090249900027,5.37057857634575,784.5505292335854,201.13936664571352
0.0,0.0,0.0,0.0,0.0,0.0,0.0,0.0,0.0,0.0,0.0,0.0,0.0,0.0,0.0078713419785482,0.0,0.0,0.0,0.0,0.0,0.0,0.1049512263806435,0.0,0.0,0.0,0.8347018184504864,0.0,0.0,0.0,0.0,0.0524756131903217,0.0,0.0,0.0,HAc,TRX,,3.0,0.0,0.0,5.0,623,1,0.1984775799999999,0.5954327399999999,101016japcata2023119441,VPO1%Mg-SiO2,1.456864073774398,0.4856213579247994,0.0,0.0,17.349291345101037,1,P-V-Ti,17.747318840270342,0.0497922756618343,121.61892870778348,1.8514948134209752,0.993119753003474,1.4926985594693203,5.130549076038533,788.6286570386968,198.0411271865231
0.0,0.0,0.0,0.0,0.0078068144069351,0.0,0.0,0.0,0.0,0.0,0.0,0.0,0.0,0.0,0.0,0.0,0.0,0.0,0.0,0.0,0.0,0.1040908587591352,0.0,0.0,0.0,0.836056897454362,0.0,0.0,0.0,0.0,0.0520454293795676,0.0,0.0,0.0,HAc,TRX,,3.0,0.0,0.0,5.0,623,1,0.20087336,0.60262008,101016japcata2023119441,VPO1%Ca-SiO2,1.456864073774398,0.4856213579247994,0.0,0.0,17.558710893741075,1,P-V-Ti,19.76182534965613,0.0696408489819945,125.49124796384073,1.8171364599329998,0.9130667702428059,1.4447786061540968,5.394117021769139,783.2036549030323,204.49748092123238
0.0,0.0,0.0,0.0,0.0,0.0,0.0,0.0,0.0,0.0,0.0,0.0,0.0,0.0,0.0,0.0,0.0,0.0,0.0,0.0,0.0,0.1015808709236687,0.0,0.0,0.0,0.8400101282952218,0.0,0.0076185653192751,0.0,0.0,0.0507904354618344,0.0,0.0,0.0,HAc,TRX,,3.0,0.0,0.0,5.0,623,1,0.2068854,0.6206562,101016japcata2023119441,VPO1%Sr-SiO2,1.456864073774398,0.4856213579247994,0.0,0.0,18.08423439890675,1,P-V-Ti,20.55601415897794,0.0687067782145213,127.53555793549235,1.8119331333906465,0.9175398488458618,1.4409241588924495,5.449560462555969,783.4158597273165,206.5100544237884
0.0,0.0,0.007431213098437,0.0,0.0,0.0,0.0,0.0,0.0,0.0,0.0,0.0,0.0,0.0,0.0,0.0,0.0,0.0,0.0,0.0,0.0,0.099082841312494,0.0,0.0,0.0,0.8439445249328219,0.0,0.0,0.0,0.0,0.049541420656247,0.0,0.0,0.0,HAc,TRX,,3.0,0.0,0.0,5.0,623,1,0.21824,0.65472,101016japcata2023119441,VPO1%Ba-SiO2,1.456864073774398,0.4856213579247994,0.0,0.0,19.07676092763148,1,P-V-Ti,21.94215337873341,0.0730720304541891,129.67219146896377,1.8056780004342452,0.9300826832513764,1.4394400386254829,5.332713513289844,783.6314876413255,208.61711386342532
0.0,0.0,0.0,0.0,0.0,0.0,0.0,0.0,0.0,0.0,0.0,0.0,0.0,0.0,0.0,0.0,0.0,0.0,0.0,0.0,0.0,0.6250000000000001,0.0,0.0,0.0,0.0,0.0,0.0,0.0,0.25,0.125,0.0,0.0,0.0,HAc,TRX,,3.0,0.0,0.01,2.5,638,1,0.180194,0.540582,1019906jcnkijfct2022036,1,0.728432036887199,0.2428106789623997,0.0,0.0,7.875544947291116,1,P-V-Ti,22.28028647168576,1.1814052517565097,135.88276253559428,1.8368551035919456,0.4756875974554351,1.2395966572503683,4.743750720776688,766.8386952492846,196.9181836351029
0.5114282662476,0.0,0.0,0.0,0.0,0.0,0.0,0.0,0.0,0.0,0.0,0.0,0.0,0.0,0.0,0.0,0.0,0.0,0.0,0.0,0.0,0.2664936729558546,0.0,0.0,0.0,0.0,0.0,0.0,0.0,0.0,0.2220780607965455,0.0,0.0,0.0,HAc,TRX,,5.0,0.0,0.0,2.0,623,1,0.10296,0.5148,101039d3cy00844d,1,0.5827864242127061,0.1165572848425412,0.0,0.0,3.600221414216413,1,P-V-Ti,3.6193996100754258,0.0072016279626914,126.15268818105042,1.7993710960004363,0.5596309390093503,1.1865880081384217,4.728149435164554,751.5481545156633,189.62033269712214
0.0,0.0,0.0,0.0,0.0,0.0,0.0,0.0,0.0208753300457327,0.0,0.0,0.0,0.0,0.0,0.0,0.0,0.0,0.0,0.0,0.0,0.0,0.0,0.0,0.0,0.0,0.9791246699542674,0.0,0.0,0.0,0.0,0.0,0.0,0.0,0.0,MAc,TRX,,0.5,0.0,0.0,3.6,663,1,0.468512,0.234256,101016jjiec201411014,1,0.7526722312417145,1.505344462483429,0.0,0.0,21.15815834421109,2,Si-Cs-P,24.994331922173103,0.1014415950089922,142.8776200268826,1.6339536975200026,1.169518759982426,1.4463001283150658,5.5786024392230615,820.9807255321408,241.8776200268826
1.0,0.0,0.0,0.0,0.0,0.0,0.0,0.0,0.0,0.0,0.0,0.0,0.0,0.0,0.0,0.0,0.0,0.0,0.0,0.0,0.0,0.0,0.0,0.0,0.0,0.0,0.0,0.0,0.0,0.0,0.0,0.0,0.0,0.0,MAc,TRX,MeOH,0.5,1.0,0.0,7.199999999999999,663,1,0.3347074067112566,0.1673537033556283,101007s1056201720148,gamma-Alumina,0.7461299265281326,1.4922598530562652,1.4922598530562652,0.0,14.9841127666735,0,Al-Si-Cs,15.421394793702524,0.0906536585215644,121.0,1.61,0.43283,0.9274010826249173,4.05,770.1642857142858,184.0
0.9963014203494563,0.0,0.0036985796505435,0.0,0.0,0.0,0.0,0.0,0.0,0.0,0.0,0.0,0.0,0.0,0.0,0.0,0.0,0.0,0.0,0.0,0.0,0.0,0.0,0.0,0.0,0.0,0.0,0.0,0.0,0.0,0.0,0.0,0.0,0.0,MAc,TRX,MeOH,0.5,1.0,0.0,7.199999999999999,663,1,0.3451327193793119,0.1725663596896559,101007s1056201720148,1Ba-gamma-Alumina,0.7461299265281326,1.4922598530562652,1.4922598530562652,0.0,15.450831033176437,0,Al-Si-Cs,16.98190906276987,0.1139087296815109,135.78153943983548,1.496779697907643,0.387508856574947,0.8928615489689068,4.202532906985536,770.1642857142858,197.2090352441083
0.9817767030089496,0.0,0.0182232969910503,0.0,0.0,0.0,0.0,0.0,0.0,0.0,0.0,0.0,0.0,0.0,0.0,0.0,0.0,0.0,0.0,0.0,0.0,0.0,0.0,0.0,0.0,0.0,0.0,0.0,0.0,0.0,0.0,0.0,0.0,0.0,MAc,TRX,MeOH,0.5,1.0,0.0,7.199999999999999,663,1,0.3991596945210403,0.1995798472605201,101007s1056201720148,5Ba-gamma-Alumina,0.7461299265281326,1.4922598530562652,1.4922598530562652,0.0,17.869499612758542,0,Al-Si-Cs,18.397012450138604,0.0667894104412253,142.82564861280142,1.4428248191359891,0.3659111682266436,0.876401812359837,4.275222118664015,770.1642857142858,203.5037711008013
0.9642056962458,0.0,0.0357943037541999,0.0,0.0,0.0,0.0,0.0,0.0,0.0,0.0,0.0,0.0,0.0,0.0,0.0,0.0,0.0,0.0,0.0,0.0,0.0,0.0,0.0,0.0,0.0,0.0,0.0,0.0,0.0,0.0,0.0,0.0,0.0,MAc,TRX,MeOH,0.5,1.0,0.0,7.199999999999999,663,1,0.4000952274358071,0.2000476137179035,101007s1056201720148,10Ba-gamma-Alumina,0.7461299265281326,1.4922598530562652,1.4922598530562652,0.0,17.911381359056115,0,Al-Si-Cs,19.632573957799597,0.1289021841063675,146.501868108742,1.4146665421458062,0.3546396445997816,0.8678117120171942,4.313157575164678,770.1642857142858,206.78890341632263
1.0,0.0,0.0,0.0,0.0,0.0,0.0,0.0,0.0,0.0,0.0,0.0,0.0,0.0,0.0,0.0,0.0,0.0,0.0,0.0,0.0,0.0,0.0,0.0,0.0,0.0,0.0,0.0,0.0,0.0,0.0,0.0,0.0,0.0,MAc,TRX,MeOH,0.5,1.0,0.0,7.199999999999999,663,1,0.2973479999999999,0.1486739999999999,101039c7ra10008f,Alumina,0.7461299265281326,1.4922598530562652,1.4922598530562652,0.0,13.311614483597229,0,Al-Si-Cs,14.807445466255038,0.0986358126845158,121.0,1.61,0.43283,0.9274010826249173,4.05,770.1642857142858,184.0
0.9817767030089496,0.0,0.0182232969910503,0.0,0.0,0.0,0.0,0.0,0.0,0.0,0.0,0.0,0.0,0.0,0.0,0.0,0.0,0.0,0.0,0.0,0.0,0.0,0.0,0.0,0.0,0.0,0.0,0.0,0.0,0.0,0.0,0.0,0.0,0.0,MAc,TRX,MeOH,0.5,1.0,0.0,7.199999999999999,663,1,0.361566,0.180783,101039c7ra10008f,5Ba-Alumina,0.7461299265281326,1.4922598530562652,1.4922598530562652,0.0,16.18651278090425,0,Al-Si-Cs,19.5069398140107,0.1026435659176703,142.82564861280142,1.4428248191359891,0.3659111682266436,0.876401812359837,4.275222118664015,770.1642857142858,203.5037711008013
0.9800110940267144,0.0,0.0181905245523127,0.0,0.0,0.0,0.0,0.0,0.0,0.0,0.0,0.0,0.0017983814209731,0.0,0.0,0.0,0.0,0.0,0.0,0.0,0.0,0.0,0.0,0.0,0.0,0.0,0.0,0.0,0.0,0.0,0.0,0.0,0.0,0.0,MAc,TRX,MeOH,0.5,1.0,0.0,7.199999999999999,663,1,0.37762,0.18881,101039c7ra10008f,5Ba-0.5La-Alumina,0.7461299265281326,1.4922598530562652,1.4922598530562652,0.0,16.90521497133321,0,Al-Si-Cs,19.63937680626844,0.0810940198809539,149.49461868123333,1.4071986163289039,0.3767280333534337,0.878333499142799,4.220641269571905,795.3996651939569,207.60820165056194
0.0,0.0,0.0,0.0,0.0,0.0,0.0,0.0,0.0,0.0,0.0,0.0,0.0,0.0,0.0,0.0,0.0,0.0,0.0,0.0,0.0,0.0,0.0,0.0,0.0,0.0,0.0,0.0,0.0,1.0,0.0,0.0,0.0,0.0,MAc,TRX,MeOH,0.5,1.0,0.0,7.199999999999999,663,1,0.103992,0.051996,101007s1056201825359,TiO2,0.7461299265281326,1.4922598530562652,1.4922598530562652,0.0,4.655492599170814,0,Al-Si-Cs,4.82321075863934,0.0472739178514409,160.0,1.54,0.079,0.8836023565738941,2.95,876.0,211.0
1.0,0.0,0.0,0.0,0.0,0.0,0.0,0.0,0.0,0.0,0.0,0.0,0.0,0.0,0.0,0.0,0.0,0.0,0.0,0.0,0.0,0.0,0.0,0.0,0.0,0.0,0.0,0.0,0.0,0.0,0.0,0.0,0.0,0.0,MAc,TRX,MeOH,0.5,1.0,0.0,7.199999999999999,663,1,0.28960092,0.14480046,101007s1056201825359,Al2O3,0.7461299265281326,1.4922598530562652,1.4922598530562652,0.0,12.964794789724776,0,Al-Si-Cs,13.638022640894253,0.0724999730198655,121.0,1.61,0.43283,0.9274010826249173,4.05,770.1642857142858,184.0
0.986842105263158,0.0,0.0,0.0,0.0,0.0,0.0,0.0,0.0,0.0,0.0,0.0,0.0,0.0,0.0,0.0,0.0,0.0,0.0,0.0,0.0,0.0,0.0,0.0,0.0,0.0,0.0,0.0,0.0,0.0131578947368421,0.0,0.0,0.0,0.0,MAc,TRX,MeOH,0.5,1.0,0.0,7.199999999999999,663,1,0.26691808,0.13345904,101007s1056201825359,Ti-Al2O3,0.7461299265281326,1.4922598530562652,1.4922598530562652,0.0,11.949334045165813,0,Al-Si-Cs,12.872947905609934,0.0879041461636076,129.38367873074833,1.5949523715089133,0.3567685372999824,0.9179858403677932,3.8135372665686362,792.9153787094319,189.80408527513345
0.986842105263158,0.0,0.0,0.0,0.0,0.0,0.0,0.0,0.0,0.0,0.0,0.0,0.0,0.0,0.0,0.0,0.0,0.0,0.0,0.0,0.0,0.0,0.0,0.0,0.0,0.0,0.0,0.0,0.0,0.0131578947368421,0.0,0.0,0.0,0.0,MAc,TRX,MeOH,0.5,1.0,0.0,7.199999999999999,663,1,0.332175,0.1660875,101007s1056201825359,gamma-TiAl2O3,0.7461299265281326,1.4922598530562652,1.4922598530562652,0.0,14.870742500668946,0,Al-Si-Cs,16.038797658721357,0.0864669914398536,129.38367873074833,1.5949523715089133,0.3567685372999824,0.9179858403677932,3.8135372665686362,792.9153787094319,189.80408527513345
0.0,0.0,0.0267796523838205,0.0,0.0,0.0,0.0,0.0,0.0,0.0,0.0,0.0,0.0,0.0,0.0,0.0,0.0,0.0,0.0,0.0,0.0,0.0,0.0,0.0,0.0,0.0,0.0,0.0,0.0,0.9732203476161796,0.0,0.0,0.0,0.0,MAc,TRX,MeOH,0.5,1.0,0.0,7.199999999999999,663,1,0.20468523,0.102342615,101007s1056201825359,Ba-TiO2,0.7461299265281326,1.4922598530562652,1.4922598530562652,0.0,9.163306537277634,0,Al-Si-Cs,9.325997223495476,0.101095970606182,173.9647990571907,1.3749614656877462,0.09566127480241554,0.8389536031851077,3.4755842554251775,849.1277366713773,225.47260993199765
0.9827386228095196,0.0,0.0172613771904803,0.0,0.0,0.0,0.0,0.0,0.0,0.0,0.0,0.0,0.0,0.0,0.0,0.0,0.0,0.0,0.0,0.0,0.0,0.0,0.0,0.0,0.0,0.0,0.0,0.0,0.0,0.0,0.0,0.0,0.0,0.0,MAc,TRX,MeOH,0.5,1.0,0.0,7.199999999999999,663,1,0.36957286,0.18478643,101007s1056201825359,Ba-Al2O3,0.7461299265281326,1.4922598530562652,1.4922598530562652,0.0,16.54496225271551,0,Al-Si-Cs,17.437601358884653,0.0670314381989782,142.5493246302948,1.4449413432573164,0.36675839519470993,0.8770474894581255,4.272370690333892,770.1642857142857,203.2568432866464
0.9696830661945772,0.0,0.0173878262561616,0.0,0.0,0.0,0.0,0.0,0.0,0.0,0.0,0.0,0.0,0.0,0.0,0.0,0.0,0.0,0.0,0.0,0.0,0.0,0.0,0.0,0.0,0.0,0.0,0.0,0.0,0.012929107549261,0.0,0.0,0.0,0.0,MAc,TRX,MeOH,0.5,1.0,0.0,7.199999999999999,663,1,0.38134003,0.190670015,101007s1056201825359,Ba-Ti-Al2O3,0.7461299265281326,1.4922598530562652,1.4922598530562652,0.0,17.071752513968153,0,Al-Si-Cs,17.571945022134866,0.081107487832106,145.6721636505037,1.460835349167373,0.3164073281364679,0.8779893576502344,4.043066516931338,788.5869886353717,204.680839600712
0.9696830661945772,0.0,0.0173878262561616,0.0,0.0,0.0,0.0,0.0,0.0,0.0,0.0,0.0,0.0,0.0,0.0,0.0,0.0,0.0,0.0,0.0,0.0,0.0,0.0,0.0,0.0,0.0,0.0,0.0,0.0,0.012929107549261,0.0,0.0,0.0,0.0,MAc,TRX,MeOH,0.5,1.0,0.0,7.199999999999999,663,1,0.451,0.2255,101007s1056201825359,Ba-gamma-TiAl2O3,0.7461299265281326,1.4922598530562652,1.4922598530562652,0.0,20.19027581185127,0,Al-Si-Cs,18.42031020965437,0.0406527712885901,145.6721636505037,1.460835349167373,0.3164073281364679,0.8779893576502344,4.043066516931338,788.5869886353717,204.680839600712
0.0,0.0,0.0,0.0,0.0,0.0,0.0,0.0,0.0,0.0,0.0,0.0,0.0,0.0,0.0,0.0,0.0,0.0,0.0,0.0,0.0,0.0,0.0,0.0,0.0,1.0,0.0,0.0,0.0,0.0,0.0,0.0,0.0,0.0,MAc,TRX,MeOH,3.0,3.0,0.0,7.199999999999999,663,1,0.0,0.0,101007s1114401814198,SBA15,0.9981460601120156,0.3327153533706719,0.9981460601120156,0.0,0.0,2,Si-Cs-P,0.0,0.0,111.00000000000001,1.9,1.3895211,1.6827931688842968,5.43,837.0,210.0
0.0,0.0,0.0,0.0,0.0,0.0909090909090909,0.0,0.0,0.0,0.0,0.0,0.0,0.0,0.0,0.0,0.0,0.0,0.0,0.0,0.0,0.0,0.0,0.0,0.0,0.0,0.9090909090909092,0.0,0.0,0.0,0.0,0.0,0.0,0.0,0.0,MAc,TRX,MeOH,3.0,3.0,0.0,7.199999999999999,663,1,0.0532799,0.1598397,101007s1114401814198,Ce-SBA15(10),0.9981460601120156,0.3327153533706719,0.9981460601120156,0.0,3.1908673360897306,2,Si-Cs-P,2.928833473651167,0.0277529114292519,142.04903351376967,1.6395887511748353,1.1426241600210776,1.4479204551946514,5.339857644637443,814.6861899701735,220.6835384133401
0.0,0.0,0.0,0.0,0.0,0.0873240350214437,0.0,0.0,0.0394750766069558,0.0,0.0,0.0,0.0,0.0,0.0,0.0,0.0,0.0,0.0,0.0,0.0,0.0,0.0,0.0,0.0,0.8732008883716004,0.0,0.0,0.0,0.0,0.0,0.0,0.0,0.0,MAc,TRX,MeOH,3.0,3.0,0.0,7.199999999999999,663,1,0.1733004,0.5199012000000001,101007s1114401814198,10Cs-Ce-SBA15imp,0.9981460601120156,0.3327153533706719,0.9981460601120156,0.0,10.378746688550182,2,Si-Cs-P,10.75597632933075,0.0376503733968344,163.28553307122772,1.4626184587137652,1.002854193805318,1.291314433040129,5.487778895175818,805.4121652668858,246.16200326260935
0.0,0.0,0.0,0.0,0.0,0.0863440471020415,0.0,0.0,0.0502154818775429,0.0,0.0,0.0,0.0,0.0,0.0,0.0,0.0,0.0,0.0,0.0,0.0,0.0,0.0,0.0,0.0,0.8634404710204153,0.0,0.0,0.0,0.0,0.0,0.0,0.0,0.0,MAc,TRX,MeOH,3.0,3.0,0.0,7.199999999999999,663,1,0.22425,0.67275,101007s1114401814198,10Cs-Ce-SBA15(10),0.9981460601120156,0.3327153533706719,0.9981460601120156,0.0,13.430055238807167,2,Si-Cs-P,13.021866665154835,0.0038874377549665,164.58391107766937,1.4517986875075408,0.9943091228731047,1.2817397447636028,5.496824974939269,804.8452272417464,247.71993228879302
0.9327519273163696,0.0,0.0,0.0,0.0,0.0,0.0,0.0,0.0337473797081572,0.0,0.0,0.0,0.0,0.0,0.0,0.0,0.0,0.0,0.0,0.0,0.0,0.0335006929754734,0.0,0.0,0.0,0.0,0.0,0.0,0.0,0.0,0.0,0.0,0.0,0.0,MAc,TRX,MeOH,5.0,0.75,0.0,3.4,653,1,0.0941999999999999,0.471,101039c6cy00620e,1,0.6608707194133101,0.132174143882662,0.0991306079119965,0.0,3.735241306124028,0,Al-Si-Cs,4.363706942756899,0.0149488981604865,144.1752980191057,1.558715178882048,0.5076253612788793,1.025007449828823,5.136835787014944,739.7581448294809,216.94826471768678
0.0532854016359133,0.0,0.0,0.0,0.0,0.0,0.0,0.0,0.0,0.0,0.0,0.0,0.0,0.0,0.0,0.0,0.0,0.0,0.0,0.0,0.0,0.1474335738253869,0.0,0.0,0.0,0.7992810245386999,0.0,0.0,0.0,0.0,0.0,0.0,0.0,0.0,MAc,TRX,,5.0,0.0,0.21,1.2,623,1,0.0802909119999999,0.4014545599999999,101002cjce22889,1,0.2510609837849648,0.0502121967569929,0.0,0.0,1.2094749213427218,0,Al-Si-Cs,1.4531185163913392,0.0352277215962674,111.9916270336498,1.9224590374949508,0.9927744481756104,1.5002965406510131,5.642838636639687,760.6317068374126,195.53018725607308
0.9162763025301396,0.0,0.0,0.0,0.0,0.0033337949398801,0.0,0.0,0.0351466403302122,0.0,0.0,0.0,0.0,0.0,0.0,0.0,0.0,0.0,0.0,0.0,0.0,0.045243262199768,0.0,0.0,0.0,0.0,0.0,0.0,0.0,0.0,0.0,0.0,0.0,0.0,EAc,TRX,EtOH,5.0,1.0,0.0,1.288659793814433,623,1,0.31377681,1.56888405,101016jjiec201611002,1,0.1960189924641642,0.0392037984928328,0.0,0.0,3.690372849289169,0,Al-Si-Cs,3.177316264030796,0.0102920813692203,149.44976424988434,1.5266489391241669,0.5254179578667204,1.03076587058523,5.180232702605144,740.6050340165115,219.03536743596734
0.4442470113139903,0.0,0.0,0.0,0.0,0.0,0.0,0.0,0.0,0.0,0.0,0.0,0.0,0.0,0.0,0.0,0.0,0.0,0.0,0.0,0.0,0.1115059773720191,0.0,0.0,0.0,0.4442470113139903,0.0,0.0,0.0,0.0,0.0,0.0,0.0,0.0,MAc,TRX,,5.0,0.0,0.0,1.2,643,1,0.086,0.43,101016jmicromeso201707045,Trioxane,0.2510609837849648,0.0502121967569929,0.0,0.0,1.295474676330418,0,Al-Si-Cs,1.4734054692314558,0.0299698050465716,113.76553235741652,1.8629992693915352,0.870317427782013,1.3831374251755373,5.343306263497541,759.6917008570476,192.7793388973423
0.4442470113139903,0.0,0.0,0.0,0.0,0.0,0.0,0.0,0.0,0.0,0.0,0.0,0.0,0.0,0.0,0.0,0.0,0.0,0.0,0.0,0.0,0.1115059773720191,0.0,0.0,0.0,0.4442470113139903,0.0,0.0,0.0,0.0,0.0,0.0,0.0,0.0,MAc,FORM,MeOH + H$_2$O,5.0,0.0,0.0,1.2,643,1,0.086,0.43,101016jmicromeso201707045,Formalin,0.2115326460031463,0.0423065292006292,0.013931948185236,0.0952744002080943,1.091508453376235,0,Al-Si-Cs,1.3492393521188994,0.0637966658520269,113.76553235741652,1.8629992693915352,0.870317427782013,1.3831374251755373,5.343306263497541,759.6917008570476,192.7793388973423
0.8546766747470742,0.0,0.0,0.0,0.0,0.0,0.0,0.0,0.0384887409095415,0.0,0.0,0.0,0.0,0.0,0.0,0.0,0.0,0.0,0.0,0.0,0.0,0.1068345843433842,0.0,0.0,0.0,0.0,0.0,0.0,0.0,0.0,0.0,0.0,0.0,0.0,MAc,TRX,MeOH,0.5,1.0,0.0,1.7142857142857142,643,1,0.212,0.106,101016jcjche202111025,1,0.1776499825066982,0.3552999650133965,0.3552999650133965,0.0,2.2597077774852017,0,Al-Si-Cs,2.35495134277307,0.050524418815994,142.2507913020367,1.603428794557345,0.5278644865445216,1.0722393225862794,5.324861056204908,730.3657502390166,215.38407798472406
0.032798570720447,0.0,0.0,0.0,0.0,0.0,0.0,0.0,0.0395555626875822,0.0,0.0,0.0,0.0,0.0,0.0,0.0,0.0,0.0,0.0,0.0,0.0,0.0,0.0,0.0,0.0,0.9276458665919708,0.0,0.0,0.0,0.0,0.0,0.0,0.0,0.0,MAc,TRX,MeOH,1.0,2.0,0.0,1.2,628,1,0.2,0.2,101021acsiecr1c04460,1,0.1243782115317232,0.1243782115317232,0.2487564230634464,0.0,1.4925385383806786,0,Al-Si-Cs,1.512587098915529,0.0049760501804636,142.50243113960292,1.5939060242905854,0.9865329994278723,1.3066729374651,5.278609034854023,808.2473451100886,233.97637335445023
0.032798570720447,0.0,0.0,0.0,0.0,0.0,0.0,0.0,0.0395555626875822,0.0,0.0,0.0,0.0,0.0,0.0,0.0,0.0,0.0,0.0,0.0,0.0,0.0,0.0,0.0,0.0,0.9276458665919708,0.0,0.0,0.0,0.0,0.0,0.0,0.0,0.0,MAc,TRX,MeOH,0.5,1.0,0.0,1.2,623,1,0.285,0.1425,101021acsiecr2c00444,1,0.1243549877546888,0.2487099755093776,0.2487099755093776,0.0,2.1264702906051784,0,Al-Si-Cs,1.9184979361451384,0.0063723687286558,142.50243113960292,1.5939060242905854,0.9865329994278723,1.3066729374651,5.278609034854023,808.2473451100886,233.97637335445023
0.883632324501284,0.0,0.0,0.0,0.0,0.0,0.0,0.0,0.0338944785624578,0.0,0.0,0.0,0.0,0.0,0.0,0.0,0.0,0.0,0.0,0.0,0.0,0.0,0.0,0.0,0.0,0.0824731969362581,0.0,0.0,0.0,0.0,0.0,0.0,0.0,0.0,MAc,TRX,MeOH,0.5,0.5,0.0,3.08,633,1,0.2364479999999999,0.1182239999999999,101021acsiecr2c03415,1,0.4268070194254403,0.8536140388508807,0.4268070194254403,0.0,6.055059967746391,0,Al-Si-Cs,6.579946524907979,0.0252100371336437,143.1413157277363,1.5211193280894246,0.6922161751568887,1.0794576579518687,4.815666447443791,787.739514755723,222.85796368450767
0.0441513128838737,0.0,0.0,0.0,0.0,0.0,0.0,0.0,0.0728224294386516,0.0,0.0,0.0,0.0,0.0,0.0,0.0,0.0,0.0,0.0,0.0,0.0,0.0,0.0,0.0,0.0,0.8830262576774747,0.0,0.0,0.0,0.0,0.0,0.0,0.0,0.0,MAc,TRX,MeOH,1.0,2.0,0.0,2.0,653,1,0.43148475,0.43148475,101016jcej2023145655,1,0.2072970192195386,0.2072970192195386,0.4145940384390773,0.0,5.36673015082127,0,Al-Si-Cs,5.794738834073532,0.0078587032934923,146.62737848988658,1.5579376046401403,0.9514368625930377,1.2709845631585028,5.287186098569715,805.7129436082171,237.83252211831248
0.0,0.0,0.0,0.0,0.0,0.0,0.0,0.0,0.0399624839678831,0.0,0.0,0.0,0.0,0.0,0.0,0.0,0.0,0.0,0.0,0.0,0.0,0.0,0.0,0.0,0.0,0.9371888693468784,0.0,0.0,0.0,0.0,0.0,0.0,0.0,0.0228486466852382,MAc,TRX,MeOH,1.0,2.0,0.0,1.2,633,1,0.28612752,0.28612752,1010800021959220232300818,1,0.1243782115317232,0.1243782115317232,0.2487564230634464,0.0,2.135281752456442,2,Si-Cs-P,2.142500992287544,0.0043708084631048,153.31308802908248,1.54000284186084,0.997717665978465,1.3298051385254472,5.149528421387245,809.1064386503853,242.5611361776021
0.0,0.0,0.0,0.0,0.0,0.0,0.0,0.0,0.0403310882825226,0.0,0.0,0.0,0.0,0.0,0.0,0.0,0.0,0.0,0.0,0.0,0.0,0.0,0.0,0.0,0.0,0.9458332734622712,0.0,0.0,0.0,0.0,0.0,0.0,0.0,0.0138356382552061,MAc,TRX,MeOH,2.0,2.0,0.0,1.2,643,1,0.2376,0.4752,101021acsiecr4c00771,1,0.166350751335778,0.083175375667889,0.166350751335778,0.0,2.3714963110428515,2,Si-Cs-P,2.363781369122278,0.0062019829104454,152.70743639625874,1.5458676032543115,1.0136840579838549,1.3389142012931115,5.203135201560643,810.1939783860123,243.10742114808292
0.0,0.0,0.0,0.0,0.0,0.0,0.0,0.0,0.0402038767525463,0.0,0.0,0.0,0.0,0.0,0.0,0.0,0.0,0.0,0.0,0.0,0.0,0.0,0.0,0.0,0.0,0.9460874177850626,0.0,0.0,0.0,0.0,0.0,0.0,0.0,0.013708705462391,MAc,TRX,MeOH,2.0,2.0,0.0,1.6000000000000003,643,1,0.232024,0.464048,101016jces2024120716,1,0.2218010017810374,0.1109005008905187,0.2218010017810374,0.0,3.087789338234605,2,Si-Cs-P,2.5003481642423213,0.0066828528463993,152.6749203154431,1.5461518296269159,1.014095455584964,1.3392286600953773,5.203878867551614,810.2227434695703,243.09318015120897
0.0,0.0,0.0,0.0,0.0,0.0,0.0,0.0,0.0203442117570152,0.0,0.0,0.0,0.0103539596156616,0.0,0.0,0.0,0.0,0.0,0.0,0.0,0.0,0.0,0.0,0.0,0.0118119384590547,0.9574898901682684,0.0,0.0,0.0,0.0,0.0,0.0,0.0,0.0,MAc,FORM,MeOH + H$_2$O,10.0,1.0,0.0,1.06535581986919,653,1,0.091,0.91,101039c5ra05133a,Cs–La–Sb --SiO2-(V),0.194782604283748,0.0194782604283747,0.0258926394888677,0.0438650868902492,1.063513019389264,2,Si-Cs-P,1.402475488886913,0.1803372056671592,151.25948012276217,1.6199648458568494,1.0538944434127606,1.3830844478363005,5.167501545095728,840.4418321523843,236.79924185242487
0.0,0.0,0.0,0.0,0.0,0.0,0.0,0.0,0.0203442117570152,0.0,0.0,0.0,0.0103539596156616,0.0,0.0,0.0,0.0,0.0,0.0,0.0,0.0,0.0,0.0,0.0,0.0118119384590547,0.9574898901682684,0.0,0.0,0.0,0.0,0.0,0.0,0.0,0.0,MAc,FORM,MeOH + H$_2$O,10.0,1.0,0.0,1.06535581986919,653,1,0.09204,0.9204,101039c5ra05133a,Cs–La–Sb--SiO2-(U),0.194782604283748,0.0194782604283747,0.0258926394888677,0.0438650868902492,1.07566745389657,2,Si-Cs-P,1.113114972043618,0.0010205451657245,151.25948012276217,1.6199648458568494,1.0538944434127606,1.3830844478363005,5.167501545095728,840.4418321523843,236.79924185242487
0.0,0.0,0.0,0.0,0.0,0.0,0.0,0.0,0.0,0.0,0.0,0.0,0.0,0.0,0.0,0.0,0.0,0.0,0.0,0.0,0.0,0.0,0.0,0.0,0.0,1.0,0.0,0.0,0.0,0.0,0.0,0.0,0.0,0.0,MAc,TRX,MeOH,0.5,1.0,0.0,3.6,663,1,0.0042,0.0021,101021acsiecr7b02841,SBA15,0.3730649632640664,0.7461299265281328,0.7461299265281328,0.0,0.0940123707425447,2,Si-Cs-P,0.1770261293994419,0.2016999096962158,111.00000000000001,1.9,1.3895211,1.6827931688842968,5.43,837.0,210.0
0.0,0.0,0.0,0.0,0.0,0.0,0.0,0.0,0.0,0.0,0.0,0.0,0.0,0.0217472531225363,0.0,0.0,0.0,0.0,0.0,0.0,0.0,0.0,0.0,0.0,0.0,0.9782527468774638,0.0,0.0,0.0,0.0,0.0,0.0,0.0,0.0,MAc,TRX,MeOH,0.5,1.0,0.0,3.6,663,1,0.0318,0.0159,101021acsiecr7b02841,Li-SBA15,0.3730649632640664,0.7461299265281328,0.7461299265281328,0.0,0.7118079499078387,2,Si-Cs-P,0.7047889805773994,0.0109751430321997,115.11356803952842,1.6773833766843447,1.202844454473655,1.5044455893231041,4.96056929431264,820.827455400896,203.22471146430615
0.0,0.0,0.0,0.0,0.0,0.0,0.0,0.0,0.0,0.0,0.0,0.0,0.0,0.0,0.0,0.0,0.0,0.0217474666265387,0.0,0.0,0.0,0.0,0.0,0.0,0.0,0.9782525333734612,0.0,0.0,0.0,0.0,0.0,0.0,0.0,0.0,MAc,TRX,MeOH,0.5,1.0,0.0,3.6,663,1,0.0654,0.0327,101021acsiecr7b02841,Na-SBA15,0.3730649632640664,0.7461299265281328,0.7461299265281328,0.0,1.4639069158481963,2,Si-Cs-P,1.7887525752039486,0.1165112982277897,124.3086328537272,1.6652841114888113,1.1858760055018942,1.4886709147326476,5.139629828645952,820.8274184919059,214.11357742751568
0.0,0.0,0.0,0.0,0.0,0.0,0.0,0.0,0.0,0.0,0.0,0.021748178131884,0.0,0.0,0.0,0.0,0.0,0.0,0.0,0.0,0.0,0.0,0.0,0.0,0.0,0.978251821868116,0.0,0.0,0.0,0.0,0.0,0.0,0.0,0.0,MAc,TRX,MeOH,0.5,1.0,0.0,3.6,663,1,0.1648,0.0824,101021acsiecr7b02841,K-SBA15,0.3730649632640664,0.7461299265281328,0.7461299265281328,0.0,3.688866356755089,2,Si-Cs-P,4.1787436854333855,0.0704991225943559,133.26188244455713,1.6386648582595467,1.174633173989569,1.4603175209718549,5.381604603381397,820.8272954942763,225.72850390104577
0.0,0.0,0.0,0.0,0.0,0.0,0.0,0.0,0.0,0.0,0.0,0.0,0.0,0.0,0.0,0.0,0.0,0.0,0.0,0.0,0.0,0.0,0.021747800737615,0.0,0.0,0.9782521992623848,0.0,0.0,0.0,0.0,0.0,0.0,0.0,0.0,MAc,TRX,MeOH,0.5,1.0,0.0,3.6,663,1,0.1857,0.09285,101021acsiecr7b02841,Rb-SBA15,0.3730649632640664,0.7461299265281328,0.7461299265281328,0.0,4.156689820688228,2,Si-Cs-P,5.172190247134312,0.1130571910291762,137.37538476022098,1.6386659124675351,1.1708713139242302,1.4537753919460625,5.46871616111592,820.827360733854,232.5037686486289
0.0,0.0,0.0,0.0,0.0,0.0,0.0,0.0,0.0217479811313568,0.0,0.0,0.0,0.0,0.0,0.0,0.0,0.0,0.0,0.0,0.0,0.0,0.0,0.0,0.0,0.0,0.9782520188686432,0.0,0.0,0.0,0.0,0.0,0.0,0.0,0.0,MAc,TRX,MeOH,0.5,1.0,0.0,3.6,663,1,0.2051,0.10255,101021acsiecr7b02841,Cs-SBA15,0.3730649632640664,0.7461299265281328,0.7461299265281328,0.0,4.590937437927601,2,Si-Cs-P,5.981031981365528,0.1606187448963306,143.18287098335017,1.6314061143494833,1.1674120806048924,1.4440355387136208,5.580025413606594,820.8273295493444,242.18287098335017
0.0,0.0,0.0,0.0,0.0,0.0,0.0,0.0,0.0217479811313568,0.0,0.0,0.0,0.0,0.0,0.0,0.0,0.0,0.0,0.0,0.0,0.0,0.0,0.0,0.0,0.0,0.9782520188686432,0.0,0.0,0.0,0.0,0.0,0.0,0.0,0.0,MAc,TRX,MeOH,0.5,1.0,0.0,1.0,663,1,0.294028235662009,0.1470141178310045,101021acsiecr7b02841,LHSV-0.5,0.1036291564622406,0.2072583129244813,0.2072583129244813,0.0,1.8281938822640933,2,Si-Cs-P,2.1371050992885285,0.1710947073544705,143.18287098335017,1.6314061143494833,1.1674120806048924,1.4440355387136208,5.580025413606594,820.8273295493444,242.18287098335017
0.0,0.0,0.0,0.0,0.0,0.0,0.0,0.0,0.0217479811313568,0.0,0.0,0.0,0.0,0.0,0.0,0.0,0.0,0.0,0.0,0.0,0.0,0.0,0.0,0.0,0.0,0.9782520188686432,0.0,0.0,0.0,0.0,0.0,0.0,0.0,0.0,MAc,TRX,MeOH,0.5,1.0,0.0,3.6,663,1,0.268735619409261,0.1343678097046305,101021acsiecr7b02841,LHSV-1.8,0.3730649632640664,0.7461299265281328,0.7461299265281328,0.0,6.015350638959725,2,Si-Cs-P,7.091012414002753,0.1760458020673992,143.18287098335017,1.6314061143494833,1.1674120806048924,1.4440355387136208,5.580025413606594,820.8273295493444,242.18287098335017
0.0,0.0,0.0,0.0,0.0,0.0,0.0,0.0,0.0217479811313568,0.0,0.0,0.0,0.0,0.0,0.0,0.0,0.0,0.0,0.0,0.0,0.0,0.0,0.0,0.0,0.0,0.9782520188686432,0.0,0.0,0.0,0.0,0.0,0.0,0.0,0.0,MAc,TRX,MeOH,0.5,1.0,0.0,5.4,663,1,0.192136683649699,0.0960683418248495,101021acsiecr7b02841,LHSV-2.7,0.5595974448960995,1.119194889792199,1.119194889792199,0.0,6.451151834470904,2,Si-Cs-P,7.756703125791418,0.2039202282155824,143.18287098335017,1.6314061143494833,1.1674120806048924,1.4440355387136208,5.580025413606594,820.8273295493444,242.18287098335017
0.0,0.0,0.0,0.0,0.0,0.0,0.0,0.0,0.0217479811313568,0.0,0.0,0.0,0.0,0.0,0.0,0.0,0.0,0.0,0.0,0.0,0.0,0.0,0.0,0.0,0.0,0.9782520188686432,0.0,0.0,0.0,0.0,0.0,0.0,0.0,0.0,MAc,TRX,MeOH,0.5,1.0,0.0,3.6,618,1,0.122571880503689,0.0612859402518445,101021acsiecr7b02841,LHSV-1.8_T-618,0.3730649632640664,0.7461299265281328,0.7461299265281328,0.0,2.7436364458389764,2,Si-Cs-P,3.081354889253209,0.1338932439392309,143.18287098335017,1.6314061143494833,1.1674120806048924,1.4440355387136208,5.580025413606594,820.8273295493444,242.18287098335017
0.0,0.0,0.0,0.0,0.0,0.0,0.0,0.0,0.0217479811313568,0.0,0.0,0.0,0.0,0.0,0.0,0.0,0.0,0.0,0.0,0.0,0.0,0.0,0.0,0.0,0.0,0.9782520188686432,0.0,0.0,0.0,0.0,0.0,0.0,0.0,0.0,MAc,TRX,MeOH,0.5,1.0,0.0,3.6,648,1,0.216209306210327,0.1081046531051635,101021acsiecr7b02841,LHSV-1.8_T-648,0.3730649632640664,0.7461299265281328,0.7461299265281328,0.0,4.839607012722296,2,Si-Cs-P,5.506140022885364,0.1387594233451059,143.18287098335017,1.6314061143494833,1.1674120806048924,1.4440355387136208,5.580025413606594,820.8273295493444,242.18287098335017
0.0,0.0,0.0,0.0,0.0,0.0,0.0,0.0,0.0217479811313568,0.0,0.0,0.0,0.0,0.0,0.0,0.0,0.0,0.0,0.0,0.0,0.0,0.0,0.0,0.0,0.0,0.9782520188686432,0.0,0.0,0.0,0.0,0.0,0.0,0.0,0.0,MAc,TRX,MeOH,0.5,1.0,0.0,3.6,678,1,0.283177704807706,0.141588852403853,101021acsiecr7b02841,LHSV-1.8_T-678,0.3730649632640664,0.7461299265281328,0.7461299265281328,0.0,6.338620802477369,2,Si-Cs-P,8.155148908259564,0.2731407381302546,143.18287098335017,1.6314061143494833,1.1674120806048924,1.4440355387136208,5.580025413606594,820.8273295493444,242.18287098335017
0.0,0.0,0.0,0.0,0.0,0.0,0.0,0.0,0.0217479811313568,0.0,0.0,0.0,0.0,0.0,0.0,0.0,0.0,0.0,0.0,0.0,0.0,0.0,0.0,0.0,0.0,0.9782520188686432,0.0,0.0,0.0,0.0,0.0,0.0,0.0,0.0,MAc,TRX,MeOH,0.5,1.0,0.0,3.6,708,1,0.261363223909161,0.1306816119545805,101021acsiecr7b02841,LHSV-1.8_T-708,0.3730649632640664,0.7461299265281328,0.7461299265281328,0.0,5.850327691574947,2,Si-Cs-P,8.850698146196725,0.5158454193265526,143.18287098335017,1.6314061143494833,1.1674120806048924,1.4440355387136208,5.580025413606594,820.8273295493444,242.18287098335017
0.0,0.0,0.0,0.0,0.0,0.0,0.0,0.0,0.0217479811313568,0.0,0.0,0.0,0.0,0.0,0.0,0.0,0.0,0.0,0.0,0.0,0.0,0.0,0.0,0.0,0.0,0.9782520188686432,0.0,0.0,0.0,0.0,0.0,0.0,0.0,0.0,MAc,TRX,MeOH,1.0,1.3333333333333333,0.0,1.8,663,1,0.246184865536795,0.246184865536795,101021acsiecr7b02841,LHSV-0.9_T-663_R_1.5-1.5-2,0.2242791220253805,0.2242791220253805,0.2990388293671741,0.0,3.3128475299117253,2,Si-Cs-P,3.624085403820605,0.0991700758807734,143.18287098335017,1.6314061143494833,1.1674120806048924,1.4440355387136208,5.580025413606594,820.8273295493444,242.18287098335017
0.0,0.0,0.0,0.0,0.0,0.0,0.0,0.0,0.0217479811313568,0.0,0.0,0.0,0.0,0.0,0.0,0.0,0.0,0.0,0.0,0.0,0.0,0.0,0.0,0.0,0.0,0.9782520188686432,0.0,0.0,0.0,0.0,0.0,0.0,0.0,0.0,MAc,TRX,MeOH,2.0,2.0,0.0,1.8,663,1,0.151632732424488,0.303265464848976,101021acsiecr7b02841,LHSV-0.9_T-663_R_2-1-2,0.249526127003667,0.1247630635018335,0.249526127003667,0.0,2.270179706931952,2,Si-Cs-P,2.4344230370385223,0.0606604490185239,143.18287098335017,1.6314061143494833,1.1674120806048924,1.4440355387136208,5.580025413606594,820.8273295493444,242.18287098335017
0.0,0.0,0.0,0.0,0.0,0.0,0.0,0.0,0.0217479811313568,0.0,0.0,0.0,0.0,0.0,0.0,0.0,0.0,0.0,0.0,0.0,0.0,0.0,0.0,0.0,0.0,0.9782520188686432,0.0,0.0,0.0,0.0,0.0,0.0,0.0,0.0,MAc,TRX,MeOH,0.5,1.0,0.0,1.8,663,1,0.2851754862844408,0.1425877431422204,101021acsiecr7b02841,Cs-SBA15-long,0.1865324816320332,0.3730649632640664,0.3730649632640664,0.0,3.191669469435516,2,Si-Cs-P,3.6499628483538262,0.1475102812778356,143.18287098335017,1.6314061143494833,1.1674120806048924,1.4440355387136208,5.580025413606594,820.8273295493444,242.18287098335017
0.0,0.0,0.0,0.0,0.0,0.0,0.0,0.0,0.0217479811313568,0.0,0.0,0.0,0.0,0.0,0.0,0.0,0.0,0.0,0.0,0.0,0.0,0.0,0.0,0.0,0.0,0.9782520188686432,0.0,0.0,0.0,0.0,0.0,0.0,0.0,0.0,MAc,TRX,MeOH,0.5,1.0,0.0,1.8,663,1,0.19838,0.09919,101007s1056201826098,0.37micrompgCs-ASilica,0.1865324816320332,0.3730649632640664,0.3730649632640664,0.0,2.220258822369765,2,Si-Cs-P,2.931933148247383,0.2603431453787488,143.18287098335017,1.6314061143494833,1.1674120806048924,1.4440355387136208,5.580025413606594,820.8273295493444,242.18287098335017
0.0,0.0,0.0,0.0,0.0,0.0,0.0,0.0,0.0217479811313568,0.0,0.0,0.0,0.0,0.0,0.0,0.0,0.0,0.0,0.0,0.0,0.0,0.0,0.0,0.0,0.0,0.9782520188686432,0.0,0.0,0.0,0.0,0.0,0.0,0.0,0.0,MAc,TRX,MeOH,0.5,1.0,0.0,1.8,663,1,0.3276,0.1638,101007s1056201826098,0.37micrompgCs-BSilica,0.1865324816320332,0.3730649632640664,0.3730649632640664,0.0,3.6664824589592446,2,Si-Cs-P,3.662752837303686,0.0053790026962435,143.18287098335017,1.6314061143494833,1.1674120806048924,1.4440355387136208,5.580025413606594,820.8273295493444,242.18287098335017
0.0,0.0,0.0,0.0,0.0,0.0,0.0,0.0,0.0217479811313568,0.0,0.0,0.0,0.0,0.0,0.0,0.0,0.0,0.0,0.0,0.0,0.0,0.0,0.0,0.0,0.0,0.9782520188686432,0.0,0.0,0.0,0.0,0.0,0.0,0.0,0.0,MAc,TRX,MeOH,0.5,1.0,0.0,1.8,663,1,0.3185,0.15925,101007s1056201826098,0.37micrompgCs-CSilica,0.1865324816320332,0.3730649632640664,0.3730649632640664,0.0,3.5646357239881548,2,Si-Cs-P,3.560690867940417,0.0060380429558724,143.18287098335017,1.6314061143494833,1.1674120806048924,1.4440355387136208,5.580025413606594,820.8273295493444,242.18287098335017
0.0,0.0,0.0,0.0,0.0,0.0,0.0,0.0,0.0071585917989334,0.0,0.0,0.0,0.0,0.0,0.0,0.0,0.0,0.0,0.0,0.0,0.0,0.0,0.0,0.0,0.0,0.9928414082010664,0.0,0.0,0.0,0.0,0.0,0.0,0.0,0.0,MAc,TRX,MeOH,0.5,1.0,0.0,1.8,663,1,0.239180830464716,0.119590415232358,101007s1056201826098,0.12micrompgCs-BSilica,0.1865324816320332,0.3730649632640664,0.3730649632640664,0.0,2.6768996319236447,2,Si-Cs-P,3.014952338019364,0.116937489874444,135.66833016469175,1.6941214550164823,1.2192734354635133,1.4997842616480013,5.544995223324126,824.6035679188496,234.66833016469175
0.0,0.0,0.0,0.0,0.0,0.0,0.0,0.0,0.0147989648536412,0.0,0.0,0.0,0.0,0.0,0.0,0.0,0.0,0.0,0.0,0.0,0.0,0.0,0.0,0.0,0.0,0.9852010351463588,0.0,0.0,0.0,0.0,0.0,0.0,0.0,0.0,MAc,TRX,MeOH,0.5,1.0,0.0,1.8,663,1,0.308251809760048,0.154125904880024,101007s1056201826098,0.25micrompgCs-BSilica,0.1865324816320332,0.3730649632640664,0.3730649632640664,0.0,3.4499385025264293,2,Si-Cs-P,3.506832698962579,0.0043357617446336,140.40128502562837,1.6546208542973873,1.186609104069717,1.4646715121705967,5.567058621923982,822.22514371725,239.40128502562837
0.0,0.0,0.0,0.0,0.0,0.0,0.0,0.0,0.0431206136686249,0.0,0.0,0.0,0.0,0.0,0.0,0.0,0.0,0.0,0.0,0.0,0.0,0.0,0.0,0.0,0.0,0.9568793863313748,0.0,0.0,0.0,0.0,0.0,0.0,0.0,0.0,MAc,TRX,MeOH,0.5,1.0,0.0,1.8,663,1,0.143811063582059,0.0719055317910295,101007s1056201826098,0.75micrompgCs-BSilica,0.1865324816320332,0.3730649632640664,0.3730649632640664,0.0,1.6095260745662148,2,Si-Cs-P,2.1365964775606345,1.3275825136177166e-19,148.6316082580706,1.5859316904777565,1.129807800562387,1.403612557190067,5.605425542255667,818.0892073861028,247.6316082580706
0.0,0.0,0.0,0.0,0.0,0.0,0.0,0.0,0.0630521516586404,0.0,0.0,0.0,0.0,0.0,0.0,0.0,0.0,0.0,0.0,0.0,0.0,0.0,0.0,0.0,0.0,0.9369478483413596,0.0,0.0,0.0,0.0,0.0,0.0,0.0,0.0,MAc,TRX,MeOH,0.5,1.0,0.0,1.8,663,1,0.0876939480611521,0.043846974030576,101007s1056201826098,1.12micrompgCs-BSilica,0.1865324816320332,0.3730649632640664,0.3730649632640664,0.0,0.9814661853574398,2,Si-Cs-P,1.2971995708238004,3.122320620593241e-20,151.96078387437777,1.5581468413491781,1.106831605184584,1.3789141366861066,5.620945007534693,816.4162161808512,250.96078387437774
0.0,0.0,0.0,0.0,0.0,0.0,0.0,0.0,0.0217479811313568,0.0,0.0,0.0,0.0,0.0,0.0,0.0,0.0,0.0,0.0,0.0,0.0,0.0,0.0,0.0,0.0,0.9782520188686432,0.0,0.0,0.0,0.0,0.0,0.0,0.0,0.0,MAc,TRX,MeOH,0.5,1.0,0.0,1.8,663,1,0.3067048956404252,0.1533524478202126,101007s1056201826098,CsSBA15,0.1865324816320332,0.3730649632640664,0.3730649632640664,0.0,3.432625518750136,2,Si-Cs-P,3.981976757263776,0.1395392081055618,143.18287098335017,1.6314061143494833,1.1674120806048924,1.4440355387136208,5.580025413606594,820.8273295493444,242.18287098335017
0.9651981990325555,0.0,0.0,0.0,0.0,0.0,0.0,0.0,0.0348018009674444,0.0,0.0,0.0,0.0,0.0,0.0,0.0,0.0,0.0,0.0,0.0,0.0,0.0,0.0,0.0,0.0,0.0,0.0,0.0,0.0,0.0,0.0,0.0,0.0,0.0,MAc,TRX,MeOH,0.5,0.235,0.0,4.8,663,1,0.07459254,0.03729627,101016jcattod202006026,Cs-Al2O3-A,0.8098990221379879,1.6197980442759758,0.3806525404048543,0.0,3.624745512287325,0,Al-Si-Cs,3.472887055753056,0.0333562347267902,154.1572554543318,1.388951630304455,0.44328828359842487,0.8650477545120665,4.589142365111086,770.1642857142858,226.86181802633135
0.9651981990325555,0.0,0.0,0.0,0.0,0.0,0.0,0.0,0.0348018009674444,0.0,0.0,0.0,0.0,0.0,0.0,0.0,0.0,0.0,0.0,0.0,0.0,0.0,0.0,0.0,0.0,0.0,0.0,0.0,0.0,0.0,0.0,0.0,0.0,0.0,MAc,TRX,MeOH,0.5,0.235,0.0,4.8,663,1,0.04866763,0.024333815,101016jcattod202006026,Cs-Al2O3-B,0.8098990221379879,1.6197980442759758,0.3806525404048543,0.0,2.364951956806405,0,Al-Si-Cs,2.687792903404121,2.1520225683550697e-18,154.1572554543318,1.388951630304455,0.44328828359842487,0.8650477545120665,4.589142365111086,770.1642857142858,226.86181802633135
0.9651981990325555,0.0,0.0,0.0,0.0,0.0,0.0,0.0,0.0348018009674444,0.0,0.0,0.0,0.0,0.0,0.0,0.0,0.0,0.0,0.0,0.0,0.0,0.0,0.0,0.0,0.0,0.0,0.0,0.0,0.0,0.0,0.0,0.0,0.0,0.0,MAc,TRX,MeOH,0.5,0.235,0.0,4.8,663,1,0.07772128,0.03886064,101016jcattod202006026,Cs-Al2O3-C,0.8098990221379879,1.6197980442759758,0.3806525404048543,0.0,3.7767833202787657,0,Al-Si-Cs,4.276922238792673,0.1260288322058773,154.1572554543318,1.388951630304455,0.44328828359842487,0.8650477545120665,4.589142365111086,770.1642857142858,226.86181802633135
0.9651981990325555,0.0,0.0,0.0,0.0,0.0,0.0,0.0,0.0348018009674444,0.0,0.0,0.0,0.0,0.0,0.0,0.0,0.0,0.0,0.0,0.0,0.0,0.0,0.0,0.0,0.0,0.0,0.0,0.0,0.0,0.0,0.0,0.0,0.0,0.0,MAc,TRX,MeOH,0.5,0.235,0.0,4.8,663,1,0.03882492,0.01941246,101016jcattod202006026,Cs-Al2O3-D,0.8098990221379879,1.6197980442759758,0.3806525404048543,0.0,1.8866558845551369,0,Al-Si-Cs,2.0099681548223707,0.0066557443322687,154.1572554543318,1.388951630304455,0.44328828359842487,0.8650477545120665,4.589142365111086,770.1642857142858,226.86181802633135
0.98213549801916,0.0,0.0163277283374096,0.0,0.0,0.0,0.0,0.0,0.0,0.0,0.0,0.0,0.0015367736434303,0.0,0.0,0.0,0.0,0.0,0.0,0.0,0.0,0.0,0.0,0.0,0.0,0.0,0.0,0.0,0.0,0.0,0.0,0.0,0.0,0.0,MAc,TRX,MeOH,0.5,1.0,0.0,7.199999999999999,663,1,0.41,0.205,101021acsenergyfuels1c03082,MAc_1,0.7461299265281326,1.4922598530562652,1.4922598530562652,0.0,18.35479619259206,0,Al-Si-Cs,19.42671765257232,0.1029945008427474,148.763928691004,1.4122470394318276,0.37785911967891667,0.8794194533431419,4.217479351782752,794.5043166916033,207.02106248244866
0.98213549801916,0.0,0.0163277283374096,0.0,0.0,0.0,0.0,0.0,0.0,0.0,0.0,0.0,0.0015367736434303,0.0,0.0,0.0,0.0,0.0,0.0,0.0,0.0,0.0,0.0,0.0,0.0,0.0,0.0,0.0,0.0,0.0,0.0,0.0,0.0,0.0,MAc,TRX,MeOH,1.0,1.0,0.0,7.199999999999999,663,1,0.27,0.27,101021acsenergyfuels1c03082,MAc_2,0.9979798724774384,0.9979798724774384,0.9979798724774384,0.0,16.167273934134503,0,Al-Si-Cs,16.64609323723718,0.0793706908302919,148.763928691004,1.4122470394318276,0.37785911967891667,0.8794194533431419,4.217479351782752,794.5043166916033,207.02106248244866
0.98213549801916,0.0,0.0163277283374096,0.0,0.0,0.0,0.0,0.0,0.0,0.0,0.0,0.0,0.0015367736434303,0.0,0.0,0.0,0.0,0.0,0.0,0.0,0.0,0.0,0.0,0.0,0.0,0.0,0.0,0.0,0.0,0.0,0.0,0.0,0.0,0.0,MAc,TRX,MeOH,2.0,1.0,0.0,7.199999999999999,663,1,0.44,0.88,101021acsenergyfuels1c03082,MAc_4,1.2006073873834966,0.6003036936917483,0.6003036936917483,0.0,31.696035026924307,0,Al-Si-Cs,33.87804137612407,0.1157883652492797,148.763928691004,1.4122470394318276,0.37785911967891667,0.8794194533431419,4.217479351782752,794.5043166916033,207.02106248244866
0.98213549801916,0.0,0.0163277283374096,0.0,0.0,0.0,0.0,0.0,0.0,0.0,0.0,0.0,0.0015367736434303,0.0,0.0,0.0,0.0,0.0,0.0,0.0,0.0,0.0,0.0,0.0,0.0,0.0,0.0,0.0,0.0,0.0,0.0,0.0,0.0,0.0,MAc,TRX,MeOH,3.0,1.0,0.0,7.199999999999999,663,1,0.56,1.6800000000000002,101021acsenergyfuels1c03082,MeOH_2,1.287762131227153,0.4292540437423843,0.4292540437423843,0.0,43.26880760923235,0,Al-Si-Cs,44.68897595763312,0.0906367785953649,148.763928691004,1.4122470394318276,0.37785911967891667,0.8794194533431419,4.217479351782752,794.5043166916033,207.02106248244866
0.98213549801916,0.0,0.0163277283374096,0.0,0.0,0.0,0.0,0.0,0.0,0.0,0.0,0.0,0.0015367736434303,0.0,0.0,0.0,0.0,0.0,0.0,0.0,0.0,0.0,0.0,0.0,0.0,0.0,0.0,0.0,0.0,0.0,0.0,0.0,0.0,0.0,MAc,TRX,MeOH,3.0,3.0,0.0,7.199999999999999,663,1,0.6,1.7999999999999998,101021acsenergyfuels1c03082,MeOH_6,0.9981460601120156,0.3327153533706719,0.9981460601120156,0.0,35.93325816403256,0,Al-Si-Cs,36.32571528014792,0.0429287777703119,148.763928691004,1.4122470394318276,0.37785911967891667,0.8794194533431419,4.217479351782752,794.5043166916033,207.02106248244866
0.98213549801916,0.0,0.0163277283374096,0.0,0.0,0.0,0.0,0.0,0.0,0.0,0.0,0.0,0.0015367736434303,0.0,0.0,0.0,0.0,0.0,0.0,0.0,0.0,0.0,0.0,0.0,0.0,0.0,0.0,0.0,0.0,0.0,0.0,0.0,0.0,0.0,MAc,TRX,MeOH,3.0,4.0,0.0,7.199999999999999,663,1,0.63,1.89,101021acsenergyfuels1c03082,MeOH_8,0.8972507786691845,0.2990835928897281,1.1963343715589123,0.0,33.91607943369517,0,Al-Si-Cs,31.6809084835498,0.0087707172237774,148.763928691004,1.4122470394318276,0.37785911967891667,0.8794194533431419,4.217479351782752,794.5043166916033,207.02106248244866
0.98213549801916,0.0,0.0163277283374096,0.0,0.0,0.0,0.0,0.0,0.0,0.0,0.0,0.0,0.0015367736434303,0.0,0.0,0.0,0.0,0.0,0.0,0.0,0.0,0.0,0.0,0.0,0.0,0.0,0.0,0.0,0.0,0.0,0.0,0.0,0.0,0.0,MAc,TRX,MeOH,3.0,5.0,0.0,7.199999999999999,663,1,0.51,1.53,101021acsenergyfuels1c03082,MeOH_10,0.8148804742814045,0.2716268247604682,1.358134123802341,0.0,24.93534251301098,0,Al-Si-Cs,24.76801377233998,0.0281079931281955,148.763928691004,1.4122470394318276,0.37785911967891667,0.8794194533431419,4.217479351782752,794.5043166916033,207.02106248244866
0.0476190476190476,0.0,0.0,0.0,0.0,0.0,0.0,0.0,0.0,0.0,0.0,0.0,0.0,0.0,0.0,0.0,0.0,0.0,0.0,0.0,0.0,0.0,0.0,0.0,0.0,0.9523809523809524,0.0,0.0,0.0,0.0,0.0,0.0,0.0,0.0,MAc,TRX,,5.0,0.0,0.0,1.3894954146651315,563,1,0.0607049999999999,0.303525,101039d2cy00447j,N-HZSM5,0.2907067381421045,0.0581413476284209,0.0,0.0,1.0588411523349874,0,Al-Si-Cs,1.2524594037501802,0.0508877260850058,113.89313674147363,1.8160990344972656,1.1127372828349202,1.4642479089867557,5.030747129676643,817.6635139357369,202.47784447216864
0.0526315789473684,0.0,0.0,0.0,0.0,0.0,0.0,0.0,0.0,0.0,0.0,0.0,0.0,0.0,0.0,0.0,0.0,0.0,0.0,0.0,0.0,0.0,0.0,0.0,0.0,0.9473684210526316,0.0,0.0,0.0,0.0,0.0,0.0,0.0,0.0,MAc,TRX,,5.0,0.0,0.0,1.3894954146651315,563,1,0.01056,0.0528,101039d2cy00447j,M-HZSM5,0.2907067381421045,0.0581413476284209,0.0,0.0,0.1841917892868374,0,Al-Si-Cs,0.159920559990504,0.0632958508143414,113.9585568831692,1.8142018503880937,1.10647859610283,1.459306123254875,5.021719150122652,817.2262737458472,202.30775210376012
0.0,0.1697909845325068,0.0,0.0,0.0,0.0,0.0,0.0,0.0104860925802975,0.0,0.0,0.0,0.0,0.0,0.0,0.0,0.0,0.0,0.0,0.0,0.0,0.0,0.0,0.0,0.0,0.8197229228871956,0.0,0.0,0.0,0.0,0.0,0.0,0.0,0.0,HAc,TRX,,3.0,0.0,0.0,2.6666666666666665,673,1,0.1207461333333333,0.3622384,101002jctb7032,1,0.776994172679679,0.2589980575598929,0.0,0.0,5.629142518416213,2,Si-Cs-P,3.142916649159297,0.0002245313942441,121.10222353192599,1.7875926324991738,0.8930790875967073,1.3655129868722524,6.604975782207967,805.4523687554766,223.0652548812254
0.0,0.0,0.0,0.0,0.0,0.0,0.0,0.0,0.0,0.0,0.0,0.0,0.0,0.0,0.0,0.0,0.0,0.0,0.0,0.0,0.0,0.0,0.0,0.0,0.0,0.9852216748768472,0.0,0.0,0.0,0.0147783251231527,0.0,0.0,0.0,0.0,MAc,TRX,MeOH,1.0,2.0,0.0,0.4580429938806394,633,5,0.05474,0.05474,101021acssuschemeng3c07406,TS-1,0.0474754736529249,0.0474754736529249,0.0949509473058499,0.0,0.1559284456656667,2,Si-Cs-P,0.3720494353878706,0.0803090181093439,121.82846704446233,1.8204439155917054,1.0999101909709694,1.5061806918773528,4.881946974076193,845.6185758108986,210.2209891233564
0.0,0.0,0.0,0.0,0.0,0.0,0.0,0.0,1.0,0.0,0.0,0.0,0.0,0.0,0.0,0.0,0.0,0.0,0.0,0.0,0.0,0.0,0.0,0.0,0.0,0.0,0.0,0.0,0.0,0.0,0.0,0.0,0.0,0.0,MAc,TRX,MeOH,1.0,2.0,0.0,0.4580429938806394,633,5,0.047526,0.047526,101021acssuschemeng3c07406,CsOx,0.0474754736529249,0.0474754736529249,0.0949509473058499,0.0,0.1353791616497347,2,Si-Cs-P,0.1813479760752828,0.0258619335004636,244.0,0.79,0.47162600000000005,0.696095467826854,6.05,770.1642857142858,343.0
0.0,0.0,0.0,0.0,0.0,0.0,0.0,0.0,0.0126306657539641,0.0,0.0,0.0,0.0,0.0,0.0,0.0,0.0,0.0,0.0,0.0,0.0,0.0,0.0,0.0,0.0,0.9873693342460358,0.0,0.0,0.0,0.0,0.0,0.0,0.0,0.0,MAc,TRX,MeOH,1.0,2.0,0.0,0.4580429938806394,633,5,0.168,0.168,101021acssuschemeng3c07406,Cs_SiO2,0.0474754736529249,0.0474754736529249,0.0949509473058499,0.0,0.4785527744214837,2,Si-Cs-P,0.4390485406870197,3.272477120974758e-17,139.3125303621683,1.6637074533683698,1.1941231083606354,1.472748743173992,5.5619832242446945,822.7722692481843,238.3125303621683
0.0,0.0,0.0,0.0,0.0,0.0,0.0,0.0,0.0126306657539641,0.0,0.0,0.0,0.0,0.0,0.0,0.0,0.0,0.0,0.0,0.0,0.0,0.0,0.0,0.0,0.0,0.9873693342460358,0.0,0.0,0.0,0.0,0.0,0.0,0.0,0.0,MAc,TRX,MeOH,1.0,2.0,0.0,0.4580429938806394,633,5,0.2664479999999999,0.2664479999999999,101021acssuschemeng3c07406,Cs_S1,0.0474754736529249,0.0474754736529249,0.0949509473058499,0.0,0.758984700232473,2,Si-Cs-P,0.6551500802326143,7.727290055506151e-20,139.3125303621683,1.6637074533683698,1.1941231083606354,1.472748743173992,5.5619832242446945,822.7722692481843,238.3125303621683
0.0,0.0,0.0,0.0,0.0,0.0,0.0,0.0,0.012691342599248,0.0,0.0,0.0,0.0,0.0,0.0,0.0,0.0,0.0,0.0,0.0,0.0,0.0,0.0,0.0,0.0,0.97271788906478,0.0,0.0,0.0,0.0145907683359717,0.0,0.0,0.0,0.0,MAc,TRX,MeOH,1.0,2.0,0.0,0.4580429938806394,633,5,0.4065459999999999,0.4065459999999999,101021acssuschemeng3c07406,Cs_TS1,0.0474754736529249,0.0474754736529249,0.0949509473058499,0.0,1.1580578347021218,2,Si-Cs-P,1.1260208687476123,1.400207809691749e-19,143.19287855259765,1.6402478640551548,0.9900407174918674,1.3645192617177306,5.086207041093939,832.4237139254794,233.44035421918585
0.0,0.0,0.0,0.0,0.0,0.0,0.0,0.0,0.022092119996205,0.0,0.0,0.0,0.0,0.0,0.0,0.0,0.0,0.0,0.0,0.0,0.0,0.0,0.0,0.0,0.0,0.9779078800037948,0.0,0.0,0.0,0.0,0.0,0.0,0.0,0.0,EAc,TRX,EtOH,2.5,4.0,0.0,20.0,663,1,0.252,0.63,101039d1re00020a,1,1.743207954799378,0.6972831819197511,0.0,0.0,26.357304276566595,2,Si-Cs-P,33.504778128542874,0.1057923835330154,143.30049456042553,1.630424443894193,1.1666003053790135,1.4431629153069263,5.5805737340410815,820.768220859189,242.30049456042553
