Al,Al2O3,B,Ba,Bi,Bi2O3,Ca,Ce,CeO2,Co,Cr,Cs,Cu,Fe,K,La,Li,Mg,Mn,Mo,MoO3,Na,Nb,Nb2O5,Nd,Ni,P,Rb,SO4,Sb,Sb2O3,Si,SiO2,Siloxane,SnO2,Sr,Te,Ti,TiO2,V,W,WO3,Zn,Zr,ZrO2,Ac_source,Fa_source,Stabilizer,Ratio_Ac_Fa,Ratio_Stab_Fa,O_content,LHSV_mlhg,Temperature_K,Pressure_bar,g_cat,Fa_mmolmin,Ac_mmolmin,Y_Acryl_Ac,Y_Acryl_Fa,STY_Acryl_mmolhg,doi,Link_to_excel,Density,Ac_mmolming,Fa_mmolming,MeOH_mmolming,Water_mmolming,STY_Acryl_mmolhg_Ac,STY_Acryl_mmolhg_Fa,Cluster_n,Cluster_title,STY_Acryl_mmolhg_t,S_Ac_Acryl_t,S_Fa_Acryl_t,Time_h_t,X_Ac_t,X_Fa_t,Y_Ac_Acryl_t,Y_Fa_Acryl_t
0.0,0.0,0.0,0.0,0.0,0.0,0.0,0.0,0.0,0.0,0.0,0.0,0.0,0.0,0.0,0.0,0.0,0.0,0.0,0.0,0.0,0.0,0.0,0.0,0.0,0.0,1.0,0.0,0.0,0.0,0.0,0.0,0.0,0.0,0.0,0.0,0.0,0.0,0.0,1.0,0.0,0.0,0.0,0.0,0.0,HAc,FORM,"MeOH 
 + H$_2$O",2.5,0.0,0.03,0.4433333333333333,633,1,3.0,0.1018814263843573,0.2547035659608932,0.3368,0.842,1.7156832203125765,101016jjcat201904032,1,1.0636978963103263,0.0849544079069042,0.0339817631627617,0.0,0.0,1.7167586749827215,1.7167586749827215,1,P-V-SiO2,"[1.7087534  1.6994206  1.67527717 1.65658887 1.62666065 1.5704934
 1.51934248 1.53933561 1.49932763 1.47764656 1.36564241 1.33149594]",,,"[  2.60893547   7.35532936  10.28942486  12.7082614   17.71573986
  22.32903776  27.55453041  42.58386401  52.64699393  72.73106926
  92.68043925 112.34369772]",,,"[33.52294966 33.33985536 32.86620071 32.49956675 31.91242394 30.81051435
 29.80701683 30.19924942 29.41435817 28.9890111  26.79167259 26.12177463]","[83.80737416 83.34963839 82.16550178 81.24891688 79.78105985 77.02628588
 74.51754209 75.49812355 73.53589541 72.47252775 66.97918148 65.30443657]"
0.0,0.0,0.0,0.0,0.0,0.0,0.0,0.0,0.0,0.0,0.0,0.0,0.0,0.0,0.0,0.0,0.0,0.0,0.0,0.0,0.0,0.0,0.0,0.0,0.0,0.0,1.0,0.0,0.0,0.0,0.0,0.0,1.0,0.0,0.0,0.0,0.0,0.0,0.0,1.0,0.0,0.0,0.0,0.0,0.0,HAc,FORM,"MeOH 
 + H$_2$O",3.0,0.0,0.045,0.44,633,1,3.0,0.0893598115095952,0.2680794345287857,0.2795,0.8385,1.4985640390159125,101038s41598019531808,1,1.06210584973537,0.0894192160856169,0.0298064053618723,0.0,0.0,1.4995602537557955,1.4995602537557955,1,P-V-SiO2,"[1.34387261 1.27667902 1.24308218 1.17071983 1.14746046 1.13712303
 1.18105725 1.12420118 1.12678551 1.02599503 1.01307318 1.03116379]",,,"[ 4.82238847  7.40581157  9.81700252 19.80623719 24.80085781 29.79547843
 39.78471967 49.77394777 64.93003521 74.91926331 87.31970207 99.89235326]",,,"[25.04816951 23.79576181 23.16955705 21.82080988 21.38728315 21.19460603
 22.01348699 20.95375825 21.00192707 19.1233137  18.88246592 19.21965317]","[75.14450853 71.38728544 69.50867115 65.46242963 64.16184944 63.58381809
 66.04046098 62.86127476 63.00578122 57.36994109 56.64739776 57.65895952]"
0.0,0.0,0.0,0.0,0.0,0.0,0.0,0.0,0.0,0.0,0.0,0.0,0.0,0.0,0.0,0.0,0.0,0.0,0.0,0.0,0.0,0.0,0.0,0.0,0.0,0.0,1.0,0.0,0.0,0.0,0.0,0.0,0.0,0.0,0.0,0.0,0.0,0.0,0.0,1.0,0.0,0.0,0.0,0.0,0.0,HAc,FORM,"MeOH 
 + H$_2$O",2.5,0.0,0.039,1.3333333333333333,633,1,3.0,0.3064103049153603,0.7660257622884007,0.159,0.3975,2.435961924077114,101039c9cc08700a,UnsupportedVPO,1.0636978963103263,0.2555019786673813,0.1022007914669525,0.0,0.0,2.437488876486817,2.437488876486818,1,P-V-SiO2,[2.42864815 2.35584738 2.33703783 2.31787153 2.36295507],[90.61951794 92.65323657 93.89336286 93.67601096 93.88799854],,[ 3.54124789  5.05090316  8.05205162 14.05926628 21.46513991],[17.48225037 16.58597627 16.23623506 16.14044318 16.41722933],,[15.84233101 15.36744383 15.2447471  15.11972332 15.41380804],[39.60582752 38.41860958 38.11186776 37.79930829 38.53452009]
0.0,0.0,0.0,0.0,0.0,0.0,0.0,0.0,0.0,0.0,0.0,0.0,0.0,0.0,0.0,0.0,0.0,0.0,0.0,0.0,0.0,0.0,0.0,0.0,0.0,0.0,1.0,0.0,0.0,0.0,0.0,0.0,1.0,0.0,0.0,0.0,0.0,0.0,0.0,1.0,0.0,0.0,0.0,0.0,0.0,HAc,FORM,"MeOH 
 + H$_2$O",2.5,0.0,0.039,1.3333333333333333,633,1,3.0,0.3064103049153603,0.7660257622884007,0.188,0.47,2.880256866204387,101039c9cc08700a,33%VPO-MCF,1.0636978963103263,0.2555019786673813,0.1022007914669525,0.0,0.0,2.882062319368061,2.882062319368061,1,P-V-SiO2,[2.8460086  2.70210646 2.5225462  2.32690744 2.27464112],[86.14982168 88.52204526 89.97259501 92.74945256 94.02922189],,[ 3.5469401   5.05632741  7.97088219 13.97643012 21.5012633 ],[21.54945579 19.9115697  18.28872228 16.36523462 15.77991012],,[18.56481774 17.62612874 16.45483803 15.17866552 14.8377267 ],[46.41204435 44.06532185 41.13709507 37.94666379 37.09431674]
0.0,0.0,0.0,0.0,0.0,0.0,0.0,0.0,0.0,0.0,0.0,0.0,0.0,0.0,0.0,0.0,0.0,0.0,0.0,0.0,0.0,0.0,0.0,0.0,0.0,0.0,1.0,0.0,0.0,0.0,0.0,0.0,1.0,0.0,0.0,0.0,0.0,0.0,0.0,1.0,0.0,0.0,0.0,0.0,0.0,HAc,FORM,"MeOH 
 + H$_2$O",2.5,0.0,0.039,1.3333333333333333,633,1,3.0,0.3064103049153603,0.7660257622884007,0.204,0.51,3.1253851101366745,101039c9cc08700a,33%VPO-SilicaHP,1.0636978963103263,0.2555019786673813,0.1022007914669525,0.0,0.0,3.1273442188887466,3.127344218888747,1,P-V-SiO2,[3.09769976 3.07913357 2.95524287 2.77186967 2.71745525],[89.6310003  91.03383588 91.88450457 93.72949995 95.32518058],,[ 3.49931976  5.02667955  7.99022928 14.03102601 21.53001007],[22.54423797 22.06379263 20.97999506 19.29083332 18.59555937],,[20.206626   20.08551677 19.27736452 18.0812016  17.72625055],[50.51656501 50.21379192 48.19341129 45.20300401 44.31562636]
0.0,0.0,0.0,0.0,0.0,0.0,0.0,0.0,0.0,0.0,0.0,0.0,0.0,0.0,0.0,0.0,0.0,0.0,0.0,0.0,0.0,0.0,0.0,0.0,0.0,0.0,1.0,0.0,0.0,0.0,0.0,0.0,0.0,0.0,0.0,0.0,0.0,0.0,0.0,1.0,0.0,0.0,0.0,0.0,0.0,HAc,FORM,"MeOH 
 + H$_2$O",2.5,0.0,0.039,1.3333333333333333,633,1,3.0,0.3064103049153603,0.7660257622884007,0.212,0.53,3.247949232102819,101039c9cc08700a,gammaVPO-deltaVPO-3-1,1.0636978963103263,0.2555019786673813,0.1022007914669525,0.0,0.0,3.24998516864909,3.2499851686490904,1,P-V-SiO2,[3.21015951 2.86062466 2.67026737 2.40686541 2.35396244],[85.05820714 86.94980926 88.36458846 90.08034351 90.49240181],,[ 3.51194328  5.05705182  7.96925668 13.94913218 21.42876915],[24.61868607 21.46084049 19.71201273 17.42915185 16.96843916],,[20.94021299 18.66015987 17.41843893 15.70023985 15.35514814],[52.35053248 46.65039967 43.54609732 39.25059963 38.38787036]
0.0,0.0,0.0,0.0,0.0,0.0,0.0,0.0,0.0,0.0,0.0,0.0,0.0,0.0,0.0,0.0,0.0,0.0,0.0,0.0,0.0,0.0,0.0,0.0,0.0,0.0,1.0,0.0,0.0,0.0,0.0,0.0,0.0,0.0,0.0,0.0,0.0,0.0,1.0,1.0,0.0,0.0,0.0,0.0,0.0,HAc,FORM,"MeOH 
 + H$_2$O",2.5,0.0,0.03,0.4433333333333333,633,1,3.0,0.1018814263843573,0.2547035659608932,0.2845499999999999,0.7113749999999999,1.4495179938834433,101021acssuschemeng0c05916,1,1.0636978963103263,0.0849544079069042,0.0339817631627617,0.0,0.0,1.4504266061945768,1.4504266061945763,1,P-V-SiO2,"[1.45251632 1.40126758 1.36945236 1.38115276 1.36847832 1.36959907
 1.36943098 1.3457394  1.33584262 1.32881003 1.30142955 1.25769346]",,,"[  2.56808441   4.30126325   9.79979698  23.04026619  38.06733589
  46.24577036  66.03710805  85.67956237 114.54263478 138.49255583
 156.93379201 184.79133769]",,,"[28.49599673 27.49058031 26.86641753 27.0959604  26.84730853 26.86929573
 26.86599814 26.40120798 26.2070494  26.06908141 25.5319213  24.67389052]","[71.23999182 68.72645076 67.16604383 67.739901   67.11827132 67.17323933
 67.16499534 66.00301995 65.51762349 65.17270353 63.82980324 61.6847263 ]"
0.0,0.0,0.0,0.0,0.0,0.0,0.0,0.0,0.0,0.0,0.0,0.0,0.0,0.0,0.0,0.0,0.0,0.0,0.0,0.0,0.0,0.0,0.0,1.0,0.0,0.0,1.0,0.0,0.0,0.0,0.0,0.0,0.0,0.0,0.0,0.0,0.0,0.0,1.0,1.0,0.0,0.0,0.0,0.0,0.0,HAc,FORM,"MeOH 
 + H$_2$O",2.5,0.0,0.03,1.3333333333333333,633,1,3.0,0.3064103049153603,0.7660257622884007,0.2510936,0.627734,3.846883326914776,101039d2ra06960a,V-Ti-Nb,1.0636978963103263,0.2555019786673813,0.1022007914669525,0.0,0.0,3.84929469784296,3.84929469784296,1,P-V-SiO2,"[3.85597999 3.74120285 3.64474596 3.56112843 3.51351785 3.4662961
 3.45106839 3.42943548]","[91.63838817 91.7821404  91.89086058 91.82196894 92.03940929 91.93847007
 91.87330902 91.95126067]",,"[  2.27938921   4.26832906   9.92552135  19.89076465  30.05461768
  53.71895894  78.01390683 101.51936106]","[27.44806997 26.58933996 25.87315713 25.29854343 24.90134601 24.59364317
 24.50296777 24.32872954]",,"[25.1529689  24.40426533 23.77506674 23.22962069 22.91905177 22.61101926
 22.5116873  22.37057352]","[62.88242226 61.01066333 59.43766686 58.07405172 57.29762942 56.52754816
 56.27921824 55.9264338 ]"
0.0,0.0,0.0,0.0,0.0,0.0,0.0,0.0,0.0,0.0,0.0,0.0,0.0,0.0,0.0,0.0,0.0,0.0,0.0,0.0,1.0,0.0,0.0,0.0,0.0,0.0,1.0,0.0,0.0,0.0,0.0,0.0,0.0,0.0,0.0,0.0,0.0,0.0,1.0,1.0,0.0,0.0,0.0,0.0,0.0,HAc,FORM,"MeOH 
 + H$_2$O",2.5,0.0,0.03,1.3333333333333333,633,1,3.0,0.3064103049153603,0.7660257622884007,0.2314884,0.578721,3.546521561418445,101039d2ra06960a,V-Ti-Mo,1.0636978963103263,0.2555019786673813,0.1022007914669525,0.0,0.0,3.548744654312774,3.548744654312774,1,P-V-SiO2,"[3.54788285 3.27719036 3.0739631  2.83951174 2.6206176  2.44429939
 2.28807634 2.18397012]","[92.35395168 92.56936685 92.64209567 92.57331062 92.46874739 92.36770158
 92.51742276 92.59526783]",,"[  2.08868682   5.11406189   9.48827272  19.78167213  29.915805
  53.55441789  77.78854372 101.62418412]","[25.05926164 23.09345208 21.6443606  20.00839976 18.48686035 17.26190585
 16.1324923  15.38552718]",,"[23.14321838 21.37746237 20.05178926 18.52243806 17.0945682  15.94442569
 14.92536611 14.24627009]","[57.85804596 53.44365593 50.12947314 46.30609515 42.7364205  39.86106422
 37.31341527 35.61567524]"
0.0,0.0,0.0,0.0,0.0,0.0,0.0,0.0,0.0,0.0,0.0,0.0,0.0,0.0,0.0,0.0,0.0,0.0,0.0,0.0,0.0,0.0,0.0,0.0,0.0,0.0,1.0,0.0,0.0,0.0,0.0,0.0,0.0,0.0,0.0,0.0,0.0,0.0,1.0,1.0,0.0,1.0,0.0,0.0,0.0,HAc,FORM,"MeOH 
 + H$_2$O",2.5,0.0,0.03,1.3333333333333333,633,1,3.0,0.3064103049153603,0.7660257622884007,0.1822952199999999,0.4557380499999999,2.7928566972406337,101039d2ra06960a,V-Ti-W,1.0636978963103263,0.2555019786673813,0.1022007914669525,0.0,0.0,2.794607364696334,2.7946073646963345,1,P-V-SiO2,"[2.77319514 2.66055524 2.54372434 2.43532454 2.35592332 2.30867173
 2.23452144 2.2008503 ]","[86.73677815 87.20253396 87.56170136 87.77903513 88.13958818 88.21753983
 88.25960672 88.37354973]",,"[  2.49981966   4.68768456   9.65607912  19.78799725  29.91928381
  53.95226892  77.58866802 101.62133876]","[20.85602918 19.90204286 18.95004894 18.0975808  17.43590992 17.07110859
 16.51494073 16.24511108]",,"[18.08984776 17.35508568 16.59298526 15.88588181 15.3679392  15.05971202
 14.57602174 14.35638132]","[45.22461941 43.3877142  41.48246315 39.71470452 38.41984801 37.64928005
 36.44005434 35.89095329]"
0.0,0.0,0.0,0.0,0.0,1.0,0.0,0.0,0.0,0.0,0.0,0.0,0.0,0.0,0.0,0.0,0.0,0.0,0.0,0.0,0.0,0.0,0.0,0.0,0.0,0.0,1.0,0.0,0.0,0.0,0.0,0.0,0.0,0.0,0.0,0.0,0.0,0.0,1.0,1.0,0.0,0.0,0.0,0.0,0.0,HAc,FORM,"MeOH 
 + H$_2$O",2.5,0.0,0.03,1.3333333333333333,633,1,3.0,0.3064103049153603,0.7660257622884007,0.1463668799999999,0.3659171999999999,2.2424160165154974,101039d2ra06960a,V-Ti-Bi,1.0636978963103263,0.2555019786673813,0.1022007914669525,0.0,0.0,2.2438216470822687,2.243821647082269,1,P-V-SiO2,"[2.21695577 2.04481151 1.85727911 1.70250085 1.55179024 1.43591244
 1.34999205 1.26473061]","[87.34500713 87.63176548 87.84803336 87.77914171 87.92491913 87.78798855
 87.90182497 88.08006211]",,"[  2.51405119   4.90178896  10.07037546  20.00463357  30.13750048
  53.37762982  77.61017343 101.64410825]","[16.55668652 15.22110566 13.79112238 12.65174676 11.51265578 10.66958044
 10.01815626  9.36644745]",,"[14.46143902 13.33852362 12.11522979 11.10559472 10.12249328  9.36661005
  8.80614218  8.24997273]","[36.15359756 33.34630904 30.28807446 27.7639868  25.3062332  23.41652514
 22.01535545 20.62493182]"
0.0,0.0,0.0,0.0,0.0,0.0,0.0,0.0,0.0,0.0,0.0,0.0,0.0,0.0,0.0,0.0,0.0,0.0,0.0,0.0,0.0,0.0,0.0,0.0,0.0,0.0,1.0,0.0,0.0,0.0,0.0,0.0,1.0,0.0,0.0,0.0,0.0,0.0,0.0,1.0,0.0,0.0,0.0,0.0,0.0,HAc,FORM,"MeOH 
 + H$_2$O",2.5,0.0,0.03,0.4433333333333333,633,1,3.0,0.1018814263843573,0.2547035659608932,0.2290287999999999,0.572572,1.1666890413548845,101039d3nj00221g,VPO-MCF,1.0636978963103263,0.0849544079069042,0.0339817631627617,0.0,0.0,1.1674203658577278,1.1674203658577278,1,P-V-SiO2,"[1.15316683 1.01289246 0.88176166 0.8157913  0.74547081 0.69292095
 0.65596072 0.63998001]",,,"[ 1.11317254  4.44155844  9.99628942 19.78107607 39.55102041 60.
 79.33580705 99.55102041]",,,"[22.62324897 19.87129491 17.29872305 16.00449227 14.6249191  13.59397672
 12.86887758 12.55536213]","[56.55812243 49.67823728 43.24680761 40.01123068 36.56229775 33.9849418
 32.17219394 31.38840533]"
0.0,0.0,0.0,0.0,0.0,0.0,0.0,0.0,0.0,0.0,0.0,0.0,0.0,0.0,0.0,0.0,0.0,0.0,0.0,0.0,0.0,0.0,0.0,0.0,0.0,0.0,1.0,0.0,0.0,0.0,0.0,0.0,0.0,0.0,0.0,0.0,0.0,0.0,1.0,1.0,0.0,0.0,0.0,0.0,0.0,HAc,FORM,"MeOH 
 + H$_2$O",2.5,0.0,0.03,0.4433333333333333,633,1,3.0,0.1018814263843573,0.2547035659608932,0.245156,0.6128900000000002,1.248842148334175,101039d3nj00221g,UnModifiedV-Ti,1.0636978963103263,0.0849544079069042,0.0339817631627617,0.0,0.0,1.249624969489502,1.249624969489502,1,P-V-SiO2,"[1.20620538 1.12667874 1.05175168 0.9849595  0.94326101 1.25449208
 0.90586692 0.88157024 0.86142671 0.84448476 0.83922145 0.83606371
 0.83105107]",,,"[  3.94758813  10.24233686  19.91048237  42.64424861  60.70269017
   2.62012987  80.34461967  99.96150278 119.35575139 139.64053803
 159.70269017 179.31957328 200.4406308 ]",,,"[23.66377853 22.10359588 20.63364944 19.32329591 18.5052397  24.61108469
 17.77162882 17.2949677  16.8997845  16.567411   16.46415349 16.40220388
 16.30386406]","[59.15944633 55.25898971 51.5841236  48.30823978 46.26309926 61.52771172
 44.42907206 43.23741926 42.24946124 41.41852749 41.16038372 41.0055097
 40.75966015]"
0.0,0.0,0.0,0.0,0.0,0.0,0.0,0.0,0.0,0.0,0.0,0.0,0.0,0.0,0.0,0.0,0.0,0.0,0.0,0.0,0.0,0.0,0.0,0.0,0.0,0.0,1.0,0.0,0.0,0.0,0.0,0.0,0.0,1.0,0.0,0.0,0.0,0.0,1.0,1.0,0.0,0.0,0.0,0.0,0.0,HAc,FORM,"MeOH 
 + H$_2$O",2.5,0.0,0.03,0.4433333333333333,633,1,3.0,0.1018814263843573,0.2547035659608932,0.24657582,0.61643955,1.2560748126746266,101039d3nj00221g,AllylSi-V-Ti,1.0636978963103263,0.0849544079069042,0.0339817631627617,0.0,0.0,1.2568621675355645,1.2568621675355645,1,P-V-SiO2,"[1.19752193 1.18909422 1.1835869  1.18475967 1.18333048 1.17950782
 1.17419065 1.16587804 1.15352192 1.12341227 1.07184873 1.01731899
 0.97014355 0.92845226 0.88882494 0.86565867 1.2508188  1.19165999]",,,"[  4.89350649  19.69480519  39.16558442  59.45037106  79.51252319
  98.68413729 119.41419295 139.25371058 158.64795918 178.51252319
 199.46521336 218.63682746 238.69897959 258.98376623 279.96150278
 300.19202226   1.55844156   9.79591837]",,,"[23.49342357 23.32808558 23.22004098 23.24304881 23.2150105  23.14001604
 23.035702   22.87262212 22.63021511 22.03951305 21.02792063 19.95813625
 19.03263125 18.21471626 17.43729306 16.9828087  24.53902099 23.37842181]","[58.73355892 58.32021396 58.05010245 58.10762203 58.03752625 57.8500401
 57.58925501 57.1815553  56.57553778 55.09878263 52.56980156 49.89534063
 47.58157811 45.53679065 43.59323264 42.45702175 61.34755247 58.44605452]"
0.0,0.0,0.0,0.0,0.0,0.0,0.0,0.0,0.0,0.0,0.0,0.0,0.0,0.0,0.0,0.0,0.0,0.0,0.0,0.0,0.0,0.0,0.0,0.0,0.0,0.0,1.0,0.0,0.0,0.0,0.0,0.0,0.0,1.0,0.0,0.0,0.0,0.0,1.0,1.0,0.0,0.0,0.0,0.0,0.0,HAc,FORM,"MeOH 
 + H$_2$O",2.5,0.0,0.03,0.4433333333333333,633,1,3.0,0.1018814263843573,0.2547035659608932,0.3349959999999999,0.8374899999999998,1.7064935156527077,101039d3nj00221g,Glycosidil-Si-V-Ti,1.0636978963103263,0.0849544079069042,0.0339817631627617,0.0,0.0,1.7075632098708782,1.707563209870878,1,P-V-SiO2,"[1.70880328 1.63929942 1.63499771 1.64139564 1.63302065 1.63106165
 1.63303434 1.63136775 1.63302555 1.62909754 1.62712733 1.61925223
 1.62319932 1.61729668 1.60538499 1.59171534 1.57795502 1.56714766
 1.70157324]",,,"[  1.33580705  10.          20.           4.84230056  40.
  60.          80.         100.         120.         140.
 160.         180.         200.         220.         240.
 260.         280.         300.         307.79220779]",,,"[33.52392808 32.16037601 32.07598339 32.2015004  32.03719677 31.99876446
 32.03746541 32.0047695  32.03729295 31.96023168 31.92157946 31.76708283
 31.84451829 31.72871819 31.4950303  31.22685411 30.95689912 30.74487626
 33.38208665]","[83.8098202  80.40094003 80.18995848 80.503751   80.09299192 79.99691114
 80.09366353 80.01192375 80.09323237 79.9005792  79.80394866 79.41770707
 79.61129573 79.32179547 78.73757575 78.06713527 77.39224779 76.86219066
 83.45521662]"
0.0,0.0,0.0,0.0,0.0,0.0,0.0,0.0,0.0,0.0,0.0,0.0,0.0,0.0,0.0,0.0,0.0,0.0,0.0,0.0,0.0,0.0,0.0,0.0,0.0,0.0,1.0,0.0,0.0,0.0,0.0,0.0,1.0,0.0,0.0,0.0,0.0,0.0,0.0,1.0,0.0,0.0,0.0,0.0,0.0,HAc,FORM,"MeOH 
 + H$_2$O",2.5,0.0,0.1,2.6666666666666665,633,1,3.0,,,0.175812,0.43953,5.75,102139ssrn4741336,1,1.0636978963103263,0.5110039573347626,0.204401582933905,0.0,0.0,5.390437664816356,5.390437664816357,1,P-V-SiO2,"[5.75035609 5.79928837 5.92182751 6.62981939 6.813637   7.09468536
 6.72060323 6.33659984 6.33508752 6.31419393 6.40351979]",,,"[ 2.5         5.          7.5        10.         13.34941913 15.84895603
 18.38859744 22.5        36.41665717 41.49826013 48.51840223]",,,,
0.0,0.0,0.0,0.0,0.0,0.0,0.0,0.0,0.0,0.0,0.0,0.0,0.0,0.0,0.0,0.0,0.0,0.0,0.0,0.0,0.0,0.0,0.0,0.0,0.0,0.0,1.0,0.0,0.0,0.0,0.0,0.0,1.0,0.0,0.0,0.0,0.0,0.0,0.0,1.0,0.0,0.0,0.0,0.0,0.0,HAc,FORM,"MeOH 
 + H$_2$O",10.0,0.0,0.0,2.0,643,1,3.0,0.1545808524837044,1.545808524837045,0.0219,0.219,0.6770641338786256,101021acsiecr5b01422,1,1.0546079627522464,0.5157041230938302,0.051570412309383,0.0,0.0,0.6776352177452929,0.6776352177452928,1,P-V-SiO2,"[0.6789394  0.59902657 0.5585374  0.5105897  0.45624898 0.37740165
 0.3411745 ]",,,"[ 0.22925764 12.01965066 22.00873362 36.09170306 45.86244541 60.05458515
 70.26200873]",,,"[2.19421488 1.93595041 1.80509642 1.65013774 1.47451791 1.21969697
 1.10261708]","[21.94214876 19.35950413 18.05096419 16.50137741 14.74517906 12.1969697
 11.0261708 ]"
0.0,0.0,0.0,0.0,0.0,0.0,0.0,0.0,0.0,0.0,0.0,0.0,0.0,0.0,0.0,0.0,0.0,0.0,0.0,0.0,0.0,0.0,0.0,0.0,0.0,0.0,1.0,0.0,0.0,0.0,0.0,0.0,1.0,0.0,0.0,0.0,0.0,0.0,0.0,1.0,0.0,0.0,0.0,0.0,0.0,HAc,FORM,"MeOH 
 + H$_2$O",10.0,0.0,0.0,2.0,643,1,3.0,0.1545808524837044,1.545808524837045,0.0219,0.219,0.6770641338786256,101016jcej201604107,1,1.0546079627522464,0.5157041230938302,0.051570412309383,0.0,0.0,0.6776352177452929,0.6776352177452928,1,P-V-SiO2,"[0.65377974 0.60974429 0.5727545  0.51198557 0.44329026 0.4274375
 0.41510757]",,,"[ 8.98004435 18.79157428 32.76053215 42.90465632 56.54101996 66.85144124
 70.67627494]",,,"[2.11290323 1.97058824 1.85104364 1.65464896 1.43263757 1.38140417
 1.34155598]","[21.12903226 19.70588235 18.51043643 16.54648956 14.32637571 13.81404175
 13.41555977]"
0.0,1.0,0.0,0.0,0.0,0.0,0.0,0.0,0.0,0.0,0.0,0.0,0.0,0.0,0.0,0.0,0.0,0.0,0.0,0.0,0.0,0.0,0.0,0.0,0.0,0.0,1.0,0.0,0.0,0.0,0.0,0.0,0.0,0.0,0.0,0.0,0.0,0.0,0.0,1.0,0.0,0.0,0.0,0.0,0.0,MAc,TRX,,5.0,0.0,0.21,1.0,623,1,6.0,0.2516198704103672,1.2580993520518362,0.07728,0.3864,0.972259179265659,101021acsiecr6b03079,1,1.0053234973701344,0.2092174864874706,0.0418434972974941,0.0,0.0,0.970099641345104,0.970099641345104,1,P-V-SiO2,"[0.78634658 0.75465689 0.71633447 0.69938417 0.65148114 0.62716115
 0.61758054 0.60210418 0.59031267 0.59841933 0.59031267 0.55714903
 0.5409357  0.52324843 0.52693328 0.51440479 0.47903025 0.4753454
 0.46650177 0.46502783 0.45249935 0.45028844 0.44291874 0.43260117
 0.45028844 0.44439268 0.43849692 0.42670541]",,,"[ 1.98511166  3.84615385  5.83126551  8.06451613  9.80148883 11.7866005
 14.01985112 15.8808933  17.86600496 20.09925558 22.20843672 23.82133995
 25.93052109 27.91563275 29.90074442 32.00992556 33.87096774 36.10421836
 37.84119107 39.95037221 41.93548387 44.04466501 46.15384615 48.13895782
 50.         51.98511166 53.97022333 56.07940447]",,,"[6.26418787 6.01174168 5.70645793 5.57142857 5.18982387 4.99608611
 4.91976517 4.7964775  4.70254403 4.76712329 4.70254403 4.43835616
 4.30919765 4.16829746 4.19765166 4.09784736 3.81604697 3.78669276
 3.71624266 3.70450098 3.60469667 3.58708415 3.52837573 3.44618395
 3.58708415 3.54011742 3.49315068 3.39921722]","[31.32093933 30.05870841 28.53228963 27.85714286 25.94911937 24.98043053
 24.59882583 23.98238748 23.51272016 23.83561644 23.51272016 22.19178082
 21.54598826 20.84148728 20.98825832 20.48923679 19.08023483 18.9334638
 18.58121331 18.52250489 18.02348337 17.93542074 17.64187867 17.23091977
 17.93542074 17.70058708 17.46575342 16.99608611]"
0.0,0.0,0.0,0.0,0.0,0.0,0.0,0.0,0.0,0.0,0.0,0.0,0.0,0.0,0.0,0.0,0.0,0.0,0.0,0.0,0.0,0.0,0.0,0.0,0.0,0.0,1.0,0.0,0.0,0.0,0.0,0.0,0.0,0.0,0.0,0.0,0.0,0.0,0.0,1.0,0.0,0.0,0.0,0.0,0.0,MAc,TRX,,5.0,0.0,0.21,2.0,643,1,3.0,0.2516198704103672,1.2580993520518362,0.14934,0.7467,3.757691144708424,101021acsiecr7b01212,1,1.0053234973701344,0.4184349729749413,0.0836869945949882,0.0,0.0,3.749344731844664,3.7493447318446647,1,P-V-SiO2,"[3.78644906 3.69830651 3.73898769 3.79322926 3.75932828 3.78644906
 3.62372435 3.7254273  3.59660356 3.46777983 3.63050455 3.60338376
 3.54914219 3.50168081 3.49490062 3.42031846 3.46777983 3.42709865
 3.35929669 3.23047296 3.23047296 3.23047296 3.1491106  3.11520962
 3.11520962 3.17623139 3.00672648 2.99316608 2.97960569 2.95248491
 2.87112255 2.97282549 2.72873842 2.81688098 2.84400176 2.91180373
 2.5863543  2.72195823 2.55245332 2.34904743 2.48465135 2.45075037]",,,"[  6.90639269  12.55707763  17.57990868  21.34703196  32.02054795
  44.57762557  55.87899543  67.80821918  80.3652968   90.4109589
 102.96803653 115.52511416 128.08219178 139.38356164 150.68493151
 162.61415525 175.79908676 187.7283105  198.40182648 211.58675799
 223.51598174 234.8173516  246.74657534 258.67579909 271.23287671
 283.78995434 295.71917808 308.27625571 319.57762557 332.1347032
 344.06392694 355.3652968  366.66666667 379.85159817 391.15296804
 401.82648402 426.94063927 450.17123288 474.02968037 498.51598174
 521.11872146 546.86073059]",,,"[15.08179011 14.73070986 14.8927469  15.10879629 14.97376542 15.08179011
 14.43364196 14.83873455 14.32561726 13.81249997 14.46064813 14.35262344
 14.13657405 13.94753084 13.92052467 13.62345676 13.81249997 13.65046294
 13.3804012  12.86728391 12.86728391 12.86728391 12.54320984 12.40817897
 12.40817897 12.65123453 11.9760802  11.92206785 11.86805551 11.76003081
 11.43595674 11.84104933 10.8688271  11.21990735 11.32793204 11.59799378
 10.30169746 10.84182093 10.1666666   9.3564814   9.89660487  9.761574  ]","[75.40895056 73.65354931 74.4637345  75.54398143 74.8688271  75.40895056
 72.16820978 74.19367277 71.62808632 69.06249987 72.30324065 71.76311719
 70.68287026 69.7376542  69.60262333 68.11728381 69.06249987 68.25231468
 66.90200602 64.33641957 64.33641957 64.33641957 62.71604918 62.04089485
 62.04089485 63.25617264 59.880401   59.61033927 59.34027753 58.80015407
 57.17978368 59.20524667 54.3441355  56.09953676 56.63966022 57.98996888
 51.50848732 54.20910463 50.83333299 46.78240702 49.48302433 48.80787   ]"
0.0,0.0,0.0,0.0,0.0,0.0,0.0,0.0,0.0,0.0,0.0,0.0,0.0,0.0,0.0,0.0,0.0,0.0,0.0,0.0,0.0,0.0,0.0,0.0,0.0,0.0,1.0,0.0,0.0,0.0,0.0,0.0,0.0,0.0,0.0,0.0,0.0,0.0,0.0,1.0,0.0,0.0,0.0,0.0,0.0,MAc,TRX,,5.0,0.0,0.0,1.6666666666666667,643,1,3.0,0.2096832253419726,1.0484161267098635,0.061,0.305,1.2790676745860332,101016jcattod201806019,VPO,1.0053234973701344,0.3486958108124511,0.0697391621624902,0.0,0.0,1.2762266675735712,1.2762266675735714,1,P-V-SiO2,"[1.28092339 1.16777515 1.01192948 0.89024175 0.81338635 0.52304372
 0.46540216]",,,"[ 1.48058252  3.03398058  5.04854369  7.03883495  9.0776699  16.99029126
 22.01456311]",,,"[6.12244898 5.58163265 4.83673469 4.25510204 3.8877551  2.5
 2.2244898 ]","[30.6122449  27.90816327 24.18367347 21.2755102  19.43877551 12.5
 11.12244898]"
0.0,0.0,0.0,0.0,0.0,0.0,0.0,0.0,0.0,0.0,0.0,0.0,0.0,0.0,0.0,0.0,0.0,0.0,0.0,0.0,0.0,0.0,0.0,0.0,0.0,0.0,1.0,0.0,0.0,0.0,0.0,0.0,0.0,0.0,0.0,0.0,0.0,0.0,0.0,1.0,0.0,0.0,0.0,1.0,0.0,MAc,TRX,,5.0,0.0,0.0,1.6666666666666667,643,1,3.0,0.2096832253419726,1.0484161267098635,0.0802,0.401,1.6816594672426213,101016jcattod201806019,VPO-Zr,1.0053234973701344,0.3486958108124511,0.0697391621624902,0.0,0.0,1.677924241629515,1.6779242416295153,1,P-V-SiO2,"[1.68654913 1.63104245 1.56272653 1.5114896  1.43463419 1.12507771
 0.71518222]",,,"[ 1.50485437  3.03398058  5.04854369  7.03883495  9.05339806 16.99029126
 22.0631068 ]",,,"[8.06122449 7.79591837 7.46938776 7.2244898  6.85714286 5.37755102
 3.41836735]","[40.30612245 38.97959184 37.34693878 36.12244898 34.28571429 26.8877551
 17.09183673]"
0.0,0.0,0.0,0.0,0.0,0.0,0.0,0.0,0.0,0.0,0.0,0.0,0.0,0.0,0.0,0.0,0.0,0.0,0.0,0.0,0.0,0.0,0.0,0.0,0.0,0.0,1.0,0.0,0.0,0.0,0.0,0.0,0.0,0.0,0.0,0.0,0.0,0.0,0.0,1.0,0.0,0.0,0.0,1.0,0.0,MAc,TRX,,5.0,0.0,0.0,2.0,653,1,3.0,0.2516198704103672,1.2580993520518362,0.044352618025751,0.2217630901287553,1.116,101021acsiecr7b03521,1,1.0053234973701344,0.4184349729749413,0.0836869945949882,0.0,0.0,1.1135211914983825,1.1135211914983827,1,P-V-SiO2,[1.11804878 1.09965157 1.07623693 0.92404181 0.69324042],,,[ 4.11522634  8.06584362 12.26337449 18.10699588 24.19753086],,,,
0.0,0.0,0.0,0.0,0.0,0.0,0.0,0.0,0.0,0.0,0.0,0.0,0.0,0.0,0.0,0.0,0.0,0.0,0.0,0.0,0.0,0.0,0.0,0.0,0.0,0.0,1.0,0.0,0.0,0.0,0.0,0.0,1.0,0.0,0.0,0.0,0.0,0.0,0.0,0.0,1.0,0.0,0.0,0.0,0.0,HAc,TRX,,3.0,0.0,0.0,2.295081967213115,673,1,3.0,0.6660957274716911,1.9982871824150727,0.1413253333333333,0.4239759999999999,5.648172043010754,101002jctb6360,1,1.224814764103612,0.6687244928800516,0.2229081642933505,0.0,0.0,5.670462711866255,5.670462711866255,1,P-V-SiO2,"[5.61621802 5.41013984 4.95689464 4.46700728 4.29513056 4.06897458
 3.76830511 3.55486956 3.52921124 3.3341623  2.94689587 2.66710206
 2.39097067 2.2541669  2.07947228 1.90648776 1.69221369 1.6496169
 1.39132076 1.35551444]",,"[92.9458143  93.95236898 93.81911583 91.12876374 92.04601291 92.90732933
 90.96880056 92.17313384 91.50184969 90.93571146 89.66740232 88.87482289
 91.22183009 89.24278831 89.02026522 88.82665076 88.69411736 88.83630817
 88.31338309 88.95371926]","[ 0.5  1.   1.5  2.   2.5  3.   3.5  4.   4.5  5.   5.5  6.   6.5  7.
  7.5  8.   8.5  9.   9.5 10. ]",,"[45.17902935 43.05499371 39.50400494 36.65084192 34.88945315 32.74596364
 30.97250741 28.83646965 28.83835971 27.41416624 24.57270553 22.43797502
 19.59739031 18.88581418 17.46574144 16.0477263  14.26537399 13.88402446
 11.77940944 11.39364833]","[13.99733891 13.48372885 12.35410272 11.13315305 10.70478352 10.14113343
  9.39177283  8.85982592  8.79587752  8.3097557   7.34456891  6.64723685
  5.9590327   5.61807572  5.18268312  4.7515526   4.21751585  4.11135158
  3.46759833  3.37835798]","[41.99201672 40.45118655 37.06230815 33.39945915 32.11435055 30.42340028
 28.17531849 26.57947776 26.38763255 24.92926711 22.03370673 19.94171056
 17.87709809 16.85422716 15.54804935 14.2546578  12.65254755 12.33405475
 10.40279498 10.13507395]"
0.0,0.0,0.0,0.0,0.0,0.0,0.0,0.0,0.0,0.0,0.0,0.0,0.0,0.0,0.0,0.0,0.0,0.0,0.0,0.0,0.0,0.0,0.0,0.0,0.0,0.0,1.0,0.0,1.0,0.0,0.0,0.0,0.0,0.0,0.0,0.0,0.0,1.0,0.0,0.0,0.0,0.0,0.0,0.0,0.0,HAc,FORM,"MeOH 
 + H$_2$O",2.5,0.0,0.21,5.0,633,1,2.0,0.7660257622884006,1.915064405721,0.1277268,0.319317,7.338151450099353,101039d2cc06618a,1,1.0636978963103263,0.9581324200026798,0.3832529680010719,0.0,0.0,7.342751278991897,7.342751278991898,1,P-V-SiO2,"[6.38466899 4.56585366 4.13937282 3.6        3.2989547  3.34912892
 3.07317073 2.75958188 2.77212544 2.47108014]",,,[ 4  8 12 16 20 24 28 32 36 40],,,,
0.0,0.0,0.0,0.0,0.0,0.0,0.0,0.0,0.0,0.0,0.0,0.0,0.0,0.0,0.0,0.0,0.0,0.0,0.0,0.0,0.0,0.0,0.0,0.0,0.0,0.0,1.0,0.0,1.0,0.0,0.0,0.0,0.0,0.0,0.0,0.0,0.0,1.0,1.0,0.0,0.0,0.0,0.0,0.0,0.0,HAc,MeOH,,0.5,0.0,0.21,1.5,653,1,2.0,0.7232939622193159,0.3616469811096579,0.1832424860194942,0.0916212430097471,1.988072756399364,101016jjcat2024115612,1,0.8975130204360922,0.1807606985491203,0.3615213970982406,0.0,0.0,1.987382386605672,1.987382386605672,1,P-V-SiO2,"[1.98738239 1.57697251 1.40676456 1.38224144 1.23872777 1.24075646
 1.12908164 1.24134992 1.3000006  1.20423127 1.17151515 1.16315482
 1.06136379 1.05745347]","[26.22641509 19.24528302 17.35849057 16.79245283 15.28301887 15.66037736
 13.96226415 15.28301887 16.60377358 15.09433962 14.71698113 15.09433962
 13.01886792 12.64150943]",,[ 2.  4.  6.  8. 10. 12. 14. 16. 18. 20. 24. 28. 40. 50.],"[69.86943712 75.55175533 74.72298293 75.89523487 74.73283579 73.05148692
 74.56143118 74.89103123 72.19073905 73.55979705 73.3962575  71.05066494
 75.16848245 77.1271125 ]",,"[18.3242486  14.54014914 12.97078194 12.74467152 11.42143339 11.44013852
 10.41046398 11.44561043 11.98638686 11.10336559 10.80171337 10.72462867
  9.78608545  9.7500312 ]","[9.1621243  7.27007457 6.48539097 6.37233576 5.7107167  5.72006926
 5.20523199 5.72280522 5.99319343 5.5516828  5.40085668 5.36231433
 4.89304273 4.8750156 ]"
0.0,0.0,0.0,0.0,0.0,0.0,0.0,0.0,0.0,0.0,0.0,0.0,0.0,0.0,0.0,0.0,0.0,0.0,0.0,0.0,0.0,0.0,0.0,0.0,0.0,0.0,1.0,0.0,0.0,0.0,0.0,0.0,1.0,0.0,0.0,0.0,0.0,0.0,0.0,1.0,0.0,0.0,0.0,0.0,0.0,HAc,TRX,,3.0,0.0,0.0,5.0,623,1,0.2,0.0970487556665741,0.2911462669997224,0.156672,0.470016,13.684340383014156,101016japcata2023119441,VPO-SiO2,1.224814764103612,1.456864073774398,0.4856213579247994,0.0,0.0,13.69498848998295,13.694988489982949,1,P-V-SiO2,[14.04805305 12.05871997  9.79460062  8.08905413  7.15149018],,[76.84003847 70.69051291 63.68580666 57.42289617 53.44243414],[ 2  4  6  8 10],,[62.74505953 58.54516681 52.78311888 48.34634197 45.92628184],[16.07110929 13.7952929  11.20511835  9.25395658  8.18137431],[48.21332788 41.3858787  33.61535504 27.76186975 24.54412293]
0.0,0.0,0.0,0.0,0.0,0.0,0.0,0.0,0.0,0.0,0.0,0.0,0.0,0.0,0.0,0.0,0.0,1.0,0.0,0.0,0.0,0.0,0.0,0.0,0.0,0.0,1.0,0.0,0.0,0.0,0.0,0.0,1.0,0.0,0.0,0.0,0.0,0.0,0.0,1.0,0.0,0.0,0.0,0.0,0.0,HAc,TRX,,3.0,0.0,0.0,5.0,623,1,0.2,0.0970487556665741,0.2911462669997224,0.1984775799999999,0.5954327399999999,17.335801950041628,101016japcata2023119441,VPO1%Mg-SiO2,1.224814764103612,1.456864073774398,0.4856213579247994,0.0,0.0,17.349291345101037,17.34929134510104,1,P-V-SiO2,[15.93234128 14.91575817 14.03470784 12.70423638 11.54592818],,[83.39100346 80.62283737 77.33564014 71.79930796 68.16608997],[ 2  4  6  8 10],,[65.57093426 63.49480969 62.28373702 60.7266436  58.13148789],[18.22675335 17.06377238 16.05584224 14.53376995 13.20865411],[54.68026005 51.19131715 48.16752673 43.60130985 39.62596233]
0.0,0.0,0.0,0.0,0.0,0.0,1.0,0.0,0.0,0.0,0.0,0.0,0.0,0.0,0.0,0.0,0.0,0.0,0.0,0.0,0.0,0.0,0.0,0.0,0.0,0.0,1.0,0.0,0.0,0.0,0.0,0.0,1.0,0.0,0.0,0.0,0.0,0.0,0.0,1.0,0.0,0.0,0.0,0.0,0.0,HAc,TRX,,3.0,0.0,0.0,5.0,623,1,0.2,0.0970487556665741,0.2911462669997224,0.20087336,0.60262008,17.545058671107412,101016japcata2023119441,VPO1%Ca-SiO2,1.224814764103612,1.456864073774398,0.4856213579247994,0.0,0.0,17.558710893741075,17.558710893741075,1,P-V-SiO2,[16.8558375  15.89186952 14.79283652 12.35227924 11.14729753],,[85.66493955 83.76511226 79.44732297 72.19343696 66.32124352],[ 2  4  6  8 10],,[67.53022453 65.11226252 63.90328152 58.72193437 57.68566494],[19.28324201 18.18045327 16.92314882 14.13112756 12.75261677],[57.84972602 54.5413598  50.76944646 42.39338267 38.25785032]
0.0,0.0,0.0,0.0,0.0,0.0,0.0,0.0,0.0,0.0,0.0,0.0,0.0,0.0,0.0,0.0,0.0,0.0,0.0,0.0,0.0,0.0,0.0,0.0,0.0,0.0,1.0,0.0,0.0,0.0,0.0,0.0,1.0,0.0,0.0,1.0,0.0,0.0,0.0,1.0,0.0,0.0,0.0,0.0,0.0,HAc,TRX,,3.0,0.0,0.0,5.0,623,1,0.2,0.0970487556665741,0.2911462669997224,0.2068854,0.6206562,18.070173572023315,101016japcata2023119441,VPO1%Sr-SiO2,1.224814764103612,1.456864073774398,0.4856213579247994,0.0,0.0,18.08423439890675,18.08423439890675,1,P-V-SiO2,[17.79906276 16.44526871 14.80795037 13.26645912 11.86260101],,[88.65979381 84.87972509 79.72508591 74.22680412 70.10309278],[ 2  4  6  8 10],,[68.90034364 66.49484536 63.74570447 61.34020619 58.07560137],[20.36230087 18.81354731 16.94043922 15.17695823 13.57093091],[61.08690261 56.44064194 50.82131765 45.53087469 40.71279272]
0.0,0.0,0.0,1.0,0.0,0.0,0.0,0.0,0.0,0.0,0.0,0.0,0.0,0.0,0.0,0.0,0.0,0.0,0.0,0.0,0.0,0.0,0.0,0.0,0.0,0.0,1.0,0.0,0.0,0.0,0.0,0.0,1.0,0.0,0.0,0.0,0.0,0.0,0.0,1.0,0.0,0.0,0.0,0.0,0.0,HAc,TRX,,3.0,0.0,0.0,5.0,623,1,0.2,0.0970487556665741,0.2911462669997224,0.21824,0.65472,19.06192839300583,101016japcata2023119441,VPO1%Ba-SiO2,1.224814764103612,1.456864073774398,0.4856213579247994,0.0,0.0,19.07676092763148,19.07676092763148,1,P-V-SiO2,[19.05862656 17.29800244 15.06799312 13.51700223 12.96548886],,[93.06682058 86.07637964 80.63298657 75.16893304 74.04153161],[ 2  4  6  8 10],,[70.28257966 68.97042979 64.13478422 61.71531788 60.09861629],[21.8032541  19.789083   17.23793065 15.46358199 14.83264533],[65.40976231 59.36724899 51.71379195 46.39074597 44.49793598]
0.0,1.0,0.0,0.0,0.0,0.0,0.0,0.0,0.0,0.0,0.0,0.0,0.0,0.0,0.0,0.0,0.0,0.0,0.0,0.0,0.0,0.0,0.0,0.0,0.0,0.0,1.0,0.0,0.0,0.0,0.0,0.0,0.0,0.0,0.0,0.0,0.0,0.0,0.0,1.0,0.0,0.0,0.0,0.0,0.0,HAc,TRX,,5.0,0.0,0.0,2.0,623,1,3.0,0.3493755203996669,1.7468776019983343,0.10296,0.5148,3.5971703580349708,101039d3cy00844d,1,1.154896201133835,0.5827864242127061,0.1165572848425412,0.0,0.0,3.600221414216413,3.600221414216413,1,P-V-SiO2,"[3.60058842 3.53054934 3.42705684 3.40759327 3.3543011  3.33522483
 3.30148797 3.2507688  3.2095249  3.16643276 3.1326667  3.08190104
 3.05531542 3.00725803 2.97347882]",,,[ 2.  4.  6.  8. 10. 12. 14. 16. 18. 20. 22. 24. 26. 28. 30.],,,"[10.29704957 10.09675013  9.80077978  9.74511739  9.59271115  9.53815638
  9.44167488  9.29662698  9.17867668  9.05544076  8.95887574  8.8136949
  8.7376647   8.60022902  8.50362642]","[51.48524785 50.48375066 49.00389891 48.72558693 47.96355577 47.6907819
 47.20837441 46.4831349  45.89338338 45.27720381 44.79437872 44.06847452
 43.68832349 43.00114508 42.51813208]"
0.0,0.0,0.0,0.0,0.0,0.0,0.0,0.0,0.0,0.0,0.0,1.0,0.0,0.0,0.0,0.0,0.0,0.0,0.0,0.0,0.0,0.0,0.0,0.0,0.0,0.0,0.0,0.0,0.0,0.0,0.0,0.0,1.0,0.0,0.0,0.0,0.0,0.0,0.0,0.0,0.0,0.0,0.0,0.0,0.0,MAc,TRX,,0.5,0.0,0.0,3.6,663,1,0.5,0.7548596112311013,0.3774298056155507,0.468512,0.234256,21.219647170626345,101016jjiec201411014,1,1.6827242183127262,0.7526722312417145,1.505344462483429,0.0,0.0,21.15815834421109,21.15815834421109,0,Al2O3-Ba-Cs,"[22.50435983 20.42429931 19.35802316 18.10919433 17.48993633 16.69869018
 12.33850483]","[51.59879336 48.74811463 45.58069382 42.30769231 39.0346908  37.87330317
 27.42081448]",,"[0.98957346 1.99810427 2.9535545  4.12132701 5.02369668 6.03222749
 7.04075829]","[96.57616893 92.77526395 94.04223228 94.78129713 99.21568627 97.63197587
 99.63800905]",,"[49.83213784 45.22619202 42.86510195 40.09977956 38.72853636 36.97645421
 27.32155361]","[24.91606892 22.61309601 21.43255098 20.04988978 19.36426818 18.4882271
 13.66077681]"
0.0,1.0,0.0,0.0,0.0,0.0,0.0,0.0,0.0,0.0,0.0,0.0,0.0,0.0,0.0,0.0,0.0,0.0,0.0,0.0,0.0,0.0,0.0,0.0,0.0,0.0,0.0,0.0,0.0,0.0,0.0,0.0,0.0,0.0,0.0,0.0,0.0,0.0,0.0,0.0,0.0,0.0,0.0,0.0,0.0,MAc,TRX,MeOH,0.5,1.0,0.0,7.199999999999999,663,1,0.5,0.7476805242468211,0.3738402621234105,0.3347074067112566,0.1673537033556283,15.015252559149978,101007s1056201720148,gamma-Alumina,1.2324822836367204,0.7461299265281326,1.4922598530562652,1.4922598530562652,0.0,14.9841127666735,14.9841127666735,0,Al2O3-Ba-Cs,"[14.98411277 12.95134758 11.02918308 10.88481782 10.25757136 10.2067913
  9.80547079  9.58254653]","[85.91549296 87.18309859 85.49295775 86.05633803 85.35211268 84.92957746
 85.63380282 86.05633803]",,"[0.99168646 1.98931116 3.01187648 4.00950119 4.99881235 5.99643705
 7.0023753  7.99168646]","[38.95774734 33.18309945 28.81690227 28.25352199 26.84507128 26.84507128
 25.57746565 24.8732403 ]",,"[33.47074067 28.93005431 24.63642208 24.31394639 22.91283549 22.79940561
 21.9029565  21.40499975]","[16.73537034 14.46502716 12.31821104 12.15697319 11.45641774 11.39970281
 10.95147825 10.70249987]"
0.0,1.0,0.0,1.0,0.0,0.0,0.0,0.0,0.0,0.0,0.0,0.0,0.0,0.0,0.0,0.0,0.0,0.0,0.0,0.0,0.0,0.0,0.0,0.0,0.0,0.0,0.0,0.0,0.0,0.0,0.0,0.0,0.0,0.0,0.0,0.0,0.0,0.0,0.0,0.0,0.0,0.0,0.0,0.0,0.0,MAc,TRX,MeOH,0.5,1.0,0.0,7.199999999999999,663,1,0.5,0.7476805242468211,0.3738402621234105,0.3451327193793119,0.1725663596896559,15.482940753615294,101007s1056201720148,1Ba-gamma-Alumina,1.2324822836367204,0.7461299265281326,1.4922598530562652,1.4922598530562652,0.0,15.450831033176437,15.450831033176437,0,Al2O3-Ba-Cs,"[15.45083103 13.63868077 12.43693943 11.73021037 11.08076207  9.84003429
  9.63302431  8.83935284]","[88.5915493  89.01408451 88.45070423 88.16901408 88.30985915 88.16901408
 88.30985915 88.16901408]",,"[0.99168646 1.98266031 3.01353917 4.00285033 5.00878857 6.00641328
 7.00403798 8.00997622]","[38.95774734 34.22535211 31.4084507  29.71830986 28.02816901 24.92957746
 24.36619718 22.3943662 ]",,"[34.51327194 30.46538385 27.78099583 26.20234081 24.75163658 21.98016267
 21.51775441 19.74489189]","[17.25663597 15.23269193 13.89049792 13.1011704  12.37581829 10.99008133
 10.75887721  9.87244594]"
0.0,1.0,0.0,1.0,0.0,0.0,0.0,0.0,0.0,0.0,0.0,0.0,0.0,0.0,0.0,0.0,0.0,0.0,0.0,0.0,0.0,0.0,0.0,0.0,0.0,0.0,0.0,0.0,0.0,0.0,0.0,0.0,0.0,0.0,0.0,0.0,0.0,0.0,0.0,0.0,0.0,0.0,0.0,0.0,0.0,MAc,TRX,MeOH,0.5,1.0,0.0,7.199999999999999,663,1,0.5,0.7476805242468211,0.3738402621234105,0.3991596945210403,0.1995798472605201,17.906635779461542,101007s1056201720148,5Ba-gamma-Alumina,1.2324822836367204,0.7461299265281326,1.4922598530562652,1.4922598530562652,0.0,17.869499612758542,17.869499612758542,0,Al2O3-Ba-Cs,"[17.86949961 15.64949296 15.1834674  14.00570405 14.06484976 13.4746715
 12.03579671 12.48329706]","[92.67605634 94.08450704 94.50704225 93.8028169  93.8028169  94.22535211
 93.66197183 94.36619718]",,"[1.00166268 2.00760092 2.99691209 4.00285033 5.00878857 6.01472682
 7.00403798 8.00166268]","[43.07042297 37.15493001 35.88732437 33.35211311 33.49295818 31.9436624
 28.70422578 29.5492962 ]",,"[39.91596945 34.95703274 33.91604881 31.28522159 31.41733823 30.09902838
 26.88494387 27.88454712]","[19.95798473 17.47851637 16.9580244  15.64261079 15.70866912 15.04951419
 13.44247193 13.94227356]"
0.0,1.0,0.0,1.0,0.0,0.0,0.0,0.0,0.0,0.0,0.0,0.0,0.0,0.0,0.0,0.0,0.0,0.0,0.0,0.0,0.0,0.0,0.0,0.0,0.0,0.0,0.0,0.0,0.0,0.0,0.0,0.0,0.0,0.0,0.0,0.0,0.0,0.0,0.0,0.0,0.0,0.0,0.0,0.0,0.0,MAc,TRX,MeOH,0.5,1.0,0.0,7.199999999999999,663,1,0.5,0.7476805242468211,0.3738402621234105,0.4000952274358071,0.2000476137179035,17.948604563871324,101007s1056201720148,10Ba-gamma-Alumina,1.2324822836367204,0.7461299265281326,1.4922598530562652,1.4922598530562652,0.0,17.911381359056115,17.911381359056115,0,Al2O3-Ba-Cs,"[17.91138136 15.07894132 13.66310317 12.86754898 12.22092475 10.92561596
 10.48445647  9.92033429]","[95.77464789 96.1971831  96.47887324 96.90140845 96.61971831 96.47887324
 96.33802817 96.76056338]",,"[1.01828976 2.01591446 2.99691209 4.01947741 5.00878857 5.99809974
 7.00403798 8.00997622]","[41.77464875 35.01408537 31.63380368 29.66197269 28.25352199 25.29577551
 24.30986001 22.90140931]",,"[40.00952274 33.68256381 30.51993735 28.74286931 27.29847336 24.40507919
 23.41963979 22.15953267]","[20.00476137 16.84128191 15.25996867 14.37143466 13.64923668 12.20253959
 11.70981989 11.07976634]"
0.0,1.0,0.0,0.0,0.0,0.0,0.0,0.0,0.0,0.0,0.0,0.0,0.0,0.0,0.0,0.0,0.0,0.0,0.0,0.0,0.0,0.0,0.0,0.0,0.0,0.0,0.0,0.0,0.0,0.0,0.0,0.0,0.0,0.0,0.0,0.0,0.0,0.0,0.0,0.0,0.0,0.0,0.0,0.0,0.0,MAc,TRX,MeOH,0.5,1.0,0.0,7.199999999999999,663,1,0.5,0.7476805242468211,0.3738402621234105,0.2973479999999999,0.1486739999999999,13.339278511424624,101039c7ra10008f,Alumina,1.2324822836367204,0.7461299265281326,1.4922598530562652,1.4922598530562652,0.0,13.311614483597229,13.311614483597229,0,Al2O3-Ba-Cs,"[13.84602476 12.5261234  11.05524104 10.09930235  9.35810531  9.31445299
  8.93876046  8.41971679  8.21051782  7.75343516]","[77.19269103 80.24916944 79.31893688 77.79069767 78.38870432 77.05980066
 76.99335548 76.66112957 77.05980066 76.86046512]",,"[1.03271984 2.04703476 2.99591002 3.96114519 4.99182004 6.02249489
 6.95501022 7.98568507 8.98364008 9.96523517]","[40.06666667 34.86666667 31.13333333 29.         26.66666667 27.
 25.93333333 24.53333333 23.8        22.53333333]",,"[30.92853821 27.98021041 24.69462901 22.55930233 20.90365449 20.80614618
 19.96694352 18.80753045 18.34023256 17.31922481]","[15.4642691  13.9901052  12.34731451 11.27965116 10.45182724 10.40307309
  9.98347176  9.40376523  9.17011628  8.6596124 ]"
0.0,1.0,0.0,1.0,0.0,0.0,0.0,0.0,0.0,0.0,0.0,0.0,0.0,0.0,0.0,0.0,0.0,0.0,0.0,0.0,0.0,0.0,0.0,0.0,0.0,0.0,0.0,0.0,0.0,0.0,0.0,0.0,0.0,0.0,0.0,0.0,0.0,0.0,0.0,0.0,0.0,0.0,0.0,0.0,0.0,MAc,TRX,MeOH,0.5,1.0,0.0,7.199999999999999,663,1,0.5,0.7476805242468211,0.3738402621234105,0.361566,0.180783,16.220151385789567,101039c7ra10008f,5Ba-Alumina,1.2324822836367204,0.7461299265281326,1.4922598530562652,1.4922598530562652,0.0,16.18651278090425,16.18651278090425,0,Al2O3-Ba-Cs,"[18.29253277 15.87329696 14.42266173 13.37208105 12.65523115 12.01498722
 12.13707986 10.62340285 10.27929566  9.76394546]","[93.00664452 93.4717608  93.4717608  93.53820598 93.60465116 93.40531561
 93.27242525 93.67109635 93.33887043 93.20598007]",,"[1.         2.04703476 3.02862986 3.99386503 4.99182004 5.98977505
 7.00408998 7.98568507 8.98364008 9.98159509]","[43.93333333 37.93333333 34.46666667 31.93333333 30.2        28.73333333
 29.06666667 25.33333333 24.6        23.4       ]",,"[40.86091916 35.4569546  32.21660022 29.86986711 28.26860465 26.83846069
 27.11118494 23.73001107 22.96136213 21.81019934]","[20.43045958 17.7284773  16.10830011 14.93493355 14.13430233 13.41923034
 13.55559247 11.86500554 11.48068106 10.90509967]"
0.0,1.0,0.0,1.0,0.0,0.0,0.0,0.0,0.0,0.0,0.0,0.0,0.0,0.0,0.0,1.0,0.0,0.0,0.0,0.0,0.0,0.0,0.0,0.0,0.0,0.0,0.0,0.0,0.0,0.0,0.0,0.0,0.0,0.0,0.0,0.0,0.0,0.0,0.0,0.0,0.0,0.0,0.0,0.0,0.0,MAc,TRX,MeOH,0.5,1.0,0.0,7.199999999999999,663,1,0.5,0.7476805242468211,0.3738402621234105,0.37762,0.18881,16.940347173965076,101039c7ra10008f,5Ba-0.5La-Alumina,1.2324822836367204,0.7461299265281326,1.4922598530562652,1.4922598530562652,0.0,16.90521497133321,16.90521497133321,0,Al2O3-Ba-Cs,"[18.15188356 16.59250671 15.7783228  14.90428984 14.18166425 13.43895511
 12.78510237 11.86144806 11.12567471 10.58248221]","[93.13953488 94.06976744 94.06976744 94.40199336 93.53820598 94.20265781
 93.73754153 94.40199336 94.13621262 93.80398671]",,"[1.01635992 2.04703476 3.02862986 3.99386503 4.99182004 6.00613497
 6.98773006 7.98568507 9.         9.99795501]","[43.53333333 39.4        37.46666667 35.26666667 33.86666667 31.86666667
 30.46666667 28.06666667 26.4        25.2       ]",,"[40.54674419 37.06348837 35.2448062  33.29243632 31.67827243 30.01924695
 28.55870432 26.4954928  24.85196013 23.63860465]","[20.27337209 18.53174419 17.6224031  16.64621816 15.83913621 15.00962348
 14.27935216 13.2477464  12.42598007 11.81930233]"
0.0,0.0,0.0,1.0,0.0,0.0,0.0,0.0,0.0,0.0,0.0,0.0,0.0,0.0,0.0,0.0,0.0,0.0,0.0,0.0,0.0,0.0,0.0,0.0,0.0,0.0,0.0,0.0,0.0,0.0,0.0,0.0,0.0,0.0,0.0,0.0,0.0,0.0,1.0,0.0,0.0,0.0,0.0,0.0,0.0,MAc,TRX,MeOH,0.5,1.0,0.0,7.199999999999999,663,1,0.5,0.7476805242468211,0.3738402621234105,0.20468523,0.102342615,9.182349604318867,101007s1056201825359,Ba-TiO2,1.2324822836367204,0.7461299265281326,1.4922598530562652,1.4922598530562652,0.0,9.163306537277634,9.163306537277634,0,Al2O3-Ba-Cs,"[9.38149475 7.05406632 6.80023589 6.43042129 5.73483934 5.71397192
 5.5978249  5.44404664 5.13451174 4.98084986]","[92.27497419 91.68898996 92.44239825 92.10755012 92.02383809 91.68898996
 92.60982232 91.77270199 91.77270199 90.85186964]",,"[ 0.99379973  2.0044286   3.00265712  3.98848529  4.99911417  5.99734269
  6.98937103  8.01240026  9.0044286  10.0088573 ]","[22.71027522 17.18528108 16.43187279 15.59475247 13.92051182 13.92051182
 13.50195165 13.25081556 12.49740726 12.24627117]",,"[20.9559006  15.75701065 15.19001728 14.36394444 12.81018926 12.76357668
 12.50413344 12.16063147 11.46920833 11.12596632]","[10.4779503   7.87850532  7.59500864  7.18197222  6.40509463  6.38178834
  6.25206672  6.08031574  5.73460416  5.56298316]"
0.0,1.0,0.0,1.0,0.0,0.0,0.0,0.0,0.0,0.0,0.0,0.0,0.0,0.0,0.0,0.0,0.0,0.0,0.0,0.0,0.0,0.0,0.0,0.0,0.0,0.0,0.0,0.0,0.0,0.0,0.0,0.0,0.0,0.0,0.0,0.0,0.0,0.0,0.0,0.0,0.0,0.0,0.0,0.0,0.0,MAc,TRX,MeOH,0.5,1.0,0.0,7.199999999999999,663,1,0.5,0.7476805242468211,0.3738402621234105,0.36957286,0.18478643,16.57934578273182,101007s1056201825359,Ba-Al2O3,1.2324822836367204,0.7461299265281326,1.4922598530562652,1.4922598530562652,0.0,16.54496225271551,16.54496225271551,0,Al2O3-Ba-Cs,"[16.55775773 16.18867991 13.74829126 13.354383   13.06578633 11.93858197
 11.34231255 11.34924067 11.35242239 11.18763869]","[89.93103728 91.2704298  92.10755012 91.77270199 91.43785386 90.68444557
 92.19126216 91.68898996 91.43785386 91.77270199]",,"[0.96279884 1.97962789 2.99025677 3.99468547 4.98671381 6.01594322
 6.98937103 8.02480061 9.01062878 9.99645695]","[41.12692236 39.62010578 33.34170334 32.50458302 31.91859879 29.40723782
 27.48186107 27.64928514 27.73299717 27.23072498]",,"[36.98586788 36.16144083 30.71022612 29.83033411 29.18568172 26.66779057
 25.33587459 25.35135027 25.35845742 24.99037208]","[18.49293394 18.08072042 15.35511306 14.91516705 14.59284086 13.33389529
 12.66793729 12.67567514 12.67922871 12.49518604]"
0.0,1.0,0.0,1.0,0.0,0.0,0.0,0.0,0.0,0.0,0.0,0.0,0.0,0.0,0.0,0.0,0.0,0.0,0.0,0.0,0.0,0.0,0.0,0.0,0.0,0.0,0.0,0.0,0.0,0.0,0.0,0.0,0.0,0.0,0.0,0.0,0.0,0.0,1.0,0.0,0.0,0.0,0.0,0.0,0.0,MAc,TRX,MeOH,0.5,1.0,0.0,7.199999999999999,663,1,0.5,0.7476805242468211,0.3738402621234105,0.38134003,0.190670015,17.10723081280191,101007s1056201825359,Ba-Ti-Al2O3,1.2324822836367204,0.7461299265281326,1.4922598530562652,1.4922598530562652,0.0,17.071752513968153,17.071752513968153,0,Al2O3-Ba-Cs,"[16.82969081 14.8002049  13.5708484  13.34127252 12.48282968 11.80264225
 11.25888334 10.20535047 10.45189558 10.12802265]","[89.76361321 90.93558167 90.01474931 90.51702151 90.93558167 90.68444557
 90.68444557 90.68444557 91.35414183 90.60073354]",,"[ 0.98139937  1.99822843  2.97785642  3.98228511  4.99911417  6.02834357
  6.98937103  7.98759955  9.02302913 10.0088573 ]","[41.88033065 36.35533651 33.67655147 32.92314318 30.66291831 29.07238969
 27.73299717 25.13792416 25.55648433 24.9705001 ]",,"[37.59329802 33.05993673 30.31386339 29.80104859 27.88350312 26.3641354
 25.14951472 22.79618716 23.34690694 22.62345626]","[18.79664901 16.52996836 15.15693169 14.9005243  13.94175156 13.1820677
 12.57475736 11.39809358 11.67345347 11.31172813]"
0.0,1.0,0.0,1.0,0.0,0.0,0.0,0.0,0.0,0.0,0.0,0.0,0.0,0.0,0.0,0.0,0.0,0.0,0.0,0.0,0.0,0.0,0.0,0.0,0.0,0.0,0.0,0.0,0.0,0.0,0.0,0.0,0.0,0.0,0.0,0.0,0.0,0.0,1.0,0.0,0.0,0.0,0.0,0.0,0.0,MAc,TRX,MeOH,0.5,1.0,0.0,7.199999999999999,663,1,0.5,0.7476805242468211,0.3738402621234105,0.451,0.2255,20.23223498611898,101007s1056201825359,Ba-gamma-TiAl2O3,1.2324822836367204,0.7461299265281326,1.4922598530562652,1.4922598530562652,0.0,20.19027581185127,20.19027581185127,0,Al2O3-Ba-Cs,"[19.97319173 17.71321507 16.65323676 15.19035763 14.79985577 13.90972219
 13.36435017 13.11204681 12.72369646 11.9606233 ]","[89.67990118 91.0192937  90.26588541 91.43785386 91.35414183 91.35414183
 91.60527793 91.5215659  91.68898996 90.85186964]",,"[ 1.04340115  2.0044286   3.0088573   3.99468547  5.01151452  6.00974304
  7.01417174  7.99999991  8.99822843 10.01505748]","[49.7492617  43.47085927 41.21063439 37.1087448  36.18791245 34.0113996
 32.58829505 32.00231083 30.99776644 29.40723782]",,"[44.61508873 39.56686907 37.19914402 33.93143984 33.05915686 31.07082223
 29.85259825 29.28901599 28.42153896 26.71702537]","[22.30754437 19.78343454 18.59957201 16.96571992 16.52957843 15.53541112
 14.92629913 14.644508   14.21076948 13.35851268]"
0.0,0.0,0.0,0.0,0.0,0.0,0.0,0.0,0.0,0.0,0.0,0.0,0.0,0.0,0.0,0.0,0.0,0.0,0.0,0.0,0.0,0.0,0.0,0.0,0.0,0.0,0.0,0.0,0.0,0.0,0.0,0.0,1.0,0.0,0.0,0.0,0.0,0.0,0.0,0.0,0.0,0.0,0.0,0.0,0.0,MAc,TRX,MeOH,3.0,3.0,0.0,7.199999999999999,663,1,0.5,0.1666796294219575,0.5000388882658727,0.0,0.0,0.0,101007s1114401814198,SBA15,0.9659558496734032,0.9981460601120156,0.3327153533706719,0.9981460601120156,0.0,0.0,0.0,0,Al2O3-Ba-Cs,[0. 0. 0. 0. 0. 0. 0. 0.],,,"[0.97967506 1.98240854 2.991031   3.99408098 4.99522071 5.99775406
 7.00707732 8.00906413]",,,[0 0 0 0 0 0 0 0],[0. 0. 0. 0. 0. 0. 0. 0.]
0.0,0.0,0.0,0.0,0.0,0.0,0.0,1.0,0.0,0.0,0.0,0.0,0.0,0.0,0.0,0.0,0.0,0.0,0.0,0.0,0.0,0.0,0.0,0.0,0.0,0.0,0.0,0.0,0.0,0.0,0.0,0.0,1.0,0.0,0.0,0.0,0.0,0.0,0.0,0.0,0.0,0.0,0.0,0.0,0.0,MAc,TRX,MeOH,3.0,3.0,0.0,7.199999999999999,663,1,0.5,0.1666796294219575,0.5000388882658727,0.0532799,0.1598397,3.1970426355500248,101007s1114401814198,Ce-SBA15(10),0.9659558496734032,0.9981460601120156,0.3327153533706719,0.9981460601120156,0.0,3.1908673360897306,3.190867336089731,0,Al2O3-Ba-Cs,"[3.09709711 2.43195219 3.04589374 2.06959105 2.87502255 2.4532656
 2.43884708 2.4896542 ]","[78.7893241  76.40244125 78.49659319 73.61023866 78.1250501  78.2488978
 78.1250501  79.51214429]",,"[0.97967506 1.98240854 2.991031   3.99408098 4.99522071 5.99775406
 7.00707732 8.00906413]","[6.56359993 5.31498998 6.47915832 4.69462561 6.14476954 5.23505192
 5.21253416 5.22829659]",,"[5.17141602 4.0607821  5.08591855 3.45572512 4.80060428 4.09637043
 4.07229492 4.15713073]","[15.51424806 12.18234629 15.25775564 10.36717536 14.40181284 12.28911128
 12.21688477 12.47139219]"
0.0,0.0,0.0,0.0,0.0,0.0,0.0,1.0,0.0,0.0,0.0,1.0,0.0,0.0,0.0,0.0,0.0,0.0,0.0,0.0,0.0,0.0,0.0,0.0,0.0,0.0,0.0,0.0,0.0,0.0,0.0,0.0,1.0,0.0,0.0,0.0,0.0,0.0,0.0,0.0,0.0,0.0,0.0,0.0,0.0,MAc,TRX,MeOH,3.0,3.0,0.0,7.199999999999999,663,1,0.5,0.1666796294219575,0.5000388882658727,0.1733004,0.5199012000000001,10.398832722243728,101007s1114401814198,10Cs-Ce-SBA15imp,0.9659558496734032,0.9981460601120156,0.3327153533706719,0.9981460601120156,0.0,10.378746688550182,10.378746688550182,0,Al2O3-Ba-Cs,"[10.10487738 10.58513403  9.40806168  9.49577028  8.95254815  8.61820709
  8.24512872  8.60847956]","[89.28166333 87.64412158 89.00300601 88.74646436 87.24024048 89.09520374
 89.38090026 88.96735289]",,"[0.97239077 1.97363803 2.98443392 3.98630245 4.98873041 5.99862108
 7.00105928 8.0026104 ]","[18.89832999 20.16639279 17.65022044 17.86626587 17.13501403 16.15166333
 15.40307281 16.15661723]",,"[16.87274336 17.67465781 15.70922676 15.85567927 14.94862744 14.39035735
 13.76740515 14.37411467]","[50.61823008 53.02397343 47.12768028 47.5670378  44.84588233 43.17107205
 41.30221544 43.12234401]"
0.0,0.0,0.0,0.0,0.0,0.0,0.0,1.0,0.0,0.0,0.0,1.0,0.0,0.0,0.0,0.0,0.0,0.0,0.0,0.0,0.0,0.0,0.0,0.0,0.0,0.0,0.0,0.0,0.0,0.0,0.0,0.0,1.0,0.0,0.0,0.0,0.0,0.0,0.0,0.0,0.0,0.0,0.0,0.0,0.0,MAc,TRX,MeOH,3.0,3.0,0.0,7.199999999999999,663,1,0.5,0.1666796294219575,0.5000388882658727,0.22425,0.67275,13.456046483234635,101007s1114401814198,10Cs-Ce-SBA15(10),0.9659558496734032,0.9981460601120156,0.3327153533706719,0.9981460601120156,0.0,13.430055238807167,13.430055238807167,0,Al2O3-Ba-Cs,"[13.08850005 12.4042296  13.25669474 13.21848373 12.51962006 12.77480723
 12.14981232 12.98743295]","[89.28166333 87.64412158 89.00300601 88.74646436 87.24024048 89.09520374
 89.38090026 88.96735289]",,"[0.96909547 1.96427753 2.97285611 3.98216606 4.97860366 5.98670684
 6.99675151 7.99044309]","[24.47835671 23.63206413 24.87054108 24.87054108 23.96232465 23.94168337
 22.69757697 24.3751503 ]",,"[21.85468403 20.71211502 22.13552917 22.07172588 20.90478965 21.33089157
 20.28729864 21.68592598]","[65.56405209 62.13634505 66.40658752 66.21517763 62.71436895 63.99267472
 60.86189591 65.05777795]"
0.0,1.0,0.0,0.0,0.0,0.0,0.0,0.0,0.0,0.0,0.0,1.0,0.0,0.0,0.0,0.0,0.0,0.0,0.0,0.0,0.0,0.0,0.0,0.0,0.0,0.0,1.0,0.0,0.0,0.0,0.0,0.0,0.0,0.0,0.0,0.0,0.0,0.0,0.0,0.0,0.0,0.0,0.0,0.0,0.0,MAc,TRX,MeOH,5.0,0.75,0.0,3.4,653,1,5.0,0.6622968175307374,3.311484087653687,0.0941999999999999,0.471,3.743301612683728,101039c6cy00620e,1,0.99004653727826,0.6608707194133101,0.132174143882662,0.0991306079119965,0.0,3.735241306124028,3.735241306124028,0,Al2O3-Ba-Cs,"[3.71329017 3.24009213 2.91148238 2.37256239 2.19511313 2.08995801
 1.94536972 1.87307557 1.78763704]",,,"[ 12.34652115  23.39699864  36.49386085  47.95361528  59.41336971
  71.69167804  83.56070941  95.83901774 108.11732606]",,,"[9.36464088 8.17127072 7.34254144 5.98342541 5.5359116  5.27071823
 4.90607735 4.72375691 4.50828729]","[46.82320442 40.85635359 36.71270718 29.91712707 27.67955801 26.35359116
 24.53038674 23.61878453 22.54143646]"
1.0,0.0,0.0,0.0,0.0,0.0,0.0,0.0,0.0,0.0,0.0,0.0,0.0,0.0,0.0,0.0,0.0,0.0,0.0,0.0,0.0,0.0,0.0,0.0,0.0,0.0,1.0,0.0,0.0,0.0,0.0,1.0,0.0,0.0,0.0,0.0,0.0,0.0,0.0,0.0,0.0,0.0,0.0,0.0,0.0,MAc,TRX,,5.0,0.0,0.21,1.2,623,1,5.0,0.2516198704103672,1.2580993520518362,0.0802909119999999,0.4014545599999999,1.2121673323542117,101002cjce22889,1,1.0053234973701344,0.2510609837849648,0.0502121967569929,0.0,0.0,1.2094749213427218,1.2094749213427218,2,Si-Al-Cs,"[1.288052   1.26622061 1.23129039 1.17452878 1.01297649 0.68113936
 0.58071497]",,,"[ 1.86746988  4.12650602  5.84337349 10.         20.03012048 25.90361446
 27.98192771]",,,"[8.55072464 8.4057971  8.17391304 7.79710145 6.72463768 4.52173913
 3.85507246]","[42.75362319 42.02898551 40.86956522 38.98550725 33.62318841 22.60869565
 19.27536232]"
1.0,0.0,0.0,0.0,0.0,0.0,0.0,1.0,0.0,0.0,0.0,1.0,0.0,0.0,0.0,0.0,0.0,0.0,0.0,0.0,0.0,0.0,0.0,0.0,0.0,0.0,1.0,0.0,0.0,0.0,0.0,0.0,0.0,0.0,0.0,0.0,0.0,0.0,0.0,0.0,0.0,0.0,0.0,0.0,0.0,EAc,TRX,EtOH,5.0,1.0,0.0,1.288659793814433,623,1,4.656,,,0.31377681,1.56888405,,101016jjiec201611002,1,0.9430561543959564,0.1960189924641642,0.0392037984928328,0.0,0.0,3.690372849289169,3.690372849289169,2,Si-Al-Cs,[3.06478075 2.80660939 2.60007231 2.34190095 2.13536387 1.91161536],,,[ 3.11360449 11.94950912 24.15147265 35.93267882 48.05049088 59.91584853],,,[26.05853569 23.86341374 22.10731618 19.91219423 18.15609667 16.25365764],"[130.29267846 119.3170687  110.5365809   99.56097114  90.78048334
  81.26828822]"
1.0,0.0,0.0,0.0,0.0,0.0,0.0,0.0,0.0,0.0,0.0,0.0,0.0,0.0,0.0,0.0,0.0,0.0,0.0,0.0,0.0,0.0,0.0,0.0,0.0,0.0,1.0,0.0,0.0,0.0,0.0,1.0,0.0,0.0,0.0,0.0,0.0,0.0,0.0,0.0,0.0,0.0,0.0,0.0,0.0,MAc,TRX,,5.0,0.0,0.0,1.2,643,1,5.0,0.2516198704103672,1.2580993520518362,0.086,0.43,1.2983585313174948,101016jmicromeso201707045,Trioxane,1.0053234973701344,0.2510609837849648,0.0502121967569929,0.0,0.0,1.295474676330418,1.295474676330418,2,Si-Al-Cs,"[1.29741837 1.28284064 1.23424819 1.21967046 1.19537423 1.16135952
 1.07389311 1.02044142 0.88438256 0.69973126 0.59282787]",,,"[ 2.09737828  4.19475655  6.19225968  7.89013733 10.18726592 14.082397
 17.07865169 20.17478152 22.97128589 26.16729089 27.9650437 ]",,,"[8.61290323 8.51612903 8.19354839 8.09677419 7.93548387 7.70967742
 7.12903226 6.77419355 5.87096774 4.64516129 3.93548387]","[43.06451613 42.58064516 40.96774194 40.48387097 39.67741935 38.5483871
 35.64516129 33.87096774 29.35483871 23.22580645 19.67741935]"
1.0,0.0,0.0,0.0,0.0,0.0,0.0,0.0,0.0,0.0,0.0,0.0,0.0,0.0,0.0,0.0,0.0,0.0,0.0,0.0,0.0,0.0,0.0,0.0,0.0,0.0,1.0,0.0,0.0,0.0,0.0,1.0,0.0,0.0,0.0,0.0,0.0,0.0,0.0,0.0,0.0,0.0,0.0,0.0,0.0,MAc,FORM,"MeOH 
 + H$_2$O",5.0,0.0,0.0,1.2,643,1,5.0,0.2119157730370612,1.0595788651853062,0.086,0.43,1.093485388871236,101016jmicromeso201707045,Formalin,0.95520138997064,0.2115326460031463,0.0423065292006292,0.0,0.0,1.091508453376235,1.091508453376235,2,Si-Al-Cs,"[1.10952285 1.08495776 1.03992178 0.92119056 0.89662547 0.82293023
 0.72057572 0.6223154  0.56909105 0.54862015 0.54043179 0.51177253]",,,"[ 2.09737828  3.99500624  6.19225968  7.89013733 10.08739076 11.88514357
 14.082397   15.88014981 17.77777778 19.97503121 22.17228464 24.26966292]",,,"[8.74193548 8.5483871  8.19354839 7.25806452 7.06451613 6.48387097
 5.67741935 4.90322581 4.48387097 4.32258065 4.25806452 4.03225806]","[43.70967742 42.74193548 40.96774194 36.29032258 35.32258065 32.41935484
 28.38709677 24.51612903 22.41935484 21.61290323 21.29032258 20.16129032]"
1.0,0.0,0.0,0.0,0.0,0.0,0.0,0.0,0.0,0.0,0.0,1.0,0.0,0.0,0.0,0.0,0.0,0.0,0.0,0.0,0.0,0.0,0.0,0.0,0.0,0.0,1.0,0.0,0.0,0.0,0.0,0.0,0.0,0.0,0.0,0.0,0.0,0.0,0.0,0.0,0.0,0.0,0.0,0.0,0.0,MAc,TRX,MeOH,0.5,1.0,0.0,1.7142857142857142,643,1,3.5,1.2461342070780352,0.6230671035390176,0.212,0.106,2.264403873433229,101016jcjche202111025,1,1.2324822836367204,0.1776499825066982,0.3552999650133965,0.3552999650133965,0.0,2.2597077774852017,2.2597077774852017,2,Si-Al-Cs,[2.21513105 2.10052165 1.54576303 1.14934681 1.10662581 1.03351759],[84.89583333 85.02604167 84.375      82.8125     84.375      83.203125  ],,[ 1.00222717  4.12026726  8.12917595 16.03563474 24.05345212 32.07126949],[24.47916667 23.17708333 17.1875     13.02083333 12.3046875  11.65364583],,[20.78179253 19.70655653 14.50195312 10.7828776  10.38208008  9.69619751],[10.39089627  9.85327827  7.25097656  5.3914388   5.19104004  4.84809875]
1.0,0.0,0.0,0.0,0.0,0.0,0.0,0.0,0.0,0.0,0.0,1.0,0.0,0.0,0.0,0.0,0.0,0.0,0.0,0.0,0.0,0.0,0.0,0.0,0.0,0.0,0.0,0.0,0.0,0.0,0.0,1.0,0.0,0.0,0.0,0.0,0.0,0.0,0.0,0.0,0.0,0.0,0.0,0.0,0.0,MAc,TRX,MeOH,1.0,2.0,0.0,1.2,628,1,3.0,0.3738402621234105,0.3738402621234105,0.2,0.2,1.4953610484936422,101021acsiecr1c04460,1,1.0459585698760263,0.1243782115317232,0.1243782115317232,0.2487564230634464,0.0,1.4925385383806786,1.4925385383806786,2,Si-Al-Cs,"[1.5151017  1.48077526 1.34996397 1.32226827 1.19036669 1.16367183
 1.09510043]","[88.95250563 88.83001131 88.93615961 88.832327   88.89285988 88.82844507
 88.89251149]",,"[ 1.1909968   6.65958076 20.53445822 29.2393779  45.3618439  61.70646471
 84.74734768]","[22.8238046  22.33746445 20.33987345 19.94586986 17.94396151 17.55427527
 16.50795263]",,"[20.30234607 19.84237219 18.08950232 17.71838033 15.95090057 15.59318976
 14.67433369]","[20.30234607 19.84237219 18.08950232 17.71838033 15.95090057 15.59318976
 14.67433369]"
1.0,0.0,0.0,0.0,0.0,0.0,0.0,0.0,0.0,0.0,0.0,1.0,0.0,0.0,0.0,0.0,0.0,0.0,0.0,0.0,0.0,0.0,0.0,0.0,0.0,0.0,0.0,0.0,0.0,0.0,0.0,1.0,0.0,0.0,0.0,0.0,0.0,0.0,0.0,0.0,0.0,0.0,0.0,0.0,0.0,MAc,TRX,MeOH,0.5,1.0,0.0,1.2,623,1,3.0,0.7476805242468211,0.3738402621234105,0.285,0.1425,2.13088949410344,101021acsiecr2c00444,1,1.2324822836367204,0.1243549877546888,0.2487099755093776,0.2487099755093776,0.0,2.1264702906051784,2.1264702906051784,2,Si-Al-Cs,"[1.98732958 1.92397778 1.7984387  1.67445549 1.59325782 1.49557876
 1.50298117 1.43754259 1.4654721  1.45360479 1.32011491 1.40662822
 1.15015046 1.14651813 1.03313144]","[90.08904816 90.52616428 90.79460815 93.73143143 93.77730699 94.12202334
 95.5586131  94.42566015 92.20044584 93.00906964 91.1037913  95.35404509
 91.95573169 94.75954977 89.30886501]",,"[  1.           3.72303515   6.46106502  18.93842208  24.
  30.11060492  42.41436114  48.          61.61526625  67.2
  72.          84.73893498  89.10737668 102.36946749 108.83053251]","[29.56537821 28.48468849 26.54734662 23.94274275 22.77056683 21.29627152
 21.07993371 20.40404302 21.30247544 20.9462646  19.42051873 19.77086833
 16.76337235 16.21599039 15.50409957]",,"[26.63516781 25.7860959  24.10355933 22.4418755  21.35362436 20.04448165
 20.1436923  19.26665232 19.64097733 19.48192583 17.69282885 18.8523227
 15.4148817  15.36619949 13.84653536]","[13.31758391 12.89304795 12.05177967 11.22093775 10.67681218 10.02224083
 10.07184615  9.63332616  9.82048866  9.74096292  8.84641443  9.42616135
  7.70744085  7.68309974  6.92326768]"
1.0,0.0,0.0,0.0,0.0,0.0,0.0,0.0,0.0,0.0,0.0,1.0,0.0,0.0,0.0,0.0,0.0,0.0,0.0,0.0,0.0,0.0,0.0,0.0,0.0,0.0,0.0,0.0,0.0,0.0,0.0,1.0,0.0,0.0,0.0,0.0,0.0,0.0,0.0,0.0,0.0,0.0,0.0,0.0,0.0,MAc,TRX,MeOH,0.5,0.5,0.0,3.08,633,1,1.8,1.540119775858888,0.770059887929444,0.2364479999999999,0.1182239999999999,6.0693040127047055,101021acsiecr2c03415,1,1.381690723794539,0.4268070194254403,0.8536140388508807,0.4268070194254403,0.0,6.055059967746391,6.055059967746391,2,Si-Al-Cs,[6.09011595 5.67511757 4.66887515 3.69129357 3.16773489 2.73379815],[82.89716062 81.31263126 81.91653825 78.91866576 78.46586761 82.73489482],,[ 2.18055979  7.28761573 21.20164858 27.20703598 40.22194484 53.23209853],[28.68818692 27.25423804 22.25655108 18.26484741 15.76468305 12.90312553],,[23.78169239 22.16113808 18.23179618 14.41437388 12.36989533 10.67538734],[11.89084619 11.08056904  9.11589809  7.20718694  6.18494767  5.33769367]
1.0,0.0,0.0,0.0,0.0,0.0,0.0,0.0,0.0,0.0,0.0,1.0,0.0,0.0,0.0,0.0,0.0,0.0,0.0,0.0,0.0,0.0,0.0,0.0,0.0,0.0,0.0,0.0,0.0,0.0,0.0,1.0,0.0,0.0,0.0,0.0,0.0,0.0,0.0,0.0,0.0,0.0,0.0,0.0,0.0,MAc,TRX,MeOH,1.0,2.0,0.0,2.0,653,1,1.8,0.3738402621234106,0.3738402621234106,0.43148475,0.43148475,5.376879068075144,101016jcej2023145655,1,1.0459585698760263,0.2072970192195386,0.2072970192195386,0.4145940384390773,0.0,5.36673015082127,5.36673015082127,2,Si-Al-Cs,"[5.54648911 4.86419647 4.32506767 3.68257504 3.251856   3.04594925
 2.78964198]","[87.52375003 88.49701337 91.96054716 90.69815404 89.76114099 88.99107848
 88.83978775]",,"[  4.10145867  26.32079291  48.0133132   70.68693031  95.23423824
 119.15997417 130.22246467]","[50.95044007 44.19144335 37.81351527 32.64441196 29.12719298 27.5189517
 25.24623673]",,"[44.59373581 39.10810753 34.77351554 29.60787904 26.14490076 24.4894119
 22.42870313]","[44.59373581 39.10810753 34.77351554 29.60787904 26.14490076 24.4894119
 22.42870313]"
0.0,0.0,0.0,0.0,0.0,0.0,0.0,0.0,0.0,0.0,0.0,1.0,0.0,0.0,0.0,0.0,0.0,0.0,0.0,0.0,0.0,0.0,0.0,0.0,0.0,0.0,0.0,0.0,0.0,0.0,0.0,1.0,0.0,0.0,0.0,0.0,0.0,0.0,0.0,0.0,0.0,0.0,0.0,1.0,0.0,MAc,TRX,MeOH,1.0,2.0,0.0,1.2,633,1,3.0,0.3738402621234105,0.3738402621234105,0.28612752,0.28612752,2.139319741550428,1010800021959220232300818,1,1.0459585698760263,0.1243782115317232,0.1243782115317232,0.2487564230634464,0.0,2.135281752456442,2.135281752456442,2,Si-Al-Cs,[2.14926328 1.71138605 1.49003363 1.29540171 1.16953341],[89.15726609 86.22616416 87.23766968 84.80711173 90.11589685],,[  1.89700386  50.         100.         150.         200.        ],[32.30258792 26.59581865 22.88739983 20.4680578  17.39064399],,[28.80010427 22.93255425 19.96643426 17.35836865 15.6717348 ],[28.80010427 22.93255425 19.96643426 17.35836865 15.6717348 ]
0.0,0.0,0.0,0.0,0.0,0.0,0.0,0.0,0.0,0.0,0.0,1.0,0.0,0.0,0.0,0.0,0.0,0.0,0.0,0.0,0.0,0.0,0.0,0.0,0.0,0.0,0.0,0.0,0.0,0.0,0.0,1.0,0.0,0.0,0.0,0.0,0.0,0.0,0.0,0.0,0.0,0.0,0.0,1.0,0.0,MAc,TRX,MeOH,2.0,2.0,0.0,1.2,643,1,3.0,,,,,,101021acsiecr4c00771,1,1.0075449131529737,0.166350751335778,0.083175375667889,0.166350751335778,0.0,,,2,Si-Al-Cs,"[2.37194813 2.30973725 2.24658671 2.1124696  1.99591919 1.90505681
 1.85465953 1.69112473 1.58483937 1.63968219 1.35967279]",,,"[ 0.16458285  3.57931406  5.8186693  18.         30.21781969 42.46145299
 54.32544281 61.81953298 73.18418991 85.56681118 95.28145133]",,,"[23.76452681 23.14123654 22.50853181 21.16481372 19.99709625 19.08674687
 18.58181696 16.94336328 15.87849124 16.42796096 13.6225493 ]","[47.52905361 46.28247307 45.01706362 42.32962743 39.9941925  38.17349373
 37.16363392 33.88672655 31.75698248 32.85592192 27.24509859]"
0.0,0.0,0.0,0.0,0.0,0.0,0.0,0.0,0.0,0.0,0.0,1.0,0.0,0.0,0.0,0.0,0.0,0.0,0.0,0.0,0.0,0.0,0.0,0.0,0.0,0.0,0.0,0.0,0.0,0.0,0.0,1.0,0.0,0.0,0.0,0.0,0.0,0.0,0.0,0.0,0.0,0.0,0.0,1.0,0.0,MAc,TRX,MeOH,2.0,2.0,0.0,1.6000000000000003,643,1,3.0,0.3333592588439151,0.6667185176878303,0.232024,0.464048,3.093893946960023,101016jces2024120716,1,1.0075449131529737,0.2218010017810374,0.1109005008905187,0.2218010017810374,0.0,3.087789338234605,3.087789338234605,2,Si-Al-Cs,[2.41106034 2.29202912 1.87860129 1.58339132 1.4709777 ],[78 78 78 78 78],,[  6.65971958  15.89388677  39.97579139  87.99952019 112.1204718 ],[23.22729968 22.08059512 18.09777816 15.25383009 14.1708771 ],,[18.11729375 17.2228642  14.11626697 11.89798747 11.05328414],[36.2345875  34.44572839 28.23253394 23.79597494 22.10656828]
0.0,0.0,0.0,0.0,0.0,0.0,0.0,0.0,0.0,0.0,0.0,1.0,0.0,0.0,0.0,1.0,0.0,0.0,0.0,0.0,0.0,0.0,0.0,0.0,0.0,0.0,0.0,0.0,0.0,1.0,0.0,1.0,0.0,0.0,0.0,0.0,0.0,0.0,0.0,0.0,0.0,0.0,0.0,0.0,0.0,MAc,FORM,"MeOH 
 + H$_2$O",10.0,1.0,0.0,1.06535581986919,653,1,5.0,0.0975797685597774,0.9757976855977746,0.091,0.91,1.0655710726727698,101039c5ra05133a,Cs–La–Sb --SiO2-(V),0.936840605406308,0.194782604283748,0.0194782604283747,0.0194782604283747,0.0,1.063513019389264,1.063513019389264,2,Si-Al-Cs,"[1.01137121 1.03834111 1.05632105 1.07430098 1.12374579 1.05182606
 0.95743142 0.90349162 0.63379263 0.54389296 0.5618729  0.53939798
 0.534903   0.52141805 0.53939798]",,,"[0.9841629  1.50678733 1.98190045 2.48868778 2.99547511 3.47058824
 3.99321267 4.4841629  4.99095023 5.49773756 6.00452489 6.51131222
 6.98642534 8.         8.99773756]",,,"[8.65384615 8.88461538 9.03846154 9.19230769 9.61538462 9.
 8.19230769 7.73076923 5.42307692 4.65384615 4.80769231 4.61538462
 4.57692308 4.46153846 4.61538462]","[86.53846154 88.84615385 90.38461538 91.92307692 96.15384615 90.
 81.92307692 77.30769231 54.23076923 46.53846154 48.07692308 46.15384615
 45.76923077 44.61538462 46.15384615]"
0.0,0.0,0.0,0.0,0.0,0.0,0.0,0.0,0.0,0.0,0.0,1.0,0.0,0.0,0.0,1.0,0.0,0.0,0.0,0.0,0.0,0.0,0.0,0.0,0.0,0.0,0.0,0.0,0.0,1.0,0.0,1.0,0.0,0.0,0.0,0.0,0.0,0.0,0.0,0.0,0.0,0.0,0.0,0.0,0.0,MAc,FORM,"MeOH 
 + H$_2$O",10.0,1.0,0.0,1.06535581986919,653,1,5.0,0.0975797685597774,0.9757976855977746,0.09204,0.9204,1.0777490277890305,101039c5ra05133a,Cs–La–Sb--SiO2-(U),0.936840605406308,0.194782604283748,0.0194782604283747,0.0194782604283747,0.0,1.07566745389657,1.07566745389657,2,Si-Al-Cs,"[1.1057897  1.09250906 1.08985294 1.08719681 1.08454068 1.08188456
 1.08188456 1.08188456 1.08188456 1.08188456 1.07922843 1.07922843
 1.07922843 1.07922843 1.07922843 1.07126005 1.0765723  1.0765723
 1.0659478  1.06860393 1.06329167 1.06329167 1.05797942 1.05797942
 1.05797942 1.04204266 1.05797942 1.03938654 1.00220077 0.96235887
 0.92782923 0.90392409 0.86673832]",,,"[  1.90082519   3.38842849   5.12396568   7.10743676   8.84297395
  10.57851114  19.99999874  21.98346981  23.96694089  25.70247808
  27.68594915  29.66942023  41.0743789   43.30578386  45.28925494
  47.5206599   49.75206485  51.48760204  61.6528913   65.86776733
  79.99999874  83.719007    95.86776733  98.09917229 100.08264337
 100.57851114 102.06611444 103.05784998 104.04958552 104.54545328
 114.71074254 117.19008138 118.92561857]",,,"[9.4617424  9.34810604 9.32537876 9.30265149 9.27992422 9.25719695
 9.25719695 9.25719695 9.25719695 9.25719695 9.23446967 9.23446967
 9.23446967 9.23446967 9.23446967 9.16628786 9.2117424  9.2117424
 9.12083331 9.14356058 9.09810604 9.09810604 9.05265149 9.05265149
 9.05265149 8.91628786 9.05265149 8.89356058 8.57537876 8.23446967
 7.93901513 7.73446967 7.41628786]","[94.61742401 93.48106037 93.25378765 93.02651492 92.79924219 92.57196947
 92.57196947 92.57196947 92.57196947 92.57196947 92.34469674 92.34469674
 92.34469674 92.34469674 92.34469674 91.66287856 92.11742401 92.11742401
 91.2083331  91.43560583 90.98106037 90.98106037 90.52651492 90.52651492
 90.52651492 89.16287856 90.52651492 88.93560583 85.75378765 82.34469674
 79.39015128 77.34469674 74.16287856]"
0.0,0.0,0.0,0.0,0.0,0.0,0.0,0.0,0.0,0.0,0.0,0.0,0.0,0.0,0.0,0.0,0.0,0.0,0.0,0.0,0.0,0.0,0.0,0.0,0.0,0.0,0.0,0.0,0.0,0.0,0.0,1.0,0.0,0.0,0.0,0.0,0.0,0.0,0.0,0.0,0.0,0.0,0.0,0.0,0.0,MAc,TRX,MeOH,0.5,1.0,0.0,3.6,663,1,1.0,,,0.0042,0.0021,,101021acsiecr7b02841,SBA15,1.2324822836367204,0.3730649632640664,0.7461299265281328,0.7461299265281328,0.0,0.0940123707425447,0.0940123707425447,2,Si-Al-Cs,[0.16564084 0.09401237 0.09625076 0.12758822],[88.0952381  82.35294118 53.75       53.27102804],,[1 2 3 4],[0.84 0.51 0.8  1.07],,[0.74 0.42 0.43 0.57],[0.37  0.21  0.215 0.285]
0.0,0.0,0.0,0.0,0.0,0.0,0.0,0.0,0.0,0.0,0.0,0.0,0.0,0.0,0.0,0.0,1.0,0.0,0.0,0.0,0.0,0.0,0.0,0.0,0.0,0.0,0.0,0.0,0.0,0.0,0.0,1.0,0.0,0.0,0.0,0.0,0.0,0.0,0.0,0.0,0.0,0.0,0.0,0.0,0.0,MAc,TRX,MeOH,0.5,1.0,0.0,3.6,663,1,1.0,,,0.0318,0.0159,,101021acsiecr7b02841,Li-SBA15,1.2324822836367204,0.3730649632640664,0.7461299265281328,0.7461299265281328,0.0,0.7118079499078387,0.7118079499078387,2,Si-Al-Cs,[0.69613922 0.71180795 0.64017948 0.69613922],[60.50583658 62.97029703 73.90180879 78.53535354],,[1 2 3 4],[5.14 5.05 3.87 3.96],,[3.11 3.18 2.86 3.11],[1.555 1.59  1.43  1.555]
0.0,0.0,0.0,0.0,0.0,0.0,0.0,0.0,0.0,0.0,0.0,0.0,0.0,0.0,0.0,0.0,0.0,0.0,0.0,0.0,0.0,1.0,0.0,0.0,0.0,0.0,0.0,0.0,0.0,0.0,0.0,1.0,0.0,0.0,0.0,0.0,0.0,0.0,0.0,0.0,0.0,0.0,0.0,0.0,0.0,MAc,TRX,MeOH,0.5,1.0,0.0,3.6,663,1,1.0,,,0.0654,0.0327,,101021acsiecr7b02841,Na-SBA15,1.2324822836367204,0.3730649632640664,0.7461299265281328,0.7461299265281328,0.0,1.4639069158481963,1.4639069158481963,2,Si-Al-Cs,[1.59597191 1.46390692 1.32064997 1.21768404],[93.69250986 94.50867052 96.24796085 92.6746167 ],,[1 2 3 4],[7.61 6.92 6.13 5.87],,[7.13 6.54 5.9  5.44],[3.565 3.27  2.95  2.72 ]
0.0,0.0,0.0,0.0,0.0,0.0,0.0,0.0,0.0,0.0,0.0,0.0,0.0,0.0,1.0,0.0,0.0,0.0,0.0,0.0,0.0,0.0,0.0,0.0,0.0,0.0,0.0,0.0,0.0,0.0,0.0,1.0,0.0,0.0,0.0,0.0,0.0,0.0,0.0,0.0,0.0,0.0,0.0,0.0,0.0,MAc,TRX,MeOH,0.5,1.0,0.0,3.6,663,1,1.0,,,0.1648,0.0824,,101021acsiecr7b02841,K-SBA15,1.2324822836367204,0.3730649632640664,0.7461299265281328,0.7461299265281328,0.0,3.688866356755089,3.688866356755089,2,Si-Al-Cs,[3.8768911  3.68886636 3.49188806 3.21656611],[96.81386249 98.44683393 98.73417722 98.7628866 ],,[1 2 3 4],[17.89 16.74 15.8  14.55],,[17.32 16.48 15.6  14.37],[8.66  8.24  7.8   7.185]
0.0,0.0,0.0,0.0,0.0,0.0,0.0,0.0,0.0,0.0,0.0,0.0,0.0,0.0,0.0,0.0,0.0,0.0,0.0,0.0,0.0,0.0,0.0,0.0,0.0,0.0,0.0,1.0,0.0,0.0,0.0,1.0,0.0,0.0,0.0,0.0,0.0,0.0,0.0,0.0,0.0,0.0,0.0,0.0,0.0,MAc,TRX,MeOH,0.5,1.0,0.0,3.6,663,1,1.0,,,0.1857,0.09285,,101021acsiecr7b02841,Rb-SBA15,1.2324822836367204,0.3730649632640664,0.7461299265281328,0.7461299265281328,0.0,4.156689820688228,4.156689820688228,2,Si-Al-Cs,[4.66032752 4.15668982 3.95075796 3.52098712],[97.70061004 95.47557841 97.29878721 96.03174603],,[1 2 3 4],[21.31 19.45 18.14 16.38],,[20.82 18.57 17.65 15.73],[10.41   9.285  8.825  7.865]
0.0,0.0,0.0,0.0,0.0,0.0,0.0,0.0,0.0,0.0,0.0,1.0,0.0,0.0,0.0,0.0,0.0,0.0,0.0,0.0,0.0,0.0,0.0,0.0,0.0,0.0,0.0,0.0,0.0,0.0,0.0,1.0,0.0,0.0,0.0,0.0,0.0,0.0,0.0,0.0,0.0,0.0,0.0,0.0,0.0,MAc,TRX,MeOH,0.5,1.0,0.0,3.6,663,1,1.0,,,0.2051,0.10255,,101021acsiecr7b02841,Cs-SBA15,1.2324822836367204,0.3730649632640664,0.7461299265281328,0.7461299265281328,0.0,4.590937437927601,4.590937437927601,2,Si-Al-Cs,[5.10576709 4.59093744 4.10744525 3.55008619],[98.31896552 98.84337349 98.54994629 97.1218616 ],,[1 2 3 4],[23.2  20.75 18.62 16.33],,[22.81 20.51 18.35 15.86],[11.405 10.255  9.175  7.93 ]
0.0,0.0,0.0,0.0,0.0,0.0,0.0,0.0,0.0,0.0,0.0,1.0,0.0,0.0,0.0,0.0,0.0,0.0,0.0,0.0,0.0,0.0,0.0,0.0,0.0,0.0,0.0,0.0,0.0,0.0,0.0,1.0,0.0,0.0,0.0,0.0,0.0,0.0,0.0,0.0,0.0,0.0,0.0,0.0,0.0,MAc,TRX,MeOH,0.5,1.0,0.0,1.0,663,1,1.0,,,,,,101021acsiecr7b02841,LHSV-0.5,1.2324822836367204,0.1036291564622406,0.2072583129244813,0.2072583129244813,0.0,,,2,Si-Al-Cs,[1.82819388 1.58003462 1.42668411 1.26325531],,,[1 2 3 4],,,[29.40282357 25.41168064 22.94534607 20.31692225],[14.70141178 12.70584032 11.47267303 10.15846112]
0.0,0.0,0.0,0.0,0.0,0.0,0.0,0.0,0.0,0.0,0.0,1.0,0.0,0.0,0.0,0.0,0.0,0.0,0.0,0.0,0.0,0.0,0.0,0.0,0.0,0.0,0.0,0.0,0.0,0.0,0.0,1.0,0.0,0.0,0.0,0.0,0.0,0.0,0.0,0.0,0.0,0.0,0.0,0.0,0.0,MAc,TRX,MeOH,0.5,1.0,0.0,3.6,663,1,1.0,,,,,,101021acsiecr7b02841,LHSV-1.8,1.2324822836367204,0.3730649632640664,0.7461299265281328,0.7461299265281328,0.0,,,2,Si-Al-Cs,[6.01535064 5.29755555 4.57655542 4.18568715],,,[1 2 3 4],,,[26.87356194 23.66681441 20.4457484  18.69954547],[13.43678097 11.83340721 10.2228742   9.34977273]
0.0,0.0,0.0,0.0,0.0,0.0,0.0,0.0,0.0,0.0,0.0,1.0,0.0,0.0,0.0,0.0,0.0,0.0,0.0,0.0,0.0,0.0,0.0,0.0,0.0,0.0,0.0,0.0,0.0,0.0,0.0,1.0,0.0,0.0,0.0,0.0,0.0,0.0,0.0,0.0,0.0,0.0,0.0,0.0,0.0,MAc,TRX,MeOH,0.5,1.0,0.0,5.4,663,1,1.0,,,,,,101021acsiecr7b02841,LHSV-2.7,1.2324822836367204,0.5595974448960995,1.119194889792199,1.119194889792199,0.0,,,2,Si-Al-Cs,[6.45115183 5.51628099 4.75065062 4.32076606],,,[1 2 3 4],,,[19.21366836 16.42931314 14.14901212 12.86867342],[9.60683418 8.21465657 7.07450606 6.43433671]
0.0,0.0,0.0,0.0,0.0,0.0,0.0,0.0,0.0,0.0,0.0,1.0,0.0,0.0,0.0,0.0,0.0,0.0,0.0,0.0,0.0,0.0,0.0,0.0,0.0,0.0,0.0,0.0,0.0,0.0,0.0,1.0,0.0,0.0,0.0,0.0,0.0,0.0,0.0,0.0,0.0,0.0,0.0,0.0,0.0,MAc,TRX,MeOH,0.5,1.0,0.0,3.6,618,1,1.0,,,,,,101021acsiecr7b02841,LHSV-1.8_T-618,1.2324822836367204,0.3730649632640664,0.7461299265281328,0.7461299265281328,0.0,,,2,Si-Al-Cs,[2.74363645 2.39101089 2.17505335 2.04458337],,,[1 2 3 4],,,[12.25718805 10.68183439  9.71704469  9.13417041],[6.12859403 5.34091719 4.85852235 4.5670852 ]
0.0,0.0,0.0,0.0,0.0,0.0,0.0,0.0,0.0,0.0,0.0,1.0,0.0,0.0,0.0,0.0,0.0,0.0,0.0,0.0,0.0,0.0,0.0,0.0,0.0,0.0,0.0,0.0,0.0,0.0,0.0,1.0,0.0,0.0,0.0,0.0,0.0,0.0,0.0,0.0,0.0,0.0,0.0,0.0,0.0,MAc,TRX,MeOH,0.5,1.0,0.0,3.6,648,1,1.0,,,,,,101021acsiecr7b02841,LHSV-1.8_T-648,1.2324822836367204,0.3730649632640664,0.7461299265281328,0.7461299265281328,0.0,,,2,Si-Al-Cs,[4.83960701 4.35836239 3.74853267 3.62885901],,,[1 2 3 4],,,[21.62093062 19.47097165 16.7465591  16.21191735],[10.81046531  9.73548583  8.37327955  8.10595867]
0.0,0.0,0.0,0.0,0.0,0.0,0.0,0.0,0.0,0.0,0.0,1.0,0.0,0.0,0.0,0.0,0.0,0.0,0.0,0.0,0.0,0.0,0.0,0.0,0.0,0.0,0.0,0.0,0.0,0.0,0.0,1.0,0.0,0.0,0.0,0.0,0.0,0.0,0.0,0.0,0.0,0.0,0.0,0.0,0.0,MAc,TRX,MeOH,0.5,1.0,0.0,3.6,678,1,1.0,,,,,,101021acsiecr7b02841,LHSV-1.8_T-678,1.2324822836367204,0.3730649632640664,0.7461299265281328,0.7461299265281328,0.0,,,2,Si-Al-Cs,[6.3386208  5.45424233 4.39327263 3.86568538],,,[1 2 3 4],,,[28.31777048 24.36681216 19.62693302 17.26993848],[14.15888524 12.18340608  9.81346651  8.63496924]
0.0,0.0,0.0,0.0,0.0,0.0,0.0,0.0,0.0,0.0,0.0,1.0,0.0,0.0,0.0,0.0,0.0,0.0,0.0,0.0,0.0,0.0,0.0,0.0,0.0,0.0,0.0,0.0,0.0,0.0,0.0,1.0,0.0,0.0,0.0,0.0,0.0,0.0,0.0,0.0,0.0,0.0,0.0,0.0,0.0,MAc,TRX,MeOH,0.5,1.0,0.0,3.6,708,1,1.0,,,,,,101021acsiecr7b02841,LHSV-1.8_T-708,1.2324822836367204,0.3730649632640664,0.7461299265281328,0.7461299265281328,0.0,,,2,Si-Al-Cs,[5.85032769 4.29534435 3.56817278 2.84483134],,,[1 2 3 4],,,[26.13632239 19.18943874 15.94080178 12.70927596],[13.0681612   9.59471937  7.97040089  6.35463798]
0.0,0.0,0.0,0.0,0.0,0.0,0.0,0.0,0.0,0.0,0.0,1.0,0.0,0.0,0.0,0.0,0.0,0.0,0.0,0.0,0.0,0.0,0.0,0.0,0.0,0.0,0.0,0.0,0.0,0.0,0.0,1.0,0.0,0.0,0.0,0.0,0.0,0.0,0.0,0.0,0.0,0.0,0.0,0.0,0.0,MAc,TRX,MeOH,1.0,1.3333333333333333,0.0,1.8,663,1,1.0,,,,,,101021acsiecr7b02841,LHSV-0.9_T-663_R_1.5-1.5-2,1.0976967828995543,0.2242791220253805,0.2242791220253805,0.2990388293671741,0.0,,,2,Si-Al-Cs,[3.31284753 2.99142591 2.80429535 2.60100778],,,[1 2 3 4],,,[24.61848655 22.229933   20.83932531 19.32865141],[24.61848655 22.229933   20.83932531 19.32865141]
0.0,0.0,0.0,0.0,0.0,0.0,0.0,0.0,0.0,0.0,0.0,1.0,0.0,0.0,0.0,0.0,0.0,0.0,0.0,0.0,0.0,0.0,0.0,0.0,0.0,0.0,0.0,0.0,0.0,0.0,0.0,1.0,0.0,0.0,0.0,0.0,0.0,0.0,0.0,0.0,0.0,0.0,0.0,0.0,0.0,MAc,TRX,MeOH,2.0,2.0,0.0,1.8,663,1,1.0,,,,,,101021acsiecr7b02841,LHSV-0.9_T-663_R_2-1-2,1.0075449131529737,0.249526127003667,0.1247630635018335,0.249526127003667,0.0,,,2,Si-Al-Cs,[2.27017971 2.17306872 2.14828223 1.89290001],,,[1 2 3 4],,,[15.16327324 14.51463715 14.34908012 12.64329865],[30.32654648 29.0292743  28.69816024 25.2865973 ]
0.0,0.0,0.0,0.0,0.0,0.0,0.0,0.0,0.0,0.0,0.0,1.0,0.0,0.0,0.0,0.0,0.0,0.0,0.0,0.0,0.0,0.0,0.0,0.0,0.0,0.0,0.0,0.0,0.0,0.0,0.0,1.0,0.0,0.0,0.0,0.0,0.0,0.0,0.0,0.0,0.0,0.0,0.0,0.0,0.0,MAc,TRX,MeOH,0.5,1.0,0.0,1.8,663,1,1.0,,,0.31,0.155,,101021acsiecr7b02841,Cs-SBA15-long,1.2324822836367204,0.1865324816320332,0.3730649632640664,0.3730649632640664,0.0,3.469504158355817,3.469504158355817,2,Si-Al-Cs,"[3.19166947 2.95513595 2.33105029 2.23524033 2.0920628  1.96239101
 1.8819635  1.6951684 ]","[92.3054755  92.1037464  92.3054755  93.71757925 91.49855908 91.49855908
 93.11239193 89.88472622]",,[1 2 3 4 5 6 7 8],"[30.89475296 28.66780558 22.56412308 21.31068671 20.42935918 19.16309147
 18.05917863 16.85082738]",,"[28.51754863 26.40412295 20.8279211  19.97185971 18.69256927 17.53395257
 16.81533319 15.14632006]","[14.25877431 13.20206148 10.41396055  9.98592985  9.34628464  8.76697629
  8.40766659  7.57316003]"
0.0,0.0,0.0,0.0,0.0,0.0,0.0,0.0,0.0,0.0,0.0,1.0,0.0,0.0,0.0,0.0,0.0,0.0,0.0,0.0,0.0,0.0,0.0,0.0,0.0,0.0,0.0,0.0,0.0,0.0,0.0,1.0,0.0,0.0,0.0,0.0,0.0,0.0,0.0,0.0,0.0,0.0,0.0,0.0,0.0,MAc,TRX,MeOH,0.5,1.0,0.0,1.8,663,1,1.0,0.3738402621234105,0.1869201310617052,0.19838,0.09919,2.2248729360012653,101007s1056201826098,0.37micrompgCs-ASilica,1.2324822836367204,0.1865324816320332,0.3730649632640664,0.3730649632640664,0.0,2.220258822369765,2.220258822369765,2,Si-Al-Cs,[2.25283518 2.03646387 1.76836654 1.26313565],,,[1.00558675 2.00385958 3.0020151  3.99963286],,,[20.12906958 18.19579311 15.80034498 11.28610986],[10.06453479  9.09789656  7.90017249  5.64305493]
0.0,0.0,0.0,0.0,0.0,0.0,0.0,0.0,0.0,0.0,0.0,1.0,0.0,0.0,0.0,0.0,0.0,0.0,0.0,0.0,0.0,0.0,0.0,0.0,0.0,0.0,0.0,0.0,0.0,0.0,0.0,1.0,0.0,0.0,0.0,0.0,0.0,0.0,0.0,0.0,0.0,0.0,0.0,0.0,0.0,MAc,TRX,MeOH,0.5,1.0,0.0,1.8,663,1,1.0,0.3738402621234105,0.1869201310617052,0.3276,0.1638,3.674102096148879,101007s1056201826098,0.37micrompgCs-BSilica,1.2324822836367204,0.1865324816320332,0.3730649632640664,0.3730649632640664,0.0,3.6664824589592446,3.6664824589592446,2,Si-Al-Cs,[3.58053391 3.67763932 3.68690888 3.51175666],,,[0.99997938 2.00087827 3.00189716 4.01143531],,,[31.99205024 32.85968651 32.94250999 31.37752583],[15.99602512 16.42984325 16.471255   15.68876291]
0.0,0.0,0.0,0.0,0.0,0.0,0.0,0.0,0.0,0.0,0.0,1.0,0.0,0.0,0.0,0.0,0.0,0.0,0.0,0.0,0.0,0.0,0.0,0.0,0.0,0.0,0.0,0.0,0.0,0.0,0.0,1.0,0.0,0.0,0.0,0.0,0.0,0.0,0.0,0.0,0.0,0.0,0.0,0.0,0.0,MAc,TRX,MeOH,0.5,1.0,0.0,1.8,663,1,1.0,0.3738402621234105,0.1869201310617052,0.3185,0.15925,3.572043704589188,101007s1056201826098,0.37micrompgCs-CSilica,1.2324822836367204,0.1865324816320332,0.3730649632640664,0.3730649632640664,0.0,3.5646357239881548,3.5646357239881548,2,Si-Al-Cs,[3.58053391 3.46950416 3.46950416 3.51175666],,,[0.99997938 2.00087827 3.00189716 4.01143531],,,[31.99205024 31.         31.         31.37752583],[15.99602512 15.5        15.5        15.68876291]
0.0,0.0,0.0,0.0,0.0,0.0,0.0,0.0,0.0,0.0,0.0,1.0,0.0,0.0,0.0,0.0,0.0,0.0,0.0,0.0,0.0,0.0,0.0,0.0,0.0,0.0,0.0,0.0,0.0,0.0,0.0,1.0,0.0,0.0,0.0,0.0,0.0,0.0,0.0,0.0,0.0,0.0,0.0,0.0,0.0,MAc,TRX,MeOH,0.5,1.0,0.0,1.8,663,1,1.0,0.3738402621234105,0.1869201310617052,0.239180830464716,0.119590415232358,2.6824627306747333,101007s1056201826098,0.12micrompgCs-BSilica,1.2324822836367204,0.1865324816320332,0.3730649632640664,0.3730649632640664,0.0,2.6768996319236447,2.6768996319236447,2,Si-Al-Cs,[2.67689963 2.4717407  2.26767594 2.01273177],,,[0.99738526 1.99589699 3.00203095 4.00054268],,,[23.91808305 22.08498912 20.26167169 17.98374696],[11.95904152 11.04249456 10.13083584  8.99187348]
0.0,0.0,0.0,0.0,0.0,0.0,0.0,0.0,0.0,0.0,0.0,1.0,0.0,0.0,0.0,0.0,0.0,0.0,0.0,0.0,0.0,0.0,0.0,0.0,0.0,0.0,0.0,0.0,0.0,0.0,0.0,1.0,0.0,0.0,0.0,0.0,0.0,0.0,0.0,0.0,0.0,0.0,0.0,0.0,0.0,MAc,TRX,MeOH,0.5,1.0,0.0,1.8,663,1,1.0,0.3738402621234105,0.1869201310617052,0.308251809760048,0.154125904880024,3.4571081208213608,101007s1056201826098,0.25micrompgCs-BSilica,1.2324822836367204,0.1865324816320332,0.3730649632640664,0.3730649632640664,0.0,3.4499385025264293,3.4499385025264293,2,Si-Al-Cs,[3.4499385  3.52245286 3.49708776 3.40781253],,,[0.99738526 1.9997081  2.99821984 4.00054268],,,[30.82518098 31.47309636 31.24645929 30.44878569],[15.41259049 15.73654818 15.62322965 15.22439284]
0.0,0.0,0.0,0.0,0.0,0.0,0.0,0.0,0.0,0.0,0.0,1.0,0.0,0.0,0.0,0.0,0.0,0.0,0.0,0.0,0.0,0.0,0.0,0.0,0.0,0.0,0.0,0.0,0.0,0.0,0.0,1.0,0.0,0.0,0.0,0.0,0.0,0.0,0.0,0.0,0.0,0.0,0.0,0.0,0.0,MAc,TRX,MeOH,0.5,1.0,0.0,1.8,663,1,1.0,0.3738402621234105,0.1869201310617052,0.143811063582059,0.0719055317910295,1.612870971172902,101007s1056201826098,0.75micrompgCs-BSilica,1.2324822836367204,0.1865324816320332,0.3730649632640664,0.3730649632640664,0.0,1.6095260745662148,1.6095260745662148,2,Si-Al-Cs,[1.60952607 2.16523325 2.35568912 2.41593747],,,[0.98976303 1.9911331  2.98964483 3.98529823],,,[14.38110636 19.34634678 21.04806898 21.58638757],[ 7.19055318  9.67317339 10.52403449 10.79319378]
0.0,0.0,0.0,0.0,0.0,0.0,0.0,0.0,0.0,0.0,0.0,1.0,0.0,0.0,0.0,0.0,0.0,0.0,0.0,0.0,0.0,0.0,0.0,0.0,0.0,0.0,0.0,0.0,0.0,0.0,0.0,1.0,0.0,0.0,0.0,0.0,0.0,0.0,0.0,0.0,0.0,0.0,0.0,0.0,0.0,MAc,TRX,MeOH,0.5,1.0,0.0,1.8,663,1,1.0,0.3738402621234105,0.1869201310617052,0.0876939480611521,0.043846974030576,0.9835058558945357,101007s1056201826098,1.12micrompgCs-BSilica,1.2324822836367204,0.1865324816320332,0.3730649632640664,0.3730649632640664,0.0,0.9814661853574398,0.9814661853574398,2,Si-Al-Cs,[0.98146619 1.33458823 1.39670787 1.47603599],,,[1.02596861 1.99070002 3.00965318 4.00816491],,,[ 8.76939481 11.9245383  12.47957692 13.18837324],[4.3846974  5.96226915 6.23978846 6.59418662]
0.0,0.0,0.0,0.0,0.0,0.0,0.0,0.0,0.0,0.0,0.0,1.0,0.0,0.0,0.0,0.0,0.0,0.0,0.0,0.0,0.0,0.0,0.0,0.0,0.0,0.0,0.0,0.0,0.0,0.0,0.0,1.0,0.0,0.0,0.0,0.0,0.0,0.0,0.0,0.0,0.0,0.0,0.0,0.0,0.0,MAc,TRX,MeOH,0.5,1.0,0.0,1.8,663,1,1.0,0.3738402621234105,0.1869201310617052,0.306704895640425,0.1533524478202125,3.439759157422493,101007s1056201826098,CsSBA15,1.2324822836367204,0.1865324816320332,0.3730649632640664,0.3730649632640664,0.0,3.4326255187501347,3.4326255187501347,2,Si-Al-Cs,[3.43262552 3.18693995 2.91966896 2.43607237],[91.45705168 91.50807536 91.87253025 92.17631772],,[1.01331238 1.95095411 2.98941753 4.02283987],[33.53540159 31.11778964 28.39502246 23.61375823],,[30.67048956 28.4752904  26.0872256  21.76629281],[15.33524478 14.2376452  13.0436128  10.8831464 ]
1.0,0.0,0.0,1.0,0.0,0.0,0.0,0.0,0.0,0.0,0.0,0.0,0.0,0.0,0.0,1.0,0.0,0.0,0.0,0.0,0.0,0.0,0.0,0.0,0.0,0.0,0.0,0.0,0.0,0.0,0.0,0.0,0.0,0.0,0.0,0.0,0.0,0.0,0.0,0.0,0.0,0.0,0.0,0.0,0.0,MAc,TRX,MeOH,0.5,1.0,0.0,7.199999999999999,663,1,0.5,,,0.41,0.205,,101021acsenergyfuels1c03082,MAc_1,1.2324822836367204,0.7461299265281326,1.4922598530562652,1.4922598530562652,0.0,18.35479619259206,18.35479619259206,2,Si-Al-Cs,"[18.32464876 15.42172724 14.54328748 13.17981735 13.18359375 11.98734611
 12.23653704 10.23812371 10.08693401  9.58638944]",,,[ 1.  2.  3.  4.  5.  6.  7.  8.  9. 10.],,,"[40.93265822 34.44826138 32.4860478  29.44039835 29.44883387 26.77671739
 27.33334728 22.86939434 22.53167455 21.41358383]","[20.46632911 17.22413069 16.2430239  14.72019917 14.72441694 13.3883587
 13.66667364 11.43469717 11.26583728 10.70679191]"
1.0,0.0,0.0,1.0,0.0,0.0,0.0,0.0,0.0,0.0,0.0,0.0,0.0,0.0,0.0,1.0,0.0,0.0,0.0,0.0,0.0,0.0,0.0,0.0,0.0,0.0,0.0,0.0,0.0,0.0,0.0,0.0,0.0,0.0,0.0,0.0,0.0,0.0,0.0,0.0,0.0,0.0,0.0,0.0,0.0,MAc,TRX,MeOH,1.0,1.0,0.0,7.199999999999999,663,1,0.5,,,0.27,0.27,,101021acsenergyfuels1c03082,MAc_2,1.1322913303150273,0.9979798724774384,0.9979798724774384,0.9979798724774384,0.0,16.167273934134503,16.167273934134503,2,Si-Al-Cs,"[16.36224918 13.97157864 12.55553015 12.6890842  11.7560078  10.60848007
 10.81911711 10.55198603 10.21325794  9.49019592]",,,[ 1.  2.  3.  4.  5.  6.  7.  8.  9. 10.],,,"[27.32561652 23.33310024 20.96824211 21.19128276 19.63300751 17.71658988
 18.06836224 17.62224257 17.05655298 15.84901022]","[27.32561652 23.33310024 20.96824211 21.19128276 19.63300751 17.71658988
 18.06836224 17.62224257 17.05655298 15.84901022]"
1.0,0.0,0.0,1.0,0.0,0.0,0.0,0.0,0.0,0.0,0.0,0.0,0.0,0.0,0.0,1.0,0.0,0.0,0.0,0.0,0.0,0.0,0.0,0.0,0.0,0.0,0.0,0.0,0.0,0.0,0.0,0.0,0.0,0.0,0.0,0.0,0.0,0.0,0.0,0.0,0.0,0.0,0.0,0.0,0.0,MAc,TRX,MeOH,2.0,1.0,0.0,7.199999999999999,663,1,0.5,,,0.44,0.88,,101021acsenergyfuels1c03082,MAc_4,1.0516820460401357,1.2006073873834966,0.6003036936917483,0.6003036936917483,0.0,31.696035026924307,31.696035026924307,2,Si-Al-Cs,"[31.89676607 25.94949998 25.30535139 22.59197024 20.16285179 20.80309554
 18.07760245 17.43671412 17.4397308  16.79200462]",,,[ 1.  2.  3.  4.  5.  6.  7.  8.  9. 10.],,,"[44.27865208 36.02273906 35.12854084 31.36186245 27.98979361 28.87857118
 25.09507915 24.20540679 24.2095945  23.31042992]","[88.55730416 72.04547812 70.25708169 62.72372489 55.97958722 57.75714236
 50.19015831 48.41081357 48.419189   46.62085984]"
1.0,0.0,0.0,1.0,0.0,0.0,0.0,0.0,0.0,0.0,0.0,0.0,0.0,0.0,0.0,1.0,0.0,0.0,0.0,0.0,0.0,0.0,0.0,0.0,0.0,0.0,0.0,0.0,0.0,0.0,0.0,0.0,0.0,0.0,0.0,0.0,0.0,0.0,0.0,0.0,0.0,0.0,0.0,0.0,0.0,MAc,TRX,MeOH,3.0,1.0,0.0,7.199999999999999,663,1,0.5,,,0.56,1.6800000000000002,,101021acsenergyfuels1c03082,MeOH_2,1.0170101431366445,1.287762131227153,0.4292540437423843,0.4292540437423843,0.0,43.26880760923235,43.26880760923235,2,Si-Al-Cs,"[43.26214922 37.19152561 33.82308248 30.4673839  30.61670594 28.05160865
 27.63368381 27.45225316 24.71150349 24.83379563]",,,[ 1.  2.  3.  4.  5.  6.  7.  8.  9. 10.],,,"[55.99138248 48.13456966 43.77501307 39.43195093 39.62520872 36.30537033
 35.76447743 35.52966356 31.98248974 32.14076449]","[167.97414745 144.40370898 131.32503922 118.2958528  118.87562615
 108.916111   107.2934323  106.58899068  95.94746922  96.42229347]"
1.0,0.0,0.0,1.0,0.0,0.0,0.0,0.0,0.0,0.0,0.0,0.0,0.0,0.0,0.0,1.0,0.0,0.0,0.0,0.0,0.0,0.0,0.0,0.0,0.0,0.0,0.0,0.0,0.0,0.0,0.0,0.0,0.0,0.0,0.0,0.0,0.0,0.0,0.0,0.0,0.0,0.0,0.0,0.0,0.0,MAc,TRX,MeOH,3.0,3.0,0.0,7.199999999999999,663,1,0.5,,,0.6,1.7999999999999998,,101021acsenergyfuels1c03082,MeOH_6,0.9659558496734032,0.9981460601120156,0.3327153533706719,0.9981460601120156,0.0,35.93325816403256,35.93325816403256,2,Si-Al-Cs,"[35.99495174 32.96105858 31.59775987 31.72976209 29.7070954  26.67972435
 28.69595255 25.31503776 27.24482665 26.98080081]",,,[ 1.  2.  3.  4.  5.  6.  7.  8.  9. 10.],,,"[60.10301361 55.03713317 52.76074837 52.98116071 49.6037881  44.54879805
 47.9154199  42.27009581 45.49238456 45.05152416]","[180.30904083 165.11139952 158.28224512 158.94348212 148.8113643
 133.64639414 143.74625969 126.81028744 136.47715367 135.15457249]"
1.0,0.0,0.0,1.0,0.0,0.0,0.0,0.0,0.0,0.0,0.0,0.0,0.0,0.0,0.0,1.0,0.0,0.0,0.0,0.0,0.0,0.0,0.0,0.0,0.0,0.0,0.0,0.0,0.0,0.0,0.0,0.0,0.0,0.0,0.0,0.0,0.0,0.0,0.0,0.0,0.0,0.0,0.0,0.0,0.0,MAc,TRX,MeOH,3.0,4.0,0.0,7.199999999999999,663,1,0.5,,,0.63,1.89,,101021acsenergyfuels1c03082,MeOH_8,0.9481697603586609,0.8972507786691845,0.2990835928897281,1.1963343715589123,0.0,33.91607943369517,33.91607943369517,2,Si-Al-Cs,"[33.86979568 32.44508665 31.5620179  30.60827314 30.03867353 29.64247025
 28.84801506 28.8305145  28.43063099 29.0839692 ]",,,[ 1.  2.  3.  4.  5.  6.  7.  8.  9. 10.],,,"[62.91402673 60.26759262 58.62726945 56.85566374 55.79761764 55.06165975
 53.58593856 53.55343082 52.81063679 54.02422951]","[188.74208019 180.80277787 175.88180835 170.56699123 167.39285292
 165.18497926 160.75781567 160.66029245 158.43191037 162.07268854]"
1.0,0.0,0.0,1.0,0.0,0.0,0.0,0.0,0.0,0.0,0.0,0.0,0.0,0.0,0.0,1.0,0.0,0.0,0.0,0.0,0.0,0.0,0.0,0.0,0.0,0.0,0.0,0.0,0.0,0.0,0.0,0.0,0.0,0.0,0.0,0.0,0.0,0.0,0.0,0.0,0.0,0.0,0.0,0.0,0.0,MAc,TRX,MeOH,3.0,5.0,0.0,7.199999999999999,663,1,0.5,,,0.51,1.53,,101021acsenergyfuels1c03082,MeOH_10,0.9336493034079194,0.8148804742814045,0.2716268247604682,1.358134123802341,0.0,24.93534251301098,24.93534251301098,2,Si-Al-Cs,"[24.75521039 24.3262243  21.8079355  21.72945532 20.62692073 21.18453665
 21.07007404 20.05813318 20.48334277 19.55216942]",,,[ 1.  2.  3.  4.  5.  6.  7.  8.  9. 10.],,,"[50.63157762 49.75417678 44.60354656 44.44303184 42.18802917 43.32851527
 43.09440608 41.02469384 41.89437065 39.98985135]","[151.89473286 149.26253034 133.81063967 133.32909551 126.56408751
 129.98554582 129.28321824 123.07408152 125.68311194 119.96955404]"
1.0,0.0,0.0,0.0,0.0,0.0,0.0,0.0,0.0,0.0,0.0,0.0,0.0,0.0,0.0,0.0,0.0,0.0,0.0,0.0,0.0,0.0,0.0,0.0,0.0,0.0,0.0,0.0,0.0,0.0,0.0,1.0,0.0,0.0,0.0,0.0,0.0,0.0,0.0,0.0,0.0,0.0,0.0,0.0,0.0,MAc,TRX,,5.0,0.0,0.0,1.3894954146651315,563,1,0.5,0.0291353461695343,0.1456767308476717,0.0607049999999999,0.303525,1.06119671353295,101039d2cy00447j,N-HZSM5,1.0053234973701344,0.2907067381421045,0.0581413476284209,0.0,0.0,1.0588411523349874,1.0588411523349874,2,Si-Al-Cs,"[1.08342349 1.23631075 1.1372513  1.05116569 1.00977547 0.95770558
 0.90816549 0.87652777 0.83608875 0.80985201 0.76972696 0.76394847
 0.76104807 0.74065249 0.72927391 0.7116636 ]",,,"[ 0.96390282  1.93530505  2.94865401  3.98710101  5.          6.
  7.          7.98665104  9.00034997 10.         11.         12.
 13.         14.         15.         16.        ]",,,,
1.0,0.0,0.0,0.0,0.0,0.0,0.0,0.0,0.0,0.0,0.0,0.0,0.0,0.0,0.0,0.0,0.0,0.0,0.0,0.0,0.0,0.0,0.0,0.0,0.0,0.0,0.0,0.0,0.0,0.0,0.0,1.0,0.0,0.0,0.0,0.0,0.0,0.0,0.0,0.0,0.0,0.0,0.0,0.0,0.0,MAc,TRX,,5.0,0.0,0.0,1.3894954146651315,563,1,0.5,0.0291353461695343,0.1456767308476717,,,,101039d2cy00447j,M-HZSM5,1.0053234973701344,0.2907067381421045,0.0581413476284209,0.0,0.0,,,2,Si-Al-Cs,"[0.17506033 0.14017577 0.12849585 0.11964964 0.11062499 0.11290078
 0.09587682 0.10003126 0.08961999 0.08940231 0.09792707 0.08612362
 0.11287852 0.09713802 0.09153006 0.08533252]",,,"[ 0.99286925  1.99425907  2.99472441  3.99507684  4.99543639  5.99534572
  6.99602397  7.99585845  8.99627324  9.99628192 10.99594229 11.99641254
 12.99534661 13.99597372 14.99619715 15.99644406]",,,,
0.0,0.0,1.0,0.0,0.0,0.0,0.0,0.0,0.0,0.0,0.0,1.0,0.0,0.0,0.0,0.0,0.0,0.0,0.0,0.0,0.0,0.0,0.0,0.0,0.0,0.0,0.0,0.0,0.0,0.0,0.0,1.0,0.0,0.0,0.0,0.0,0.0,0.0,0.0,0.0,0.0,0.0,0.0,0.0,0.0,HAc,TRX,,3.0,0.0,0.0,2.6666666666666665,673,1,3.0,0.7763900453325934,2.32917013599778,0.1207461333333333,0.3622384,5.6247657559441215,101002jctb7032,1,1.224814764103612,0.776994172679679,0.2589980575598929,0.0,0.0,5.629142518416213,5.629142518416212,2,Si-Al-Cs,[3.17196772 3.10384775 3.11684454 3.1567013  3.15517843 3.12337901],,[96.53785262 95.75905184 96.42423813 96.85911284 96.54859214 96.62639226],[ 2  4  6  8 10 12],,[21.14381585 20.85800733 20.80085413 20.97226056 21.02956172 20.80085398],[6.8039286  6.65781002 6.68568837 6.77118184 6.76791526 6.69970492],[20.41178579 19.97343005 20.05706512 20.31354552 20.30374577 20.09911476]
0.0,0.0,0.0,0.0,0.0,0.0,0.0,0.0,0.0,0.0,0.0,0.0,0.0,0.0,0.0,0.0,0.0,0.0,0.0,0.0,0.0,0.0,0.0,0.0,0.0,0.0,0.0,0.0,0.0,0.0,0.0,1.0,0.0,0.0,0.0,0.0,0.0,1.0,0.0,0.0,0.0,0.0,0.0,0.0,0.0,MAc,TRX,MeOH,1.0,2.0,0.0,0.4580429938806394,633,5,5.0,,,,,,101021acssuschemeng3c07406,TS-1,1.0459585698760263,0.0474754736529249,0.0474754736529249,0.0949509473058499,0.0,,,2,Si-Al-Cs,[0.21544892 0.19589694 0.16291094 0.11002892 0.09302815],[70.7207989  68.66168339 64.28480077 47.91409725 42.9729068 ],,[ 7.94287556 14.89294909 19.90881133 23.97910419 27.96288331],[10.69489685 10.01596168  8.89654513  8.06163246  7.59974647],,[7.56351649 6.8771279  5.71912631 3.86265841 3.26583197],[7.56351649 6.8771279  5.71912631 3.86265841 3.26583197]
0.0,0.0,0.0,0.0,0.0,0.0,0.0,0.0,0.0,0.0,0.0,1.0,0.0,0.0,0.0,0.0,0.0,0.0,0.0,0.0,0.0,0.0,0.0,0.0,0.0,0.0,0.0,0.0,0.0,0.0,0.0,0.0,0.0,0.0,0.0,0.0,0.0,0.0,0.0,0.0,0.0,0.0,0.0,0.0,0.0,MAc,TRX,MeOH,1.0,2.0,0.0,0.4580429938806394,633,5,5.0,,,,,,101021acssuschemeng3c07406,CsOx,1.0459585698760263,0.0474754736529249,0.0474754736529249,0.0949509473058499,0.0,,,0,Al2O3-Ba-Cs,[0.13555093 0.14130093 0.16272411 0.10166536 0.07563355],[63.6095526  55.7369244  53.18195897 40.11510876 34.14413902],,[ 7.93745392 14.89579336 19.93803152 23.92930264 27.99181579],[ 7.48099891  8.89982476 10.74155167  8.89701825  7.77638561],,[4.75862994 4.9604886  5.7125676  3.56904855 2.65517991],[4.75862994 4.9604886  5.7125676  3.56904855 2.65517991]
0.0,0.0,0.0,0.0,0.0,0.0,0.0,0.0,0.0,0.0,0.0,1.0,0.0,0.0,0.0,0.0,0.0,0.0,0.0,0.0,0.0,0.0,0.0,0.0,0.0,0.0,0.0,0.0,0.0,0.0,0.0,1.0,0.0,0.0,0.0,0.0,0.0,0.0,0.0,0.0,0.0,0.0,0.0,0.0,0.0,MAc,TRX,MeOH,1.0,2.0,0.0,0.4580429938806394,633,5,5.0,,,,,,101021acssuschemeng3c07406,Cs_SiO2,1.0459585698760263,0.0474754736529249,0.0474754736529249,0.0949509473058499,0.0,,,2,Si-Al-Cs,[0.35039317 0.46829015 0.48121349 0.44780763 0.44753827],[65.37265702 74.65519784 74.98148919 70.12897662 69.93728325],,[ 7.9499443  14.92920812 19.94178865 23.88298508 27.89867443],[18.8165038  22.02086694 22.53010305 22.41679049 22.46471227],,[12.30084849 16.43972178 16.89340678 15.72066576 15.71120945],[12.30084849 16.43972178 16.89340678 15.72066576 15.71120945]
0.0,0.0,0.0,0.0,0.0,0.0,0.0,0.0,0.0,0.0,0.0,1.0,0.0,0.0,0.0,0.0,0.0,0.0,0.0,0.0,0.0,0.0,0.0,0.0,0.0,0.0,0.0,0.0,0.0,0.0,0.0,1.0,0.0,0.0,0.0,0.0,0.0,0.0,0.0,0.0,0.0,0.0,0.0,0.0,0.0,MAc,TRX,MeOH,1.0,2.0,0.0,0.4580429938806394,633,5,5.0,,,,,,101021acssuschemeng3c07406,Cs_S1,1.0459585698760263,0.0474754736529249,0.0474754736529249,0.0949509473058499,0.0,,,2,Si-Al-Cs,[0.44014448 0.59678548 0.75639502 0.73966204 0.74276338],[69.58906797 69.96628897 73.11534213 71.30265733 70.69586502],,[ 7.91244223 14.92317171 19.87768123 23.93460473 27.9135513 ],[22.20412595 29.9439336  36.3178046  36.41724252 36.88382193],,[15.4516443  20.95065911 26.55388709 25.96646164 26.07533697],[15.4516443  20.95065911 26.55388709 25.96646164 26.07533697]
0.0,0.0,0.0,0.0,0.0,0.0,0.0,0.0,0.0,0.0,0.0,1.0,0.0,0.0,0.0,0.0,0.0,0.0,0.0,0.0,0.0,0.0,0.0,0.0,0.0,0.0,0.0,0.0,0.0,0.0,0.0,1.0,0.0,0.0,0.0,0.0,0.0,1.0,0.0,0.0,0.0,0.0,0.0,0.0,0.0,MAc,TRX,MeOH,1.0,2.0,0.0,0.4580429938806394,633,5,5.0,,,,,,101021acssuschemeng3c07406,Cs_TS1,1.0459585698760263,0.0474754736529249,0.0474754736529249,0.0949509473058499,0.0,,,2,Si-Al-Cs,[1.04961859 1.10607307 1.1542525  1.15528704 1.16487315],[80.3355079  80.4378494  81.57012299 81.6577423  81.52109774],,[ 7.94708407 14.76580567 19.89028558 23.75492644 27.92227085],[45.86732502 48.2728358  49.67628954 49.66746279 50.16352631],,[36.84774851 38.82963096 40.52101048 40.55732877 40.89385732],[36.84774851 38.82963096 40.52101048 40.55732877 40.89385732]
0.0,0.0,0.0,0.0,0.0,0.0,0.0,0.0,0.0,0.0,0.0,1.0,0.0,0.0,0.0,0.0,0.0,0.0,0.0,0.0,0.0,0.0,0.0,0.0,0.0,0.0,0.0,0.0,0.0,0.0,0.0,1.0,0.0,0.0,0.0,0.0,0.0,0.0,0.0,0.0,0.0,0.0,0.0,0.0,0.0,EAc,TRX,EtOH,2.5,4.0,0.0,20.0,663,1,0.3,,,,,,101039d1re00020a,1,0.9090864348437852,1.743207954799378,0.6972831819197511,0.0,0.0,,,2,Si-Al-Cs,[27.26825641 25.92568001 23.66954002 22.01245829 20.23882569 19.15704007],,,[2 3 4 5 6 7],,,[26.07095378 24.78732761 22.63025089 21.04592879 19.35017337 18.31588711],[65.17738446 61.96831904 56.57562722 52.61482197 48.37543342 45.78971778]
