Al,B,Ba,Bi,Ca,Ce,Co,Cr,Cs,Cu,Fe,K,La,Li,Mg,Mn,Mo,Na,Nb,Nd,Ni,P,Rb,S,Sb,Si,Siloxane,Sn,Sr,Te,Ti,V,W,Zn,Zr,Ac_source,Fa_source,Stabilizer,Ratio_Ac/Fa,Ratio_Stab/Fa,O_Percentage,LHSV__ml/h/g_,Temperature__K_,STY_MA+AA_(mmol/h/g),reactant_score
1,0,0,0,0,0,0,0,0,0,0,0,0,0,0,0,0,0,0,0,0,0,0,0,0,0,0,0,0,0,0,0,0,0,0,0.6882405582207655,-0.19415732811789355,0.0,5.0,0.0,21.0,1.0,623.0,0.5955842332613392,0.541174243830989
1,0,0,0,0,0,0,0,0,0,0,0,0,0,0,0,0,0,0,0,0,0,0,0,0,0,0,0,0,0,0,0,0,0,0,0.6882405582207655,-0.19415732811789355,-0.6091274051547718,1.0,2.0,0.0,3.08,633.0,0.6996076572598475,-0.18104289505166793
1,0,0,0,0,0,0,0,0,0,0,0,0,0,0,0,0,0,0,0,0,0,0,0,0,0,0,0,0,0,0,0,0,0,0,0.9186463934840646,-0.6734772969998087,0.0,2.5,0.0,3.0,1.333333333333333,633.0,0.771274570811601,0.4637539104886722
1,0,0,0,0,0,0,0,0,0,0,0,0,0,0,0,0,0,0,0,0,0,0,0,0,0,0,0,0,0,0,0,0,0,0,0.9186463934840646,-0.6734772969998087,0.0,2.5,0.0,3.0,1.333333333333333,633.0,0.6732217411871608,0.4637539104886722
1,0,0,0,0,0,0,0,0,0,0,0,0,0,0,0,0,0,0,0,0,0,0,0,0,0,0,0,0,0,0,0,0,0,0,0.6882405582207655,-0.19415732811789355,-0.6091274051547718,0.5,1.0,0.0,7.199999999999999,663.0,13.29038020513888,-0.18366578166491304
1,0,0,0,0,0,0,0,0,0,0,0,0,0,0,0,0,0,0,0,0,0,0,0,0,0,0,0,0,0,0,0,0,0,0,0.6882405582207655,-0.19415732811789355,-0.6091274051547718,0.5,1.0,0.0,7.199999999999999,663.0,3.236708989464488,-0.18366578166491304
1,0,0,0,0,0,0,0,0,0,0,0,0,0,0,0,0,0,0,0,0,0,0,0,0,0,0,0,0,0,0,0,0,0,0,0.6882405582207655,-0.19415732811789355,-0.6091274051547718,0.5,1.0,0.0,7.199999999999999,663.0,6.477051706276816,-0.18366578166491304
1,0,0,0,0,0,0,0,0,0,0,0,0,0,0,0,0,0,0,0,0,0,0,0,0,0,0,0,0,0,0,0,0,0,0,0.6882405582207655,-0.19415732811789355,-0.6091274051547718,0.5,1.0,0.0,7.199999999999999,663.0,6.838899172791308,-0.18366578166491304
1,0,0,0,0,0,0,0,0,0,0,0,0,0,0,0,0,0,0,0,0,0,0,0,0,0,0,0,0,0,0,0,0,0,0,0.6882405582207655,-0.19415732811789355,-0.6091274051547718,0.5,1.0,0.0,7.199999999999999,663.0,11.07093542974365,-0.18366578166491304
1,0,0,0,0,0,0,0,0,0,0,0,0,0,0,0,0,0,0,0,0,0,0,0,0,0,0,0,0,0,0,0,0,0,0,0.6882405582207655,-0.19415732811789355,-0.6091274051547718,0.5,1.0,0.0,7.199999999999999,663.0,12.03544330602205,-0.18366578166491304
1,0,0,0,0,0,0,0,0,0,0,0,0,0,0,0,0,0,0,0,0,0,0,0,0,0,0,0,0,0,0,0,0,0,0,0.6882405582207655,-0.19415732811789355,-0.6091274051547718,0.5,1.0,0.0,7.199999999999999,663.0,12.52299082227291,-0.18366578166491304
1,0,0,0,0,0,0,0,0,0,0,0,0,0,0,0,0,0,0,0,0,0,0,0,0,0,0,0,0,0,0,0,0,0,0,0.6882405582207655,-0.19415732811789355,-0.6091274051547718,0.5,1.0,0.0,7.199999999999999,663.0,13.17401120834511,-0.18366578166491304
1,0,0,0,0,0,0,0,0,0,0,0,0,0,0,0,0,0,0,0,0,0,0,0,0,0,0,0,0,0,0,0,0,0,0,0.6882405582207655,-0.19415732811789355,-0.6091274051547718,0.5,1.0,0.0,7.199999999999999,663.0,14.5255783384156,-0.18366578166491304
1,0,0,0,0,0,0,0,0,0,0,0,0,0,0,0,0,0,0,0,0,0,0,0,0,0,0,0,0,0,0,0,0,0,0,0.6882405582207655,-0.19415732811789355,-0.6091274051547718,0.5,1.0,0.0,7.199999999999999,663.0,16.17609804930094,-0.18366578166491304
1,0,0,0,0,0,0,0,0,0,0,0,0,0,0,0,0,0,0,0,0,0,0,0,0,0,0,0,0,0,0,0,0,0,0,0.6882405582207655,-0.19415732811789355,-0.6091274051547718,0.5,1.0,100.0,7.199999999999999,683.0,17.82231112036662,-0.18366578166491304
1,0,0,0,0,0,0,0,0,0,0,0,0,0,0,0,0,0,0,0,0,0,0,0,0,0,0,0,0,0,0,0,0,0,0,0.6882405582207655,-0.19415732811789355,-0.6091274051547718,0.5,0.0,0.0,7.2,663.0,13.33927851142462,0.09997530066165947
1,0,0,0,0,0,0,0,0,0,0,0,0,0,0,0,0,0,0,0,0,0,0,0,0,0,0,0,0,0,0,0,0,0,0,0.6882405582207655,-0.19415732811789355,-0.6091274051547718,0.5,0.0,0.0,7.2,663.0,16.22015138578957,0.09997530066165947
1,0,0,0,0,0,0,0,0,0,0,0,0,0,0,0,0,0,0,0,0,0,0,0,0,0,0,0,0,0,0,0,0,0,0,0.6882405582207655,-0.19415732811789355,-0.6091274051547718,0.5,0.0,0.0,7.2,663.0,11.86156272330321,0.09997530066165947
1,0,0,0,0,0,0,0,0,0,0,0,0,0,0,0,0,0,0,0,0,0,0,0,0,0,0,0,0,0,0,0,0,0,0,0.6882405582207655,-0.19415732811789355,-0.6091274051547718,0.5,0.0,0.0,7.2,663.0,14.56074923027617,0.09997530066165947
1,0,0,0,0,0,0,0,0,0,0,0,0,0,0,0,0,0,0,0,0,0,0,0,0,0,0,0,0,0,0,0,0,0,0,0.6882405582207655,-0.19415732811789355,-0.6091274051547718,0.5,0.0,0.0,7.2,663.0,15.50390335078208,0.09997530066165947
1,0,0,0,0,0,0,0,0,0,0,0,0,0,0,0,0,0,0,0,0,0,0,0,0,0,0,0,0,0,0,0,0,0,0,0.6882405582207655,-0.19415732811789355,-0.6091274051547718,0.5,0.0,0.0,7.2,663.0,16.61322199099661,0.09997530066165947
1,0,0,0,0,0,0,0,0,0,0,0,0,0,0,0,0,0,0,0,0,0,0,0,0,0,0,0,0,0,0,0,0,0,0,0.6882405582207655,-0.19415732811789355,-0.6091274051547718,0.5,0.0,0.0,7.2,663.0,16.94034717396508,0.09997530066165947
1,0,0,0,0,0,0,0,0,0,0,0,0,0,0,0,0,0,0,0,0,0,0,0,0,0,0,0,0,0,0,0,0,0,0,0.6882405582207655,-0.19415732811789355,-0.6091274051547718,0.5,1.0,0.0,7.2,663.0,12.9917380612777,-0.18366578166491304
1,0,0,0,0,0,0,0,0,0,0,0,0,0,0,0,0,0,0,0,0,0,0,0,0,0,0,0,0,0,0,0,0,0,0,0.6882405582207655,-0.19415732811789355,-0.6091274051547718,0.5,1.0,0.0,7.2,663.0,11.9741669991213,-0.18366578166491304
1,0,0,0,0,0,0,0,0,0,0,0,0,0,0,0,0,0,0,0,0,0,0,0,0,0,0,0,0,0,0,0,0,0,0,0.6882405582207655,-0.19415732811789355,-0.6091274051547718,0.5,1.0,0.0,7.2,663.0,16.57934578273182,-0.18366578166491304
1,0,0,0,0,0,0,0,0,0,0,0,0,0,0,0,0,0,0,0,0,0,0,0,0,0,0,0,0,0,0,0,0,0,0,0.6882405582207655,-0.19415732811789355,-0.6091274051547718,0.5,1.0,0.0,7.2,663.0,17.10723081280191,-0.18366578166491304
1,0,0,0,0,0,0,0,0,0,0,0,0,0,0,0,0,0,0,0,0,0,0,0,0,0,0,0,0,0,0,0,0,0,0,0.6882405582207655,-0.19415732811789355,0.0,5.0,0.0,21.0,1.2,623.0,1.037342752224622,0.541174243830989
1,0,0,0,0,0,0,0,0,0,0,0,0,0,0,0,0,0,0,0,0,0,0,0,0,0,0,0,0,0,0,0,0,0,0,0.6882405582207655,-0.19415732811789355,0.0,5.0,0.0,21.0,1.2,623.0,0.6083303095464363,0.541174243830989
1,0,0,0,0,0,0,0,0,0,0,0,0,0,0,0,0,0,0,0,0,0,0,0,0,0,0,0,0,0,0,0,0,0,0,0.6882405582207655,-0.19415732811789355,0.0,5.0,0.0,21.0,1.2,623.0,1.035357229892009,0.541174243830989
1,0,0,0,0,0,0,0,0,0,0,0,0,0,0,0,0,0,0,0,0,0,0,0,0,0,0,0,0,0,0,0,0,0,0,0.6882405582207655,-0.19415732811789355,-0.6091274051547718,0.5,0.0,0.0,1.714285714285714,643.0,2.264403873433229,0.09997530066165947
1,0,0,0,0,0,0,0,0,0,0,0,0,0,0,0,0,0,0,0,0,0,0,0,0,0,0,0,0,0,0,0,0,0,0,0.6882405582207655,-0.19415732811789355,-0.6091274051547718,0.5,0.0,0.0,1.714285714285714,663.0,2.403258827936211,0.09997530066165947
1,0,0,0,0,0,0,0,0,0,0,0,0,0,0,0,0,0,0,0,0,0,0,0,0,0,0,0,0,0,0,0,0,0,0,0.6882405582207655,-0.19415732811789355,-0.6091274051547718,0.5,0.0,0.0,1.714285714285714,663.0,1.506042198840025,0.09997530066165947
1,0,0,0,0,0,0,0,0,0,0,0,0,0,0,0,0,0,0,0,0,0,0,0,0,0,0,0,0,0,0,0,0,0,0,0.6882405582207655,-0.19415732811789355,-0.6091274051547718,0.5,0.0,0.0,1.714285714285714,663.0,1.185607688448531,0.09997530066165947
1,0,0,0,0,0,0,0,0,0,0,0,0,0,0,0,0,0,0,0,0,0,0,0,0,1,0,0,0,0,0,0,0,0,0,0.6882405582207655,-0.19415732811789355,-0.6091274051547718,1.0,2.0,0.0,1.2,628.0,0.3794963157532329,-0.18104289505166793
1,0,0,0,0,0,0,0,0,0,0,0,0,0,0,0,0,0,0,0,0,1,0,0,0,0,0,0,0,0,0,0,0,0,0,0.6882405582207655,-0.19415732811789355,-0.6091274051547718,0.5,0.0,0.0,1.714285714285714,663.0,0.0,0.09997530066165947
0,1,0,0,0,0,0,0,0,0,0,0,0,0,0,0,0,0,0,0,0,0,0,0,0,1,0,0,0,0,0,0,0,0,0,0.9186463934840646,-0.19415732811789355,0.0,3.0,0.0,100.0,2.666666666666667,673.0,3.702138292163938,0.6404454630835751
0,1,0,0,0,0,0,0,1,0,0,0,0,0,0,0,0,0,0,0,0,0,0,0,0,1,0,0,0,0,0,0,0,0,0,0.9186463934840646,-0.19415732811789355,0.0,3.0,0.0,100.0,2.666666666666667,673.0,5.624765755944122,0.6404454630835751
0,1,0,0,0,0,0,0,0,0,0,0,0,0,0,0,0,0,0,0,0,0,0,0,0,1,0,0,0,0,0,0,1,0,0,0.9186463934840646,-0.19415732811789355,0.0,3.0,0.0,100.0,2.666666666666667,673.0,5.479437961698586,0.6404454630835751
0,1,0,1,0,0,0,0,0,0,0,0,0,0,0,0,0,0,0,0,0,0,0,0,0,1,0,0,0,0,0,0,0,0,0,0.9186463934840646,-0.19415732811789355,0.0,3.0,0.0,100.0,2.666666666666667,673.0,4.441654779239522,0.6404454630835751
1,0,0,0,0,0,0,0,0,0,0,0,0,0,0,0,0,0,0,0,0,0,0,0,0,1,0,0,0,0,0,0,0,0,0,0.6882405582207655,-0.19415732811789355,-0.6091274051547718,1.0,2.0,0.0,2.0,633.0,0.2861124139451171,-0.18104289505166793
1,0,0,0,0,0,0,0,0,0,0,0,0,0,0,0,0,0,0,0,0,1,0,0,0,1,0,0,0,0,0,0,0,0,0,0.6882405582207655,-0.19415732811789355,0.0,5.0,0.0,21.0,1.2,623.0,0.2759276079913607,0.541174243830989
1,0,0,0,0,0,0,0,1,0,0,0,0,0,0,0,0,0,0,0,0,0,0,0,0,1,0,0,0,0,0,0,0,0,0,0.6882405582207655,-0.19415732811789355,0.0,5.0,0.0,21.0,1.2,623.0,0.08603980431965444,0.541174243830989
1,0,0,0,0,0,0,0,1,0,0,0,0,0,0,0,0,0,0,0,0,1,0,0,0,1,0,0,0,0,0,0,0,0,0,0.6882405582207655,-0.19415732811789355,0.0,5.0,0.0,21.0,1.2,623.0,0.2703290256155508,0.541174243830989
1,0,0,0,0,0,0,0,1,0,0,0,0,0,0,0,0,0,0,0,0,0,0,0,0,0,0,0,0,0,0,0,0,0,0,0.6882405582207655,-0.19415732811789355,-0.6091274051547718,1.0,2.0,0.0,3.08,633.0,1.463177140327438,-0.18104289505166793
1,0,0,0,0,0,0,0,1,0,0,0,0,0,0,0,0,0,0,0,0,0,0,0,0,1,0,0,0,0,0,0,0,0,0,0.6882405582207655,-0.19415732811789355,-0.6091274051547718,1.0,2.0,0.0,3.08,633.0,3.419587658065798,-0.18104289505166793
1,0,0,0,0,0,0,0,1,0,0,0,0,0,0,0,0,0,0,0,0,0,0,0,0,1,0,0,0,0,0,0,0,0,0,0.6882405582207655,-0.19415732811789355,-0.6091274051547718,0.5,0.5,0.0,3.08,633.0,6.069304012704706,-0.07730037579244836
1,0,0,0,0,0,0,0,1,0,0,0,0,0,0,0,0,0,0,0,0,0,0,0,0,0,0,0,0,0,0,0,0,0,0,0.6882405582207655,-0.6734772969998087,-0.6091274051547718,6.0,1.0,100.0,1.061314669241896,683.0,0.3024225830464325,0.3558548308962515
1,0,0,0,0,0,0,0,1,0,0,0,0,0,0,0,0,0,0,0,0,0,0,0,0,0,0,0,0,0,0,0,0,0,0,0.6882405582207655,-0.6734772969998087,-0.6091274051547718,6.0,1.0,100.0,1.061314669241896,653.0,1.445984926025873,0.3558548308962515
1,0,0,0,0,0,0,0,1,0,0,0,0,0,0,0,0,0,0,0,0,0,0,0,0,0,0,0,0,0,0,0,0,0,0,0.6882405582207655,-0.6734772969998087,-0.6091274051547718,6.0,1.0,100.0,1.061314669241896,663.0,1.77628058993208,0.3558548308962515
1,0,0,0,0,0,0,0,1,0,0,0,0,0,0,0,0,0,0,0,0,0,0,0,0,0,0,0,0,0,0,0,0,0,0,0.6882405582207655,-0.6734772969998087,-0.6091274051547718,6.0,1.0,100.0,1.061314669241896,653.0,0.2558602546059374,0.3558548308962515
1,0,0,0,0,0,0,0,1,0,0,0,0,0,0,0,0,0,0,0,0,0,0,0,0,0,0,0,0,0,0,0,0,0,0,0.6882405582207655,-0.19415732811789355,-0.6091274051547718,0.5,0.235,0.0,4.8,663.0,3.634130663173834,0.003929689211018911
1,0,0,0,0,0,0,0,1,0,0,0,0,0,0,0,0,0,0,0,0,0,0,0,0,0,0,0,0,0,0,0,0,0,0,0.6882405582207655,-0.19415732811789355,-0.6091274051547718,0.5,0.235,0.0,4.8,663.0,2.371075264188601,0.003929689211018911
1,0,0,0,0,0,0,0,1,0,0,0,0,0,0,0,0,0,0,0,0,0,0,0,0,0,0,0,0,0,0,0,0,0,0,0.6882405582207655,-0.19415732811789355,-0.6091274051547718,0.5,0.235,0.0,4.8,663.0,3.786562125771817,0.003929689211018911
1,0,0,0,0,0,0,0,1,0,0,0,0,0,0,0,0,0,0,0,0,0,0,0,0,0,0,0,0,0,0,0,0,0,0,0.6882405582207655,-0.19415732811789355,-0.6091274051547718,0.5,0.235,0.0,4.8,663.0,1.891540793050767,0.003929689211018911
1,0,0,0,0,0,0,0,1,0,0,0,0,0,0,0,0,0,0,0,0,0,0,0,0,1,0,0,0,0,0,0,0,0,0,0.6882405582207655,-0.19415732811789355,-0.6091274051547718,1.0,2.0,0.0,2.0,653.0,5.376879068075143,-0.18104289505166793
1,0,0,0,0,0,0,0,1,0,0,0,0,0,0,0,0,0,0,0,0,0,0,0,0,1,0,0,0,0,0,0,0,0,0,0.6882405582207655,-0.19415732811789355,-0.6091274051547718,1.0,2.0,0.0,3.2,653.0,7.903561347560993,-0.18104289505166793
1,0,0,0,0,1,0,0,1,0,0,0,0,0,0,0,0,0,0,0,0,0,0,0,0,1,0,0,0,0,0,0,0,0,0,0.6882405582207655,-0.19415732811789355,-0.6091274051547718,3.0,3.0,0.0,7.2,663.0,13.45604648323464,0.00616887586858389
0,0,0,0,0,0,0,0,1,0,0,0,0,0,0,0,0,0,0,0,0,0,0,0,0,1,0,0,0,0,0,0,0,0,0,0.6882405582207655,-0.19415732811789355,0.0,5.0,0.0,21.0,1.2,623.0,0.05598754483801297,0.541174243830989
0,0,0,0,0,0,0,0,1,0,0,0,0,0,0,0,0,0,0,0,0,1,0,0,0,1,0,0,0,0,0,0,0,0,0,0.6882405582207655,-0.19415732811789355,0.0,5.0,0.0,21.0,1.2,623.0,0.150405173650108,0.541174243830989
0,0,0,0,0,0,0,0,1,0,0,0,0,0,0,0,0,0,0,0,0,0,0,0,0,1,0,0,0,0,0,0,0,0,0,0.6882405582207655,-0.19415732811789355,0.0,0.5,0.0,0.0,3.6,663.0,21.21964717062635,0.09997530066165947
0,0,0,0,0,0,0,0,1,0,0,0,0,0,0,0,0,0,0,0,0,0,0,0,0,1,0,0,0,0,0,0,0,0,0,0.6882405582207655,-0.19415732811789355,0.0,2.0,0.0,0.0,3.6,663.0,13.61464794816415,0.3941079294412124
0,0,0,0,0,1,0,0,1,0,0,0,0,0,0,0,0,0,0,0,0,0,0,0,0,1,0,0,0,0,0,0,0,0,0,0.6882405582207655,-0.19415732811789355,-0.6091274051547718,3.0,3.0,0.0,7.2,663.0,10.39883272224373,0.00616887586858389
0,0,0,0,0,0,0,0,1,0,0,0,0,0,0,0,0,0,0,0,0,0,0,0,0,1,0,0,0,0,0,0,0,0,0,0.6882405582207655,-0.19415732811789355,0.0,5.0,0.0,21.0,1.2,623.0,0.04646637978401728,0.541174243830989
0,0,0,0,0,0,0,0,1,0,0,0,0,0,0,0,0,0,0,0,0,1,0,0,0,1,0,0,0,0,0,0,0,0,0,0.6882405582207655,-0.19415732811789355,0.0,5.0,0.0,21.0,1.2,623.0,0.2214445889416847,0.541174243830989
1,0,0,0,0,0,0,0,1,0,0,0,0,0,0,0,0,0,0,0,0,0,0,0,0,1,0,0,0,0,0,0,0,0,0,0.6882405582207655,-0.19415732811789355,-0.6091274051547718,1.0,2.0,0.0,1.2,628.0,1.495361048493642,-0.18104289505166793
1,0,0,0,0,0,0,0,1,0,0,0,0,0,0,0,0,0,0,0,0,0,0,0,0,1,0,0,0,0,0,0,0,0,0,0.6882405582207655,-0.19415732811789355,-0.6091274051547718,0.6666666666666666,2.0,0.0,1.2,628.0,1.64176449330127,-0.2600686635309801
0,0,0,0,0,0,0,0,1,0,0,0,0,0,0,0,0,0,0,0,0,0,0,0,0,1,0,0,0,0,0,0,0,0,0,0.6882405582207655,-0.19415732811789355,-0.6091274051547718,0.5,1.0,0.0,1.2,623.0,1.091613565400359,-0.18366578166491304
1,0,0,0,0,0,0,0,1,0,0,0,0,0,0,0,0,0,0,0,0,0,0,0,0,1,0,0,0,0,0,0,0,0,0,0.6882405582207655,-0.19415732811789355,-0.6091274051547718,0.5,1.0,0.0,1.2,623.0,2.13088949410344,-0.18366578166491304
1,0,0,0,0,0,0,0,1,0,0,0,0,0,0,0,0,0,0,0,0,0,0,0,0,1,0,0,0,0,0,0,0,0,0,0.6882405582207655,-0.19415732811789355,-0.6091274051547718,0.5,1.0,0.0,1.2,663.0,3.753356231719042,-0.18366578166491304
0,0,0,0,0,0,0,0,1,0,0,0,0,0,0,0,0,0,0,0,0,0,0,0,0,1,0,0,0,0,0,0,0,0,1,0.6882405582207655,-0.19415732811789355,-0.6091274051547718,1.0,2.0,0.0,1.2,633.0,2.139319741550428,-0.18104289505166793
0,0,0,0,0,0,0,0,1,0,0,0,0,0,0,0,0,0,0,0,0,0,0,0,0,1,0,0,0,0,0,0,0,0,1,0.6882405582207655,-0.19415732811789355,-0.6091274051547718,1.5,3.0,0.0,1.2,643.0,3.357085553868227,-0.1798506738638292
0,0,0,0,0,0,0,0,1,0,0,0,0,0,0,0,0,0,0,0,0,0,0,0,0,1,0,0,0,0,0,0,0,0,0,0.6882405582207655,-0.19415732811789355,-0.6091274051547718,2.0,2.0,0.0,1.6,643.0,1.735801660800266,-0.007186204397181206
0,0,0,0,0,0,0,0,1,0,0,0,0,0,0,0,0,0,0,0,0,0,0,0,0,1,0,0,0,0,0,0,0,0,1,0.6882405582207655,-0.19415732811789355,-0.6091274051547718,2.0,2.0,0.0,1.6,643.0,3.093893946960023,-0.007186204397181206
0,0,0,0,0,0,0,0,1,0,0,0,0,0,0,0,0,0,0,0,0,0,0,0,0,1,0,0,0,0,0,0,0,0,0,0.6882405582207655,-0.6734772969998087,-0.6091274051547718,6.0,1.0,100.0,1.061314669241896,653.0,1.568635433144139,0.3558548308962515
0,0,0,0,0,0,0,0,1,0,0,0,0,0,0,0,0,0,0,0,0,0,0,0,0,1,0,0,0,0,0,0,0,0,0,0.6882405582207655,-0.6734772969998087,-0.6091274051547718,6.0,1.0,100.0,1.061314669241896,653.0,0.6821794308876921,0.3558548308962515
0,0,0,0,0,0,0,0,1,0,0,0,0,0,0,0,0,0,0,0,0,0,0,0,0,1,0,0,0,0,0,0,0,0,0,0.6882405582207655,-0.6734772969998087,-0.6091274051547718,6.0,1.0,100.0,1.061314669241896,653.0,0.950415014073698,0.3558548308962515
0,0,0,0,0,0,0,0,1,0,0,0,0,0,0,0,0,0,0,0,0,0,0,0,0,1,0,0,0,0,0,0,0,0,0,0.6882405582207655,-0.6734772969998087,-0.6091274051547718,10.0,1.0,100.0,1.06535581986919,653.0,0.8147204197217046,0.46665007333775615
0,0,0,0,0,0,0,0,1,0,0,0,0,0,0,0,0,0,0,0,0,0,0,0,0,1,0,0,0,0,0,0,0,0,0,0.6882405582207655,-0.6734772969998087,-0.6091274051547718,10.0,1.0,100.0,1.06535581986919,653.0,0.7069439946984121,0.46665007333775615
0,0,0,0,0,0,0,0,1,0,0,0,0,0,0,0,0,0,0,0,0,0,0,0,0,1,0,0,0,0,0,0,0,0,0,0.6882405582207655,-0.6734772969998087,-0.6091274051547718,10.0,1.0,100.0,1.06535581986919,653.0,0.5910992060277078,0.46665007333775615
0,0,0,0,0,0,0,0,1,0,0,0,0,0,0,0,0,0,0,0,0,0,0,0,0,1,0,0,0,0,0,0,0,0,0,0.6882405582207655,-0.6734772969998087,-0.6091274051547718,10.0,1.0,100.0,1.06535581986919,653.0,0.8025740804504577,0.46665007333775615
0,0,0,0,0,0,0,0,1,0,0,0,0,0,0,0,0,0,0,0,0,0,0,0,1,1,0,0,0,0,0,0,0,0,0,0.6882405582207655,-0.6734772969998087,-0.6091274051547718,10.0,1.0,100.0,1.06535581986919,653.0,0.9489437332901238,0.46665007333775615
0,0,0,0,0,0,0,0,1,0,0,0,1,0,0,0,0,0,0,0,0,0,0,0,1,1,0,0,0,0,0,0,0,0,0,0.6882405582207655,-0.6734772969998087,-0.6091274051547718,10.0,1.0,100.0,1.06535581986919,653.0,1.06557107267277,0.46665007333775615
0,0,0,0,0,0,0,0,1,0,0,0,1,0,0,0,0,0,0,0,0,0,0,0,1,1,0,0,0,0,0,0,0,0,0,0.6882405582207655,-0.6734772969998087,-0.6091274051547718,10.0,1.0,100.0,1.06535581986919,653.0,1.07774902778903,0.46665007333775615
1,0,0,0,0,0,0,0,1,0,0,0,0,0,0,0,0,0,0,0,0,0,0,0,0,1,0,0,0,0,0,0,0,0,0,0.6882405582207655,-0.6734772969998087,-0.6091274051547718,6.0,1.0,100.0,1.061314669241896,663.0,0.3129223271610692,0.3558548308962515
1,0,0,0,0,0,0,0,0,0,0,0,0,0,0,0,0,0,0,0,0,0,0,0,0,1,0,0,0,0,0,0,0,0,0,0.6882405582207655,-0.19415732811789355,0.0,5.0,0.0,0.0,1.4,563.0,0.7978073570911253,0.541174243830989
1,0,0,0,0,0,0,0,0,0,0,0,0,0,0,0,0,0,0,0,0,0,0,0,0,1,0,0,0,0,0,0,0,0,0,0.6882405582207655,-0.19415732811789355,0.0,5.0,0.0,0.0,1.4,563.0,0.1913143370876304,0.541174243830989
1,0,0,0,0,0,0,0,0,0,0,0,0,0,0,0,0,0,0,0,0,0,0,0,0,1,0,0,0,0,0,0,0,0,0,0.6882405582207655,-0.19415732811789355,0.0,5.0,0.0,0.0,1.4,563.0,0.5785930125115488,0.541174243830989
1,0,0,0,0,0,0,0,0,0,0,0,0,0,0,0,0,0,0,0,0,0,0,0,0,1,0,0,0,0,0,0,0,0,0,0.6882405582207655,-0.19415732811789355,0.0,5.0,0.0,100.0,1.4,563.0,1.06119671353295,0.541174243830989
1,0,0,0,0,0,0,0,0,0,0,0,0,0,0,0,0,0,0,0,0,0,0,0,0,1,0,0,0,0,0,0,0,0,0,0.6882405582207655,-0.19415732811789355,0.0,5.0,0.0,100.0,1.4,583.0,0.656978747846064,0.541174243830989
1,0,0,0,0,0,0,0,0,0,0,0,0,0,0,0,0,0,0,0,0,0,0,0,0,1,0,0,0,0,0,0,0,0,0,0.6882405582207655,-0.19415732811789355,0.0,5.0,0.0,100.0,1.4,563.0,1.498628973853105,0.541174243830989
1,0,0,0,0,0,0,0,0,0,0,0,0,0,0,0,0,0,0,0,0,0,0,0,0,1,0,0,0,0,0,0,0,0,0,0.6882405582207655,-0.19415732811789355,0.0,5.0,0.0,100.0,1.4,583.0,0.9854681217690963,0.541174243830989
0,0,0,0,0,0,0,0,0,0,0,0,0,0,0,0,1,0,0,0,0,0,0,0,0,0,0,0,0,0,0,0,0,0,0,0.9186463934840646,-0.6734772969998087,0.0,2.5,0.0,3.0,1.333333333333333,633.0,1.586163584424854,0.4637539104886722
0,0,0,0,0,0,0,0,0,0,0,0,0,0,0,0,1,0,0,0,0,1,0,0,0,1,0,0,0,0,0,0,0,0,0,0.9186463934840646,-0.19415732811789355,0.0,3.0,0.0,100.0,2.28783880465252,633.0,4.07557385098487,0.6404454630835751
0,0,0,0,0,0,0,0,0,0,0,0,0,0,0,0,0,0,1,0,0,0,0,0,0,0,0,0,0,0,0,0,0,0,0,0.6882405582207655,-0.19415732811789355,0.0,5.0,0.0,21.0,1.0,623.0,0.5065107991360693,0.541174243830989
0,0,0,0,0,0,0,0,0,0,0,0,0,0,0,0,0,0,1,0,0,0,0,0,0,0,0,0,0,0,0,0,0,0,0,0.9186463934840646,-0.6734772969998087,0.0,2.5,0.0,3.0,1.333333333333333,633.0,1.113617612184385,0.4637539104886722
0,0,0,0,0,0,0,0,0,0,0,0,0,0,0,0,0,0,0,0,0,1,0,0,0,1,0,0,0,0,0,0,0,0,0,0.6882405582207655,-0.19415732811789355,0.0,5.0,0.0,21.0,1.2,623.0,0.1455692410367171,0.541174243830989
0,0,0,0,0,0,0,0,0,0,0,0,0,0,0,0,0,0,0,0,0,1,0,0,0,1,0,0,0,0,0,0,0,0,0,0.6882405582207655,-0.19415732811789355,0.0,5.0,0.0,21.0,1.2,623.0,0.2176466184881211,0.541174243830989
0,0,0,0,0,0,0,0,0,0,0,0,0,0,0,0,0,0,0,0,0,0,0,0,1,0,0,0,0,0,0,0,0,0,0,0.6882405582207655,-0.19415732811789355,0.0,5.0,0.0,21.0,1.0,623.0,0.05560799136069117,0.541174243830989
0,0,0,0,0,0,0,0,0,0,0,0,0,0,0,0,0,0,0,0,0,0,0,0,0,1,0,0,0,0,0,0,0,0,0,0.6882405582207655,-0.19415732811789355,0.0,0.5,0.0,0.0,3.6,663.0,3.739272570194384,0.09997530066165947
0,0,0,0,0,0,0,0,0,0,0,0,0,0,0,0,0,0,0,0,0,0,0,0,0,1,0,0,0,0,0,0,0,0,0,0.6882405582207655,-0.19415732811789355,-0.6091274051547718,3.0,3.0,0.0,7.2,663.0,0.0,0.00616887586858389
0,0,0,0,0,1,0,0,0,0,0,0,0,0,0,0,0,0,0,0,0,0,0,0,0,1,0,0,0,0,0,0,0,0,0,0.6882405582207655,-0.19415732811789355,-0.6091274051547718,3.0,3.0,0.0,7.2,663.0,3.197042635550025,0.00616887586858389
0,0,0,0,0,0,0,0,0,0,0,0,0,0,0,0,0,0,0,0,0,0,0,0,0,1,0,0,0,0,0,0,0,0,0,0.6882405582207655,-0.19415732811789355,0.0,5.0,0.0,21.0,1.0,623.0,0.3341511879049677,0.541174243830989
0,0,0,0,0,0,0,0,0,0,0,0,0,0,0,0,0,0,0,0,0,0,0,0,0,1,0,0,0,0,0,0,0,0,0,0.6882405582207655,-0.19415732811789355,-0.6091274051547718,1.0,2.0,0.0,1.2,628.0,0.006491810919825448,-0.18104289505166793
0,0,0,0,0,0,0,0,0,0,0,0,0,0,0,0,0,0,0,0,0,0,0,0,0,0,0,0,0,0,1,0,0,0,0,0.9186463934840646,-0.6734772969998087,0.0,2.5,0.0,0.0,0.44,633.0,0.1319975760235733,0.4637539104886722
0,0,0,0,0,0,0,0,0,0,0,0,0,0,0,0,0,0,0,0,0,0,0,0,0,0,0,0,0,0,1,0,0,0,0,0.6882405582207655,-0.19415732811789355,-0.6091274051547718,0.5,1.0,0.0,7.2,663.0,4.665167584648525,-0.18366578166491304
0,0,1,0,0,0,0,0,0,0,0,0,0,0,0,0,0,0,0,0,0,0,0,0,0,0,0,0,0,0,1,0,0,0,0,0.6882405582207655,-0.19415732811789355,-0.6091274051547718,0.5,1.0,0.0,7.2,663.0,9.182349604318869,-0.18366578166491304
0,0,0,0,0,0,0,0,0,0,0,0,0,0,0,0,0,0,0,0,0,0,0,0,0,0,0,0,0,0,1,0,0,0,0,0.6882405582207655,-0.19415732811789355,0.0,5.0,0.0,21.0,1.0,623.0,0.2023023758099353,0.541174243830989
1,0,0,0,0,0,0,0,0,0,0,0,0,0,0,0,0,0,0,0,0,0,0,0,0,0,0,0,0,0,1,0,0,0,0,0.6882405582207655,-0.19415732811789355,-0.6091274051547718,0.5,1.0,0.0,7.2,663.0,14.90164668850127,-0.18366578166491304
1,0,1,0,0,0,0,0,0,0,0,0,0,0,0,0,0,0,0,0,0,0,0,0,0,0,0,0,0,0,1,0,0,0,0,0.6882405582207655,-0.19415732811789355,-0.6091274051547718,0.5,1.0,0.0,7.2,663.0,20.23223498611898,-0.18366578166491304
0,0,0,0,0,0,0,0,0,0,0,0,0,0,0,0,0,0,0,0,0,1,0,1,0,0,0,0,0,0,1,0,0,0,0,0.9186463934840646,-0.6734772969998087,0.0,0.2,0.0,100.0,1.0,633.0,0.8264491835392516,-0.4081233485858299
0,0,0,0,0,0,0,0,0,0,0,0,0,0,0,0,0,0,0,0,0,1,0,1,0,0,0,0,0,0,1,0,0,0,0,0.9186463934840646,-0.6734772969998087,0.0,2.5,0.0,100.0,1.0,633.0,2.051033978527193,0.4637539104886722
0,0,0,0,0,0,0,0,0,0,0,0,0,0,0,0,0,0,0,0,0,1,0,1,0,0,0,0,0,0,1,0,0,0,0,0.9186463934840646,-0.6734772969998087,0.0,0.4,0.0,100.0,1.66,633.0,2.283383057791335,-0.21858481400441632
0,0,0,0,0,0,0,0,0,0,0,0,0,0,0,0,0,0,0,0,0,1,0,1,0,0,0,0,0,0,1,0,0,0,0,0.9186463934840646,-0.6734772969998087,0.0,0.4,0.0,0.0,1.0,633.0,1.294475002881371,-0.21858481400441632
0,0,0,0,0,0,0,0,1,0,0,0,0,0,0,0,0,0,0,0,0,1,0,1,0,0,0,0,0,0,1,0,0,0,0,0.9186463934840646,-0.6734772969998087,0.0,0.4,0.0,0.0,1.0,633.0,1.766123877216917,-0.21858481400441632
0,0,0,0,0,0,0,0,1,0,0,0,0,0,0,0,0,0,0,0,0,1,0,1,0,0,0,0,0,0,1,0,0,0,0,0.9186463934840646,-0.6734772969998087,0.0,2.5,0.0,0.0,1.0,633.0,2.891139794209217,0.4637539104886722
0,0,0,0,0,0,0,0,0,0,0,0,0,0,0,0,0,0,0,0,0,1,0,1,0,0,0,0,0,0,1,0,0,0,0,0.9186463934840646,-0.6734772969998087,0.0,0.4,0.0,21.0,1.0,633.0,1.630842938154373,-0.21858481400441632
0,0,0,0,0,0,0,0,0,0,0,0,0,0,0,0,0,0,0,0,0,1,0,1,0,0,0,0,0,0,1,0,0,0,0,0.9186463934840646,-0.6734772969998087,0.0,2.5,0.0,21.0,1.0,633.0,2.629351562383224,0.4637539104886722
0,0,0,0,0,0,0,0,0,0,0,0,0,0,0,0,0,0,0,0,0,1,0,1,0,0,0,0,0,0,1,0,0,0,0,0.9186463934840646,-0.6734772969998087,0.0,2.5,0.0,21.0,5.0,633.0,7.338151450099357,0.4637539104886722
1,0,0,0,0,0,0,0,0,0,0,0,0,0,0,0,0,0,0,0,0,1,0,0,0,0,0,0,0,0,0,1,0,0,0,0.6882405582207655,-0.19415732811789355,0.0,5.0,0.0,21.0,1.0,623.0,0.8909859611231106,0.541174243830989
1,0,0,0,0,0,0,0,0,0,0,0,0,0,0,0,0,0,0,0,0,1,0,0,0,0,0,0,0,0,0,1,0,0,0,0.6882405582207655,-0.19415732811789355,0.0,5.0,0.0,21.0,1.0,623.0,0.972259179265659,0.541174243830989
1,0,0,0,0,0,0,0,0,0,0,0,0,0,0,0,0,0,0,0,0,0,0,0,0,1,0,0,0,0,0,0,0,0,0,0.9186463934840646,-0.6734772969998087,0.0,3.0,0.0,100.0,2.666666666666667,623.0,2.486910633042796,0.5206154708630962
1,0,0,0,0,0,0,0,0,0,0,0,0,0,0,0,0,0,0,0,0,0,0,0,0,1,0,0,0,0,0,0,0,0,0,0.9186463934840646,-0.6734772969998087,0.0,3.0,0.0,100.0,2.666666666666667,643.0,4.218909578452532,0.5206154708630962
0,0,0,0,0,0,0,0,0,0,0,0,0,0,0,0,0,0,0,0,0,1,0,0,0,1,0,0,0,0,0,1,0,0,0,0.9186463934840646,-0.6734772969998087,0.0,2.5,0.0,3.0,1.33,633.0,1.166689041354884,0.4637539104886722
0,0,0,0,0,0,0,0,0,0,0,0,0,0,0,0,0,0,0,0,0,1,0,0,0,1,0,0,0,0,0,1,0,0,0,0.9186463934840646,-0.6734772969998087,0.0,3.0,0.0,4.5,0.44,633.0,0.8882615471525995,0.5206154708630962
0,0,0,0,0,0,0,0,0,0,0,0,0,0,0,0,0,0,1,0,0,1,0,0,0,0,0,0,0,0,0,1,0,0,0,0.6882405582207655,-0.19415732811789355,0.0,5.0,0.0,21.0,1.0,623.0,0.8248099352051836,0.541174243830989
0,0,0,0,0,0,0,0,0,0,0,0,0,0,0,0,0,0,0,0,0,1,0,0,0,0,0,0,0,0,0,1,0,0,0,0.9186463934840646,-0.6734772969998087,0.0,2.5,0.0,3.0,0.4433333333333334,633.0,1.715683220312576,0.4637539104886722
0,0,0,0,0,0,0,0,0,0,0,0,0,0,0,0,0,0,0,0,0,1,0,0,0,0,0,0,0,0,0,1,0,0,0,0.9186463934840646,-0.6734772969998087,0.0,2.5,0.0,3.0,2.216666666666667,633.0,4.258643622866135,0.4637539104886722
0,0,0,0,0,0,0,0,0,0,0,0,0,0,0,0,0,0,0,0,0,1,0,0,0,0,0,0,0,0,0,1,0,0,0,0.9186463934840646,-0.6734772969998087,0.0,2.5,0.0,3.0,0.4433333333333334,633.0,0.7641106978826797,0.4637539104886722
0,0,0,0,0,0,0,0,0,0,0,0,0,0,0,0,0,0,0,0,0,1,0,0,0,0,0,0,0,0,0,1,0,0,0,0.9186463934840646,-0.6734772969998087,0.0,2.5,0.0,3.0,0.4433333333333334,633.0,1.114582804644869,0.4637539104886722
0,0,0,0,0,0,0,0,0,0,0,0,0,0,0,0,0,0,0,0,0,1,0,0,0,0,0,0,0,0,0,1,0,0,0,0.9186463934840646,-0.6734772969998087,0.0,2.5,0.0,3.0,0.4433333333333334,633.0,1.328533800052019,0.4637539104886722
0,0,0,0,0,0,0,0,0,0,0,0,0,0,0,0,0,0,0,0,0,1,0,0,0,0,0,0,0,0,0,1,0,0,0,0.9186463934840646,-0.6734772969998087,0.0,2.5,0.0,3.0,0.4433333333333334,633.0,1.318345657413583,0.4637539104886722
0,0,0,0,0,0,0,0,0,0,0,0,0,0,0,0,0,0,0,0,0,1,0,0,0,0,0,0,0,0,0,1,0,0,0,0.9186463934840646,-0.6734772969998087,0.0,2.5,0.0,3.0,0.4433333333333334,633.0,1.428377597908689,0.4637539104886722
0,0,0,0,0,0,0,0,0,0,0,0,0,0,0,0,0,0,0,0,0,1,0,0,0,0,0,0,0,0,0,1,0,0,0,0.9186463934840646,-0.6734772969998087,0.0,2.5,0.0,3.0,0.4433333333333334,633.0,1.110507547589495,0.4637539104886722
0,0,0,0,0,0,0,0,0,0,0,0,0,0,0,0,0,0,0,0,0,1,0,0,0,0,0,0,0,0,0,1,0,0,0,0.9186463934840646,-0.6734772969998087,0.0,2.5,0.0,4.0,1.333333333333333,633.0,2.435961924077114,0.4637539104886722
0,0,0,0,0,0,0,0,0,0,0,0,0,0,0,0,0,0,0,0,0,1,0,0,0,0,0,0,0,0,0,1,0,0,0,0.9186463934840646,-0.6734772969998087,0.0,2.5,0.0,4.0,1.333333333333333,633.0,3.247949232102819,0.4637539104886722
0,0,0,0,0,0,0,0,0,0,0,0,0,0,0,0,0,0,1,0,0,1,0,0,0,0,0,0,0,0,1,1,0,0,0,0.9186463934840646,-0.6734772969998087,0.0,2.5,0.0,3.0,1.333333333333333,633.0,3.846883326914776,0.4637539104886722
0,0,0,0,0,0,0,0,0,0,0,0,0,0,0,0,1,0,0,0,0,1,0,0,0,0,0,0,0,0,1,1,0,0,0,0.9186463934840646,-0.6734772969998087,0.0,2.5,0.0,3.0,1.333333333333333,633.0,3.546521561418445,0.4637539104886722
0,0,0,0,0,0,0,0,0,0,0,0,0,0,0,0,0,0,0,0,0,1,0,0,0,0,0,0,0,0,1,1,1,0,0,0.9186463934840646,-0.6734772969998087,0.0,2.5,0.0,3.0,1.333333333333333,633.0,2.792856697240634,0.4637539104886722
0,0,0,1,0,0,0,0,0,0,0,0,0,0,0,0,0,0,0,0,0,1,0,0,0,0,0,0,0,0,1,1,0,0,0,0.9186463934840646,-0.6734772969998087,0.0,2.5,0.0,3.0,1.333333333333333,633.0,2.242416016515497,0.4637539104886722
0,0,0,0,0,0,0,0,0,0,0,0,0,0,0,0,0,0,0,0,0,1,0,0,0,0,0,0,0,0,1,1,0,0,0,0.9186463934840646,-0.6734772969998087,0.0,2.5,0.0,3.0,0.4433333333333334,633.0,1.248842148334175,0.4637539104886722
0,0,0,0,0,0,0,0,0,0,0,0,0,0,0,0,0,0,0,0,0,1,0,0,0,0,1,0,0,0,1,1,0,0,0,0.9186463934840646,-0.6734772969998087,0.0,2.5,0.0,3.0,0.4433333333333334,633.0,1.256074812674627,0.4637539104886722
0,0,0,0,0,0,0,0,0,0,0,0,0,0,0,0,0,0,0,0,0,1,0,0,0,0,1,0,0,0,1,1,0,0,0,0.9186463934840646,-0.6734772969998087,0.0,2.5,0.0,3.0,0.4433333333333334,633.0,1.706493515652707,0.4637539104886722
0,0,0,0,0,0,0,0,0,0,0,0,0,0,0,0,0,0,0,0,0,1,0,0,0,0,0,0,0,0,0,1,0,0,0,0.6882405582207655,-0.19415732811789355,0.0,5.0,0.0,21.0,2.0,643.0,3.757691144708424,0.541174243830989
0,0,0,0,0,0,0,0,0,0,0,0,0,0,0,0,0,0,0,0,0,1,0,0,0,0,0,0,0,0,0,1,0,0,0,0.6882405582207655,-0.19415732811789355,0.0,5.0,0.0,100.0,2.0,643.0,2.076870410367171,0.541174243830989
0,0,0,0,0,0,0,0,0,0,0,0,0,0,0,0,0,0,0,0,0,1,0,0,0,0,0,0,0,0,0,1,0,0,0,0.6882405582207655,-0.19415732811789355,0.0,2.5,0.0,21.0,2.0,643.0,5.535637149028079,0.43612687640972003
0,0,0,0,0,0,0,0,0,0,0,0,0,0,0,0,0,0,0,0,0,1,0,0,0,0,0,0,0,0,0,1,0,0,0,0.6882405582207655,-0.19415732811789355,0.0,5.0,0.0,0.0,1.66,643.0,1.279067674586033,0.541174243830989
0,0,0,0,0,0,0,0,0,0,0,0,0,0,0,0,0,0,0,0,0,1,0,0,0,0,0,0,0,0,0,1,0,0,1,0.6882405582207655,-0.19415732811789355,0.0,5.0,0.0,0.0,1.66,643.0,1.681659467242621,0.541174243830989
0,0,0,0,0,0,0,0,0,0,0,0,0,0,0,0,0,0,0,0,0,1,0,0,0,0,0,0,0,0,0,1,0,0,0,0.6882405582207655,-0.19415732811789355,0.0,5.0,0.0,0.0,2.0,653.0,0.774,0.541174243830989
0,0,0,0,0,0,0,0,0,0,1,0,0,0,0,0,0,0,0,0,0,1,0,0,0,0,0,0,0,0,0,1,0,0,0,0.6882405582207655,-0.19415732811789355,0.0,5.0,0.0,0.0,2.0,653.0,0.7859999999999999,0.541174243830989
0,0,0,0,0,0,0,0,0,1,0,0,0,0,0,0,0,0,0,0,0,1,0,0,0,0,0,0,0,0,0,1,0,0,0,0.6882405582207655,-0.19415732811789355,0.0,5.0,0.0,0.0,2.0,653.0,0.792,0.541174243830989
0,0,0,0,0,0,1,0,0,0,0,0,0,0,0,0,0,0,0,0,0,1,0,0,0,0,0,0,0,0,0,1,0,0,0,0.6882405582207655,-0.19415732811789355,0.0,5.0,0.0,0.0,2.0,653.0,0.846,0.541174243830989
0,0,0,1,0,0,0,0,0,0,0,0,0,0,0,0,0,0,0,0,0,1,0,0,0,0,0,0,0,0,0,1,0,0,0,0.6882405582207655,-0.19415732811789355,0.0,5.0,0.0,0.0,2.0,653.0,0.9059999999999999,0.541174243830989
0,0,0,0,0,0,0,0,0,0,0,1,0,0,0,0,0,0,0,0,0,1,0,0,0,0,0,0,0,0,0,1,0,0,0,0.6882405582207655,-0.19415732811789355,0.0,5.0,0.0,0.0,2.0,653.0,0.918,0.541174243830989
0,0,0,0,0,0,0,0,0,0,0,0,0,0,0,0,0,0,0,0,1,1,0,0,0,0,0,0,0,0,0,1,0,0,0,0.6882405582207655,-0.19415732811789355,0.0,5.0,0.0,0.0,2.0,653.0,0.942,0.541174243830989
0,0,0,0,0,1,0,0,0,0,0,0,0,0,0,0,0,0,0,0,0,1,0,0,0,0,0,0,0,0,0,1,0,0,0,0.6882405582207655,-0.19415732811789355,0.0,5.0,0.0,0.0,2.0,653.0,1.014,0.541174243830989
0,0,1,0,0,0,0,0,0,0,0,0,0,0,0,0,0,0,0,0,0,1,0,0,0,0,0,0,0,0,0,1,0,0,0,0.6882405582207655,-0.19415732811789355,0.0,5.0,0.0,0.0,2.0,653.0,1.044,0.541174243830989
0,0,0,0,0,0,0,0,0,0,0,0,0,0,0,0,0,0,0,0,0,1,0,0,0,0,0,0,0,0,0,1,0,0,1,0.6882405582207655,-0.19415732811789355,0.0,5.0,0.0,0.0,2.0,653.0,1.116,0.541174243830989
0,0,0,0,0,0,0,0,0,0,0,0,0,0,0,0,0,0,0,0,0,1,0,0,1,0,0,0,0,0,0,1,0,0,0,0.6882405582207655,-0.19415732811789355,0.0,5.0,0.0,21.0,1.0,623.0,0.0452915766738661,0.541174243830989
0,0,0,0,0,0,0,0,0,0,0,0,0,0,0,0,0,0,0,0,0,1,0,0,0,1,0,0,0,0,0,1,0,0,0,0.9186463934840646,-0.6734772969998087,0.0,3.0,0.0,4.5,0.44,633.0,1.092253912062934,0.5206154708630962
0,0,0,0,0,0,0,0,0,0,0,0,0,0,0,0,0,0,0,0,0,1,0,0,0,1,0,0,0,0,0,1,0,0,0,0.9186463934840646,-0.6734772969998087,0.0,3.0,0.0,100.0,2.666666666666667,623.0,3.275443272788073,0.5206154708630962
0,0,0,0,0,0,0,0,0,0,0,0,0,0,0,0,0,0,0,0,0,1,0,0,0,1,0,0,0,0,0,1,0,0,0,0.9186463934840646,-0.6734772969998087,0.0,3.0,0.0,100.0,2.666666666666667,643.0,5.409777999837072,0.5206154708630962
0,0,0,0,0,0,0,0,0,0,0,0,0,0,0,0,0,0,0,0,0,1,0,0,0,1,0,0,0,0,0,1,0,0,0,0.9186463934840646,-0.13012492143235646,0.0,2.5,0.0,2.25,0.44,633.0,0.8473623668792444,0.6189974463650871
0,0,0,0,0,0,0,0,0,0,0,0,0,0,0,0,0,0,0,0,0,1,0,0,0,1,0,0,0,0,0,1,0,0,0,0.9186463934840646,-0.6734772969998087,0.0,3.0,0.0,4.5,0.44,633.0,1.497223641843269,0.5206154708630962
0,0,0,0,0,0,0,0,0,0,0,0,0,0,0,0,0,0,0,0,0,1,0,0,0,1,0,0,0,0,0,1,0,0,0,0.9186463934840646,-0.6734772969998087,0.0,3.0,0.0,2.25,0.44,633.0,1.342631167931669,0.5206154708630962
0,0,0,0,0,0,0,0,0,0,0,0,0,0,0,0,0,0,0,0,0,1,0,0,0,1,0,0,0,0,0,1,0,0,0,0.9186463934840646,-0.6734772969998087,0.0,3.0,0.0,4.5,1.32,633.0,3.221065796579677,0.5206154708630962
0,0,0,0,0,0,0,0,0,0,0,0,0,0,0,0,0,0,0,0,0,1,0,0,0,1,0,0,0,0,0,1,0,0,0,0.9186463934840646,-0.6734772969998087,0.0,10.0,0.0,0.0,2.0,643.0,0.6770641338786256,0.7739078761673489
0,0,0,0,0,0,0,0,0,0,0,0,0,0,0,0,0,0,0,0,0,1,0,0,0,1,0,0,0,0,0,1,0,0,0,0.9186463934840646,-0.6734772969998087,0.0,10.0,0.0,0.0,2.0,643.0,0.5234107665098233,0.7739078761673489
0,0,0,0,0,0,0,0,0,0,0,0,0,0,0,0,0,0,0,0,0,1,0,0,0,1,0,0,0,0,0,1,0,0,0,0.9186463934840646,-0.6734772969998087,0.0,10.0,0.0,0.0,2.0,643.0,0.6770641338786256,0.7739078761673489
0,0,0,0,0,0,0,0,0,0,0,0,0,0,0,0,0,0,0,0,0,1,0,0,0,1,0,0,0,0,0,1,0,0,0,0.9186463934840646,-0.6734772969998087,0.0,7.5,0.0,0.0,2.0,643.0,0.9456167857111814,0.7313377240153737
0,0,0,0,0,0,0,0,0,0,0,0,0,0,0,0,0,0,0,0,0,1,0,0,0,1,0,0,0,0,0,1,0,0,0,0.6882405582207655,-0.19415732811789355,0.0,5.0,0.0,21.0,1.0,623.0,0.6542116630669548,0.541174243830989
0,0,0,0,0,0,0,0,0,0,0,0,0,0,0,0,0,0,0,0,0,1,0,0,0,1,0,0,0,0,0,1,0,0,0,0.9186463934840646,-0.6734772969998087,0.0,3.0,0.0,100.0,2.666666666666667,623.0,2.003826076275772,0.5206154708630962
0,0,0,0,0,0,0,0,0,0,0,0,0,0,0,0,0,0,0,0,0,1,0,0,0,1,0,0,0,0,0,1,0,0,0,0.9186463934840646,-0.6734772969998087,0.0,3.0,0.0,100.0,2.666666666666667,643.0,2.893351550265347,0.5206154708630962
0,0,0,0,0,0,0,0,0,0,0,0,0,0,0,0,0,0,0,0,0,1,0,0,0,1,0,0,0,0,0,1,0,0,0,0.9186463934840646,-0.19415732811789355,0.0,3.0,0.0,100.0,2.34231115714426,633.0,7.685634535477528,0.6404454630835751
0,0,0,0,0,1,0,0,0,0,0,0,0,0,0,0,0,0,0,0,0,1,0,0,0,1,0,0,0,0,0,1,0,0,0,0.9186463934840646,-0.19415732811789355,0.0,3.0,0.0,100.0,2.34231115714426,633.0,10.10657531639547,0.6404454630835751
0,0,0,0,0,0,0,0,1,0,0,0,0,0,0,0,0,0,0,0,0,1,0,0,0,1,0,0,0,0,0,1,0,0,0,0.9186463934840646,-0.19415732811789355,0.0,3.0,0.0,100.0,2.34231115714426,633.0,10.46241951343293,0.6404454630835751
0,0,0,0,0,0,0,0,0,0,0,0,0,0,0,0,0,0,0,1,0,1,0,0,0,1,0,0,0,0,0,1,0,0,0,0.9186463934840646,-0.19415732811789355,0.0,3.0,0.0,100.0,2.34231115714426,633.0,9.635344308053416,0.6404454630835751
0,0,0,0,0,0,0,0,0,0,0,0,0,0,0,0,0,0,0,0,0,1,0,0,0,1,0,0,0,0,0,1,0,0,0,0.9186463934840646,-0.19415732811789355,0.0,3.0,0.0,100.0,5.0,623.0,13.68434038301416,0.6404454630835751
0,0,0,0,0,0,0,0,0,0,0,0,0,0,1,0,0,0,0,0,0,1,0,0,0,1,0,0,0,0,0,1,0,0,0,0.9186463934840646,-0.19415732811789355,0.0,3.0,0.0,100.0,5.0,623.0,17.33580195004163,0.6404454630835751
0,0,0,0,1,0,0,0,0,0,0,0,0,0,0,0,0,0,0,0,0,1,0,0,0,1,0,0,0,0,0,1,0,0,0,0.9186463934840646,-0.19415732811789355,0.0,3.0,0.0,100.0,5.0,623.0,17.54505867110741,0.6404454630835751
0,0,0,0,0,0,0,0,0,0,0,0,0,0,0,0,0,0,0,0,0,1,0,0,0,1,0,0,1,0,0,1,0,0,0,0.9186463934840646,-0.19415732811789355,0.0,3.0,0.0,100.0,5.0,623.0,18.07017357202331,0.6404454630835751
0,0,1,0,0,0,0,0,0,0,0,0,0,0,0,0,0,0,0,0,0,1,0,0,0,1,0,0,0,0,0,1,0,0,0,0.9186463934840646,-0.19415732811789355,0.0,3.0,0.0,100.0,5.0,623.0,19.06192839300583,0.6404454630835751
0,0,0,0,0,0,0,0,0,0,0,0,0,0,0,0,0,0,0,0,0,1,0,0,0,1,0,0,0,0,0,1,0,0,0,0.9186463934840646,-0.6734772969998087,0.0,2.5,0.0,4.0,1.333333333333333,633.0,2.420641408831346,0.4637539104886722
0,0,0,0,0,0,0,0,0,0,0,0,0,0,0,0,0,0,0,0,0,1,0,0,0,1,0,0,0,0,0,1,0,0,0,0.9186463934840646,-0.6734772969998087,0.0,2.5,0.0,4.0,1.333333333333333,633.0,2.880256866204387,0.4637539104886722
0,0,0,0,0,0,0,0,0,0,0,0,0,0,0,0,0,0,0,0,0,1,0,0,0,1,0,0,0,0,0,1,0,0,0,0.9186463934840646,-0.6734772969998087,0.0,2.5,0.0,4.0,1.333333333333333,633.0,3.125385110136675,0.4637539104886722
0,0,0,0,0,0,0,0,0,0,0,0,0,0,0,0,0,0,0,0,0,1,0,0,0,1,0,0,0,0,0,1,0,0,0,0.9186463934840646,-0.6734772969998087,0.0,2.5,0.0,4.0,1.333333333333333,633.0,3.033462018662067,0.4637539104886722
0,0,0,0,0,0,0,0,0,0,0,0,0,0,0,0,0,0,0,0,0,1,0,0,0,0,0,0,0,0,1,1,0,0,0,0.9186463934840646,-0.6734772969998087,0.0,2.5,0.0,0.0,0.44,633.0,1.01056186830644,0.4637539104886722
0,0,0,0,0,0,0,0,0,0,0,0,0,0,0,0,0,0,0,0,0,1,0,0,0,0,0,0,0,0,1,1,0,0,0,0.9186463934840646,-0.6734772969998087,0.0,2.5,0.0,3.0,0.44,633.0,1.450154752798345,0.4637539104886722
0,0,0,0,0,0,0,0,0,0,0,0,0,0,0,0,0,0,0,0,0,1,0,0,0,0,0,0,0,0,1,1,0,0,0,0.9186463934840646,-0.6734772969998087,0.0,2.5,0.0,3.0,0.44,633.0,0.6014824710166493,0.4637539104886722
0,0,0,0,0,0,0,0,0,0,0,0,0,0,0,0,0,0,0,0,0,1,0,0,0,0,0,0,0,0,1,1,0,0,0,0.9186463934840646,-0.6734772969998087,0.0,2.5,0.0,3.0,0.44,633.0,0.6327753511306047,0.4637539104886722
0,0,0,0,0,0,0,0,0,0,0,0,0,0,0,0,0,0,0,0,0,1,0,0,0,0,0,0,0,0,1,1,0,0,0,0.6882405582207655,-0.19415732811789355,0.0,5.0,0.0,21.0,1.0,623.0,0.4906587473002161,0.541174243830989
0,0,0,0,0,0,0,0,0,0,0,0,0,0,0,0,0,0,0,0,0,1,0,0,0,0,0,0,0,0,1,1,0,0,0,0.9186463934840646,-0.19415732811789355,0.0,3.0,0.0,1.0,2.5,638.0,7.869421565362199,0.6404454630835751
0,0,0,0,0,0,0,0,0,0,0,0,0,0,0,0,0,0,0,0,0,1,0,0,0,0,0,0,0,0,0,1,0,0,1,0.6882405582207655,-0.19415732811789355,0.0,5.0,0.0,21.0,1.0,623.0,0.4977041036717064,0.541174243830989
0,0,0,0,0,0,0,0,0,0,0,0,0,0,0,0,0,0,0,0,0,0,0,0,0,1,0,0,0,0,0,0,1,0,0,0.9186463934840646,-0.19415732811789355,0.0,3.0,0.0,100.0,2.28783880465252,673.0,4.775040441526312,0.6404454630835751
0,0,0,0,0,0,0,0,0,0,0,0,0,0,0,0,0,0,0,0,0,1,0,0,0,1,0,0,0,0,0,0,1,0,0,0.9186463934840646,-0.19415732811789355,0.0,3.0,0.0,100.0,2.28783880465252,673.0,5.648172043010754,0.6404454630835751
0,0,0,0,0,0,0,0,0,0,0,0,0,0,0,0,0,0,0,0,0,0,0,0,0,0,0,0,0,0,0,0,0,0,1,0.6882405582207655,-0.19415732811789355,0.0,5.0,0.0,21.0,1.0,623.0,0.2511166306695465,0.541174243830989
1,0,0,0,0,0,0,0,0,0,0,0,0,0,0,0,0,0,0,0,0,1,0,0,0,1,0,0,0,0,0,0,0,0,0,0.6882405582207655,-0.19415732811789355,0.0,5.0,0.0,21.0,1.2,623.0,1.212167332354212,0.541174243830989
1,0,0,0,0,0,0,0,1,0,0,0,0,0,0,0,0,0,0,0,0,0,0,0,0,1,0,0,0,0,0,0,0,0,0,0.6882405582207655,-0.19415732811789355,0.0,5.0,0.0,21.0,1.2,623.0,0.9152924607343416,0.541174243830989
1,0,0,0,0,0,0,0,1,0,0,0,0,0,0,0,0,0,0,0,0,1,0,0,0,1,0,0,0,0,0,0,0,0,0,0.6882405582207655,-0.19415732811789355,0.0,5.0,0.0,21.0,1.2,623.0,1.209156348336933,0.541174243830989
1,0,0,0,0,0,0,0,0,0,0,0,0,0,0,0,0,0,0,0,0,1,0,0,0,1,0,0,0,0,0,0,0,0,0,0.6882405582207655,-0.19415732811789355,0.0,5.0,0.0,0.0,1.2,643.0,1.298358531317495,0.541174243830989
1,0,0,0,0,0,0,0,0,0,0,0,0,0,0,0,0,0,0,0,0,1,0,0,0,1,0,0,0,0,0,0,0,0,0,0.6882405582207655,-0.6734772969998087,0.0,5.0,0.0,0.0,1.2,643.0,1.093485388871236,0.4612875823506698
