iteration,r2_score,reg__colsample_bylevel,reg__colsample_bytree,reg__gamma,reg__learning_rate,reg__max_depth,reg__min_child_weight,reg__n_estimators,reg__reg_alpha,reg__reg_lambda,reg__subsample
1,0.6474216208223103,0.7640415835413256,0.8547040101120638,1.899301998271751,0.029273475807775187,4,14,68,8.176529639332944,5.131243177255543,0.8267270559214072
2,0.7260611932582106,0.9349553422213137,0.9091603470833017,0.9551151648262625,0.2541400145361314,5,11,57,5.475111783398926,7.450103713154192,0.9337180525664277
3,0.6729834566972387,0.7779330049204607,0.9215528825842819,0.6572887378290554,0.04366013678619019,3,15,58,8.260867719383477,6.90138296123661,0.940622442192511
4,0.7207814765936119,0.9249583953429453,0.6601550464887962,1.397070616268192,0.1533843042738779,4,11,88,9.108412473169594,9.383502030548186,0.7353783424761893
5,0.7167353752862224,0.9198213766428692,0.7533102152543232,1.2899303556915387,0.11407625931280554,5,17,71,7.551988712234339,5.4715869186958,0.8307991800446837
6,0.577492857956866,0.8936112071942273,0.9287794081609702,0.7454107679578255,0.018981345896813002,5,14,73,6.743356120847949,8.496987559997471,0.7950995212731897
7,0.7227478088107698,0.8468317434009265,0.8713775325897588,1.0385343978821058,0.19565208359558597,4,16,82,5.9545781016548816,8.13717739688164,0.8220048499001549
8,0.7307593678196638,0.817361227076125,0.9220032292530607,1.2447000553950751,0.17271105113369045,4,11,79,3.1806075953746475,5.700107136892653,0.8890810847567723
9,0.6429652501987898,0.9821911945239713,0.845217505617478,1.8074778926948225,0.0411356312908673,4,12,50,5.594798413638931,7.160652395139699,0.6615672419557284
10,0.5947449588720954,0.6014521229018973,0.8862405068823129,1.611924116552041,0.023768813596649976,4,13,66,4.06816210786911,9.256866427367637,0.8846471125796072
11,0.7096028209492642,0.6,0.6,1.1527223016037929,0.29999999999999993,3,10,100,10.0,3.0,0.6
12,0.7218107901902644,0.6,0.6,0.5,0.1431488344179705,3,10,100,9.622471372973365,3.0,0.95
13,0.7138569459204479,0.6,0.95,2.0,0.14273746674489948,3,10,94,3.0,8.892657227835976,0.95
14,0.7265264973714622,1.0,0.95,0.5,0.29999999999999993,3,10,50,3.0,10.0,0.6
15,0.7240212586250837,1.0,0.7589815101302082,2.0,0.29999999999999993,4,20,79,3.0,3.633829271572442,0.95
16,0.7361708732889642,0.6,0.6,0.5,0.29999999999999993,3,10,100,3.0,10.0,0.6
17,0.7046020829343069,1.0,0.95,0.5,0.13205957587694467,3,10,50,10.0,3.0,0.95
18,0.7262496608577713,0.6,0.6,2.0,0.29999999999999993,3,10,100,6.99020017001505,7.294404453194396,0.6
19,0.7342294502755091,0.6,0.6,0.5,0.22084997231960565,5,10,69,3.0,4.342031674586511,0.8519677740640877
20,0.7422513866618251,0.6,0.6,0.5,0.29999999999999993,5,10,100,3.0,10.0,0.6
21,0.714312808166399,0.6,0.6,0.5,0.29999999999999993,5,10,100,10.0,10.0,0.95
22,0.7343632587918222,1.0,0.896914056786485,1.6881308175073124,0.18017046115024585,5,10,100,3.0,5.5625901030463485,0.6
23,0.6664866885120857,0.6357256990867156,0.6,1.9717232970163145,0.11484873830826386,5,20,59,3.0,3.0,0.6385007539968038
24,0.725638432296249,0.9297025874553642,0.898495868199573,2.0,0.2290614037004437,5,10,100,3.994257154899415,10.0,0.95
25,0.7097007315413411,0.785342299004089,0.6,1.123581170422348,0.08018097075434663,5,10,97,10.0,4.744906022788159,0.7900097273784169
26,0.7455263143363015,0.6448569210619137,0.6,0.5,0.1656831375423487,5,10,89,5.420831363249216,3.0,0.7112382753110922
27,0.4107832491169029,0.9009535996761999,0.6,0.9851866039319102,0.01,3,10,70,10.0,5.425087590438363,0.7985738074973443
28,0.7405286080190889,1.0,0.6,0.5,0.17420831616017066,5,10,100,4.459869414040776,3.0,0.7584364643999453
29,0.7203704428555945,0.7402991803507933,0.6528822492871242,0.51229465469317,0.2064879914449114,5,10,92,8.567696364318707,3.876400189413798,0.6971418532528435
30,0.7244123538856557,0.6,0.6,0.7492830948319475,0.1477840068467366,5,10,100,6.627653011537579,5.644825963670551,0.6139362707362385
31,0.7257187925348213,1.0,0.6,2.0,0.29999999999999993,5,14,100,3.0,3.0,0.6
32,0.7323224956082904,0.9571846006020144,0.6,0.5,0.21162378274951893,4,10,100,3.0,3.0,0.708836223405173
33,0.6430791060076241,0.6747741044133927,0.7497531685528052,0.5723877844564053,0.040887625889052134,5,20,100,10.0,3.0,0.6327530904655398
34,0.7180425308308287,0.6,0.6,1.9969024906389712,0.11760409758130348,5,13,100,3.0,3.0,0.6
35,0.6528362029525161,0.6,0.6,0.5,0.29999999999999993,5,20,100,10.0,3.0,0.6
36,0.7264174759326416,0.6,0.6,2.0,0.16104531186635349,5,15,100,3.0,3.0,0.95
37,0.7385850327495191,0.6,0.95,2.0,0.29999999999999993,5,10,100,3.0,3.0,0.7291859145535997
38,0.7293526350708349,1.0,0.6,2.0,0.29999999999999993,5,10,78,3.0,10.0,0.95
39,0.7043260294289551,0.6511720873990965,0.6513828724628662,1.9547121141360062,0.12643571351873895,5,20,71,9.478402677806741,3.2589150161560796,0.9304740778442409
40,0.7219371449866012,0.6464622414675595,0.703428773257492,1.640858934798293,0.2929752019478621,3,15,79,4.188180613835931,7.553196916946871,0.9246970828444868
41,0.7173221549487325,1.0,0.6,2.0,0.12241240352539721,5,10,81,5.913766024739955,3.0,0.8722457149380727
42,0.7152080378542804,0.6,0.6,0.5,0.10325747304517038,5,15,100,10.0,3.0,0.8832400710488162
43,0.6986058695192462,0.6200692696850861,0.6974102424775316,1.1751450723183607,0.05158486242098696,3,20,97,4.125836961506398,4.283576100574521,0.9267916337568711
44,0.7397090772727632,1.0,0.6,0.5,0.29999999999999993,5,12,100,3.0,10.0,0.7758667883753123
45,0.739909739895767,0.6,0.6,0.5,0.2040735312558361,5,10,100,3.0,10.0,0.7266921480248276
46,0.3631946180306079,0.6866650265159392,0.6005197861136051,1.8709624051620195,0.012060190906890965,3,20,58,7.222387550303715,9.674557151169955,0.9483788381904992
47,0.7197303076802936,1.0,0.95,0.5,0.04769779059616107,5,10,100,3.0,3.0,0.95
48,0.744650993274522,0.6257855469374147,0.95,0.5,0.1323558116080142,5,10,100,3.0,9.270163404147807,0.7412974610233674
49,0.7373506979282656,1.0,0.95,0.5,0.13862414990394112,5,10,100,3.0,3.0,0.7395531962093829
50,0.7306858849818287,1.0,0.6,2.0,0.29999999999999993,5,10,100,3.0,10.0,0.6729178237871472
51,0.7328375543825145,0.6,0.95,1.6076788235686883,0.16254057723065263,5,10,100,3.0,3.0,0.7481968435569173
52,0.7292609683332962,1.0,0.6,0.5,0.29999999999999993,3,10,50,3.0,3.0,0.80161671743348
53,0.7340410580689299,0.6,0.95,0.5,0.12865523135088588,5,20,100,3.0,3.0,0.95
54,0.705973890980255,0.6,0.95,0.5,0.29999999999999993,5,10,50,10.0,3.0,0.95
55,0.7327330933222533,1.0,0.6,0.5,0.20275374316444322,5,20,100,3.0,3.0,0.95
56,0.7246404049916365,0.9873462671937328,0.6,0.5,0.08071050718785286,5,10,100,3.0,10.0,0.95
57,0.7338621988151085,1.0,0.95,0.5,0.29999999999999993,5,10,100,3.0,3.0,0.8683946743707011
58,0.7142261313808487,1.0,0.95,0.5,0.056227162873248034,5,10,100,3.0,10.0,0.8092985429824756
59,0.7379123261611542,1.0,0.6,0.5,0.15054121474423665,5,10,100,3.0,10.0,0.7515890299322671
60,0.7452613289852128,0.6,0.6,0.5,0.15202440511247237,5,10,100,3.0,3.0,0.7259863441369916
61,0.7388238692283207,1.0,0.6,0.5,0.14721339350919496,5,10,100,3.0,3.0,0.7186814926890033
62,0.7324473583822518,0.6,0.6,0.5,0.15929617409680388,5,13,100,3.0,10.0,0.7932573180640508
63,0.7168948300763507,0.6,0.6,0.5,0.16506238170520304,3,10,50,3.0,3.0,0.6
64,0.6627915614601556,0.8243932295210656,0.6896908436513877,0.5764587316228963,0.022188995436393265,3,10,99,3.4550366481625336,3.8732567874302597,0.6178005305704293
65,0.7258806041712008,0.7952293518497294,0.7155304218581209,1.170590013865672,0.19700207669481143,3,20,53,3.653040053822023,5.522827516226636,0.9445052786263145
66,0.740614168772807,0.6,0.95,0.5,0.29999999999999993,5,10,100,3.0,3.0,0.6
67,0.7107685773791694,0.8610307286137873,0.6199488713796995,0.6350737584408134,0.06871280308820345,3,10,96,3.263637813538836,8.121593711842596,0.605108226869426
68,0.7422403868818016,0.6,0.95,0.5,0.29999999999999993,5,10,100,3.0,10.0,0.6
69,0.7217807204668373,0.6,0.95,0.5,0.29999999999999993,5,10,100,3.0,3.0,0.6832044420324147
70,0.7392550035203733,1.0,0.6,0.5,0.19305844557299726,5,10,100,3.0,3.0,0.8174937582525407
71,0.7392183477699421,1.0,0.6,0.5,0.1298456601089909,5,10,100,3.0,3.0,0.7142636156746434
72,0.7326983538851634,1.0,0.6,2.0,0.2296440059600621,5,10,100,3.0,9.553075993155144,0.6
73,0.7420200896931797,1.0,0.6178325282268005,0.5,0.15513678876964998,3,10,100,3.0,10.0,0.7656592658874979
74,0.739189223029934,0.6,0.6,0.5,0.14316547797955456,5,10,100,3.0,10.0,0.7244349414863365
75,0.738054434862719,0.6,0.6,0.5,0.21469310671611258,5,10,100,3.0,10.0,0.8190625886639442
76,0.708204226401766,0.7924717343061801,0.8368318774717409,1.6819413856436307,0.21385791392209438,3,20,99,3.090318999688245,3.5950516143079128,0.8223283825450733
77,0.7325880517509746,1.0,0.95,0.5,0.15880614741868324,5,10,100,3.0,10.0,0.7206934932782099
78,0.7418236764183347,0.6,0.6,0.5,0.13761532685168662,3,10,100,3.0,3.0,0.7584097144579266
79,0.7420881989538411,0.6,0.6,0.5,0.14904135787600523,5,10,100,3.0,3.0,0.7830690969749412
80,0.7085588042411752,0.9977872413480828,0.9322846744977387,0.6863790132432928,0.08748210632448722,5,19,81,4.03740596517774,6.903918509350884,0.9483159459447027
81,0.745078534759166,1.0,0.6,0.5,0.1437451217849917,5,10,100,3.0,3.0,0.7967529106545818
82,0.7511353831351113,0.6,0.6,0.5,0.12924582257375394,5,10,100,3.0,3.0,0.7915453249747524
83,0.7361523472965381,0.6,0.6132738996632406,0.5,0.11146595616436719,5,10,100,3.0,3.389864129026781,0.8012296011834737
84,0.737049682696619,0.6,0.6,0.5,0.1470054161760685,5,10,100,3.0,10.0,0.8127751589987753
85,0.7506956181301676,0.6,0.6,0.5,0.14294817382802255,5,10,100,3.0,3.0,0.7894952692126176
86,0.7422441183032524,1.0,0.6,0.5,0.14436184374216368,5,10,100,3.0,3.0,0.8059240714737889
87,0.7491012126434287,0.6,0.6,0.5,0.136659923528632,3,10,100,3.0,3.2188252576045775,0.779026324066449
88,0.7600524440223424,0.6,0.6,0.5,0.14306868996475647,4,10,100,3.0,3.0,0.7949968736483058
89,0.746008482488325,0.6,0.6,0.5,0.13960153886658064,3,10,100,3.0,3.0,0.7970824536926665
90,0.7457272066542675,0.6,0.6,0.5,0.13968520848954538,3,10,100,3.0,3.0,0.7973298104012375
91,0.7414005081126456,0.817722465456531,0.6,0.5,0.1387827271187558,3,10,100,3.0,3.0,0.8002996839838261
92,0.7500247418216877,0.6,0.6,0.5,0.14579404918570402,5,10,100,3.0,3.0,0.806433044627494
93,0.46361485977505207,0.8527696239927172,0.6912272627662729,1.5803216585978745,0.011292037138904793,3,19,90,4.14348343267068,3.994284276980987,0.6080113394186926
94,0.7549456939201308,0.6,0.6,0.5,0.14693248537872244,5,10,100,3.0,3.0,0.8082243586967165
95,0.7387952491075588,0.6,0.6,0.5,0.1518817767571701,5,10,100,3.0,3.0,0.8205378439043352
96,0.7516780921595888,0.6,0.6,0.5,0.14084315595158098,5,10,100,3.0,3.0,0.7981818422377037
97,0.7507379216154083,0.6,0.6,0.5,0.13470926054462953,4,10,100,3.0,3.0,0.788582461940864
98,0.743340542899403,0.6,0.6,0.5,0.13105525251526703,4,10,100,3.0,3.0,0.7867709214956949
99,0.7505264615031216,0.6,0.6,0.5,0.12932121675981123,5,10,100,3.0,3.0,0.7755032032334725
100,0.758446424433109,0.6,0.6,0.5,0.12977517924722917,5,10,100,3.0,3.0,0.7461282950234148
101,0.7448355283037811,0.6,0.6,0.5,0.1239813061520749,5,10,100,3.0,3.0,0.7618221868466918
102,0.7425826383504944,0.6,0.6,0.5,0.12801912652188255,3,10,100,3.0,3.0,0.7640916929898818
103,0.7492801539684948,0.6311751583009186,0.6,0.5,0.12565415154273496,5,10,100,3.0,3.0,0.7755956527397153
104,0.7465122050967326,0.6,0.6,0.5,0.13153262562008317,5,10,100,3.0,3.0,0.7784087387955116
105,0.7488618351148695,0.6,0.6,0.5,0.1336128537246926,5,10,100,3.0,3.0,0.7817501221952758
106,0.746073226763224,0.6,0.6,0.5,0.13386030081096867,5,10,100,3.0,3.0,0.782840890445604
107,0.744244353007596,0.6,0.6,0.5,0.1363881991098337,5,10,100,3.0,3.0,0.7867200088424864
108,0.7452461925454555,0.6,0.6,0.5,0.1383437926689114,5,10,100,3.0,3.0,0.7894048100672701
