iteration,r2_score,reg__colsample_bytree,reg__gamma,reg__learning_rate,reg__max_depth,reg__min_child_weight,reg__n_estimators,reg__reg_alpha,reg__reg_lambda,reg__subsample
1,0.5560746030204451,0.9767257370670852,6.2965277224214535,0.0015231143285507258,6,8,948,2.311106649137908,5.452520779828543,0.6665436495542307
2,0.5307686492719044,0.6526210300281013,2.7156923904369563,0.0024286891141470277,8,9,723,7.763963796914658,8.345589634581673,0.6620667473549529
3,0.5815789811619622,0.6257372620182412,6.903639498721178,0.002120880943200997,3,3,716,7.807762545634798,3.865068487239295,0.7075223893124016
4,0.6803647039194776,0.7306862765274604,8.612812722745645,0.029244297723335075,3,5,316,9.129460117816606,1.1788519821326662,0.8876143351691062
5,0.21508733905751543,0.9406378794839951,0.12769311527453311,0.0012833833118571728,7,2,254,1.6301562307321051,4.220623288364695,0.7028489496362561
6,0.6150979438348123,0.8766362877417055,9.380987052667015,0.008975413166087748,6,8,318,8.94040854424637,2.8223537822280824,0.5280004839797341
7,0.6806083999885294,0.967017968945318,3.2460478272267927,0.025758590586714373,4,4,633,2.446906370938837,1.6630480497134161,0.8151273895777682
8,0.685413122753048,0.9934024330333532,0.33065917756939905,0.32675577208369677,6,1,891,1.5033766155417974,7.0632330870412074,0.527349915783572
9,0.6129037273990194,0.8638071148774533,9.19087416271264,0.0018365857748677053,7,7,903,4.237078642586609,2.822761629103254,0.9430453595515915
10,0.6927115433061726,0.7064017215309855,0.04758684270705361,0.24865417801819298,7,2,899,1.593939846282081,0.118541998299907,0.5280131716987368
11,0.6708224317160024,0.5,8.171828648436689,0.0418263056293643,2,1,626,8.879803621695077,0.0,1.0
12,0.6353577689740939,0.7335793247346258,0.0,0.30799538548359495,7,10,100,0.0,0.0,0.8483890477662324
13,0.6652644094710404,1.0,10.0,0.038886200764109896,2,10,1000,0.0,0.0,0.5
14,0.5122722961501809,0.5,10.0,1.0,8,10,100,10.0,0.0,0.5
15,0.7333196358539849,0.9415649641369969,0.0,0.028179165385859517,2,1,1000,10.0,10.0,0.5
16,0.6629771113873337,0.7321461105915361,10.0,0.00784969694765058,2,1,1000,10.0,8.852522209225048,0.5
17,0.7079464992274145,1.0,0.0,0.049685667341202625,2,10,1000,8.706320393418746,10.0,1.0
18,0.7474602706876393,0.8768530474079286,0.0,0.10502131016958206,2,3,506,10.0,10.0,0.5
19,0.45433538065983176,0.5,10.0,1.0,2,1,1000,10.0,0.0,0.5
20,0.7020606389937531,1.0,0.0,0.06573625019614869,4,2,100,10.0,10.0,0.5
21,0.7246536308823386,0.9169894977884516,0.0,0.053528486279844946,8,10,645,10.0,10.0,0.5
22,0.6856827155097878,1.0,3.9115541479311036,0.10419663414491084,2,6,275,10.0,9.474214988249294,0.5
23,0.6919761928312497,0.89650349173146,10.0,0.06360398326830224,2,1,100,0.0,10.0,0.7391994626045336
24,0.7792877181142877,0.8541601902435201,0.0,0.09872249443947073,8,1,785,10.0,5.988908757782837,0.5
25,0.7335188797135992,1.0,0.0,0.16453363819784275,8,1,1000,10.0,1.6117097070453779,0.5
26,0.7772092700849439,0.5738015404443201,0.0,0.045819927820968664,8,1,1000,10.0,10.0,0.5
27,0.7181129358320805,0.6606564730228504,0.0,1.0,3,1,100,3.519784117052756,10.0,0.5
28,0.7735514770299138,0.7603650826849895,0.0,0.0705999955658998,8,1,1000,7.954308731811363,10.0,0.5
29,0.7725960052884354,0.5,0.0,0.0638867149184686,8,1,538,10.0,9.346867552686165,0.5
30,0.7006012893042721,0.8556805378970342,0.0,0.07152375484343822,8,1,717,1.136907381047876,2.520198673162727,1.0
31,0.7740127797969609,0.5,0.0,0.06745511907466127,8,1,834,10.0,10.0,0.5
32,0.7373982220216357,0.5,0.0,0.42602935074032433,8,1,100,10.0,10.0,0.5907181902137084
33,0.71165013109304,0.5,2.11339412693842,0.04126986133017874,8,1,1000,8.77564541361478,2.8619023817741143,1.0
34,0.7686179994228419,0.5,0.0,0.07207705159979212,8,1,1000,10.0,6.418856872979612,0.5
35,0.7354021249326779,1.0,0.0,0.12501496387276648,8,1,533,0.0,10.0,0.5
36,0.651862829519884,0.8968793665368504,6.602919896950797,0.011032822919970571,8,10,1000,10.0,3.5211856818709784,1.0
37,0.7228857741050897,0.5,0.0,0.03400285353702248,2,10,1000,4.5699142112134385,0.0,0.5
38,0.7301881883679093,0.5361711511970193,5.2171087391613025,0.031618000901744575,4,4,136,0.8979650614098112,0.3013814158394102,0.506194127266841
39,0.7374737734687473,0.5,0.0,0.10908302094152823,8,1,100,10.0,10.0,0.5
40,0.7517655062923719,0.5,2.309389539613493,0.05407251787549852,5,1,753,10.0,10.0,0.5
41,0.6401321362334691,0.5,10.0,0.005083920872019094,8,10,1000,0.0,10.0,0.5
42,0.7275680484615044,0.5058805590266292,0.2867808097425703,0.9633542436815411,8,4,726,3.694221415849906,3.1094171391819008,0.9799637273824677
43,0.7385810031422005,0.5,0.0,1.0,8,1,707,10.0,10.0,0.5
44,0.714306618622594,0.5,0.0,1.0,8,1,252,10.0,10.0,1.0
45,0.7302406118129262,1.0,0.0,1.0,8,1,1000,10.0,10.0,1.0
46,0.6866565487693407,0.5,0.0,1.0,8,10,1000,10.0,10.0,0.5
47,0.7128820090858133,0.5282937587971656,7.77305890280485,0.03339239531787921,4,1,434,9.287063065840998,5.847696415486471,0.5457847559733269
48,0.7429138448156127,1.0,0.0,0.05930520837616152,8,1,1000,10.0,0.0,0.5
49,0.7729931195485145,0.5,0.0,0.09851732768448465,8,1,846,10.0,10.0,0.5
50,0.7549343367591316,0.5,0.0,0.055030037077963306,6,1,1000,0.0,10.0,0.5
51,0.6411677788480804,0.5,10.0,0.02663713832462604,7,1,100,0.0,10.0,0.5
52,0.7366341022196095,0.5,2.747242975928704,1.0,8,1,100,10.0,10.0,0.5
53,0.6779231336796347,0.5,2.4281863749736012,1.0,8,1,1000,10.0,10.0,1.0
54,0.6782326219800764,0.5,6.774140559989491,0.0755742513353958,7,1,100,10.0,10.0,0.5
55,0.7249087823382554,0.5,4.063820669252777,0.01877703864292983,8,1,1000,10.0,10.0,0.5
56,0.7626671017974369,0.5,0.6865892428514399,0.0770482025178077,7,1,762,10.0,10.0,0.5
57,0.5663884929576913,0.5,4.453883624717694,0.021395349508086095,8,1,100,10.0,10.0,0.5
58,0.7552550056039652,0.5415976036152395,0.0,0.09212159101981689,8,1,501,10.0,2.348308530371526,0.5
59,0.6548197863739693,1.0,0.0,1.0,8,1,921,10.0,0.0,0.5
60,0.7222087179583857,0.5,10.0,0.04932396830466598,8,1,100,0.0,0.0,0.5
61,0.7114234289741292,0.5362842893135377,0.0,0.07215615846992102,2,1,100,0.0,0.0,0.5
62,0.7397140446660032,0.5,4.2031430095778815,0.04774646086994067,8,1,585,10.0,0.0,0.5
63,0.7640806667198675,0.5,0.0,0.0636572797843262,8,1,753,10.0,6.174869913106419,0.5
64,0.7405445880740327,0.5,0.0,0.15501113932805977,8,1,1000,10.0,10.0,1.0
65,0.7170838494306897,0.5,10.0,0.05584753303728551,8,1,1000,10.0,10.0,0.5
66,0.7722766986533122,0.5,0.0,0.07590519203019674,8,1,1000,10.0,10.0,0.5
67,0.7045580514726191,0.5,10.0,0.03584783453492881,8,1,1000,0.0,10.0,1.0
68,0.7226806001104392,1.0,0.0,1.0,8,10,714,10.0,10.0,1.0
69,0.759773265651612,0.5,0.0,0.013692877228020168,8,1,1000,10.0,0.0,0.5
70,0.7488150316427322,0.5,5.217214868901321,0.008074901239791151,8,1,1000,0.0,0.0,0.5
71,0.6695082652383519,0.5,10.0,0.004922448432099622,2,1,1000,10.0,0.0,0.5
72,0.7419892126430708,0.5,3.2541809230220586,0.01812646106083249,8,1,1000,0.0,0.0,0.5
73,0.762014832029067,0.5,0.0,0.007252426909910456,8,1,1000,0.0,0.0,0.5
74,0.7753398732441136,0.5,0.0,0.0626580679009317,8,1,1000,10.0,10.0,0.5
75,0.7380605011117224,0.5,0.0,0.006174674324808259,8,1,1000,10.0,0.0,1.0
76,0.6599712477210515,0.5,1.3300245753845419,0.006263120153085398,2,10,1000,10.0,0.0,0.5
77,0.6812604133989923,1.0,10.0,0.010019189577343726,8,1,705,0.0,0.0,0.5
78,0.7579472546621553,0.7017157113683301,0.0,0.18287782649408757,8,1,698,10.0,4.6429537606479325,0.5
79,0.7397431405870175,0.7980606458823143,0.0,0.10672799451096406,8,10,1000,10.0,10.0,0.5
80,0.743820873316191,0.6866846744484655,0.0,0.04091186178831755,8,10,271,0.0,0.0,0.5
81,0.7661788081616538,1.0,0.0,0.11146832639960717,8,1,607,10.0,10.0,0.5
82,0.7772854555907831,0.8789407611826627,0.0,0.14347977819969496,8,1,100,0.0,10.0,0.5
83,0.7498979008777316,1.0,0.0,0.07369755843883947,8,1,276,0.0,10.0,0.5
84,0.7564905100007439,0.6753537612092219,0.0,0.03273811070011426,8,1,427,10.0,0.0,0.5
85,0.6780058975619463,1.0,10.0,1.0,8,1,100,0.0,10.0,1.0
86,0.7464779453291056,0.5,0.0,0.14043960828974134,8,10,100,0.0,10.0,0.5
87,0.639709850552682,0.8079427116268381,0.0,1.0,8,1,487,0.0,10.0,0.5
88,0.6757967492666273,0.96609478759732,0.0,1.0,8,1,643,10.0,0.040074004877695774,1.0
89,0.7487879826676397,1.0,0.0,0.11550548925927502,8,1,100,0.0,7.595744951176682,0.5429244821040466
90,0.7521094963703021,0.5,0.0,0.03314932228214541,8,1,424,0.0,0.0,0.5
91,0.7309444009786998,0.5470005536575188,0.0,0.11043753869657649,8,10,786,10.0,0.0,0.5
92,0.7426421782320337,0.5,0.0,0.16231736011553838,5,1,100,0.0,10.0,1.0
93,0.7629300251568389,1.0,0.0,0.07566109767197794,8,1,568,10.0,6.575550906364889,0.5
94,0.7713518766844237,0.5,0.0,0.10835077049461445,8,1,856,10.0,6.622068953759193,0.5
95,0.767056431690055,1.0,0.0,0.08673938155607473,8,1,870,10.0,10.0,0.5
96,0.757649118037251,0.5,0.0,0.10906981700559606,8,1,301,0.0,10.0,0.5
97,0.7747483059973116,0.5,0.0,0.043927221456727075,8,1,1000,5.564296569293671,10.0,0.5
98,0.7449131405345751,0.5,0.0,0.008958933672279904,8,1,1000,0.0,0.0,1.0
99,0.7688340039531767,0.5,0.0,0.0216861505086918,8,1,1000,0.0,10.0,0.5
100,0.7688293556828905,0.5,0.0,0.16018591283633718,8,1,100,0.0,10.0,0.5
